# Uzbek root lexicon, keyed on the Layer 1 search key.
# GENERATED from UzbekLemmaStems-POS-Dataset (Apache-2.0). Do not hand-edit.
# A root may carry several parts of speech; all are listed. X means the
# source gives none, in which case the analyzer applies no POS constraint.
# key<TAB>pos[,pos...]
a	INTJ
a-ha	INTJ
aartsen	NOUN
abad	ADJ,NOUN,VERB
abadiy	ADJ,NOUN,VERB
abadiya	NOUN
abadiyan	NOUN
abadiyat	NOUN
abadiylaş	VERB
abadiylaştir	VERB
abadiylaştiril	VERB
abadiylik	NOUN
abadiyon	ADV
abadjon	NOUN
abajur	NOUN
abakan	NOUN
abas	NOUN
abay	NOUN
abazovic	NOUN
abbat	NOUN
abberviatura	NOUN
abbeville	NOUN
abbey	NOUN
abbos	NOUN
abbosiy	NOUN
abbosiylar	NOUN
abdal	NOUN
abdennanov	NOUN
abdennanova	NOUN
abdi	NOUN
abdllah	NOUN
abdol	NOUN
abdolniyoz	NOUN
abdu	NOUN
abduahad	NOUN
abduali	NOUN
abdualim	NOUN
abduazim	NOUN
abduaziz	NOUN
abdubaşar	NOUN
abdubois	NOUN
abduboqi	NOUN
abduboriy	NOUN
abdubosit	NOUN
abdubotir	NOUN
abdufadil	NOUN
abdufarmon	NOUN
abdufattoh	NOUN
abdufayyod	NOUN
abdufayz	NOUN
abdufozil	NOUN
abdugaffor	NOUN
abdugafur	NOUN
abdugani	NOUN
abdugoyib	NOUN
abdugozi	NOUN
abdugulom	NOUN
abduhafiz	NOUN
abduhakim	NOUN
abduhalim	NOUN
abduhamid	NOUN
abduhanif	NOUN
abduhasan	NOUN
abduhayot	NOUN
abduhodi	NOUN
abduhoşim	NOUN
abduhusayn	NOUN
abdujabbor	NOUN
abdujalil	NOUN
abdujalol	NOUN
abdujamil	NOUN
abdujamol	NOUN
abdujannat	NOUN
abdukabir	NOUN
abdukamol	NOUN
abdukarim	NOUN
abdukomil	NOUN
abdul	NOUN
abdulafat	NOUN
abdulahad	NOUN
abdulali	NOUN
abdulamin	NOUN
abdulatif	NOUN
abdulayev	NOUN
abdulayeva	NOUN
abdulazal	NOUN
abdulazim	NOUN
abdulaziz	NOUN
abdulbasir	NOUN
abdulboqi	NOUN
abdulbori	NOUN
abdulboriy	NOUN
abdulbosit	NOUN
abdulfattoh	NOUN
abdulfayz	NOUN
abdulforix	NOUN
abdulgaffor	NOUN
abdulgafur	NOUN
abdulganiyev	NOUN
abdulganiyeva	NOUN
abdulgiyos	NOUN
abdulgozi	NOUN
abdulhabir	NOUN
abdulhafiz	NOUN
abdulhakim	NOUN
abdulhakimxon	NOUN
abdulhalim	NOUN
abdulhamid	NOUN
abdulhaq	NOUN
abdulhay	NOUN
abdulhayit	NOUN
abdulholiq	NOUN
abdulhujjat	NOUN
abduljami	NOUN
abduljamil	NOUN
abduljavod	NOUN
abdulkabir	NOUN
abdulkarim	NOUN
abdulla	NOUN
abdullatif	NOUN
abdullayev	NOUN
abdullayeva	NOUN
abdulloh	NOUN
abdulmahmud	NOUN
abdulmannon	NOUN
abdulmuttalib	NOUN
abdulnur	NOUN
abdulqahhor	NOUN
abdulqodir	NOUN
abdulqosim	NOUN
abdulquddus	NOUN
abdultohir	NOUN
abdulvadud	NOUN
abdulvali	NOUN
abdulvojid	NOUN
abdulxay	NOUN
abdulxayr	NOUN
abdumajid	NOUN
abdumalik	NOUN
abdumamad	NOUN
abdumannob	NOUN
abdumannof	NOUN
abdumannon	NOUN
abdumannop	NOUN
abdumasih	NOUN
abdumavlon	NOUN
abdumetin	NOUN
abdumomin	NOUN
abdumuhammad	NOUN
abdumuhid	NOUN
abdumujib	NOUN
abdumulk	NOUN
abdumuqtadir	NOUN
abdumurod	NOUN
abdumuso	NOUN
abdumutallib	NOUN
abdumuxtor	NOUN
abdunabi	NOUN
abdunaim	NOUN
abdunaqib	NOUN
abdunasim	NOUN
abdunazar	NOUN
abdunazir	NOUN
abduniyoz	NOUN
abdunosir	NOUN
abdunozir	NOUN
abdunumon	NOUN
abdunur	NOUN
abduomil	NOUN
abdupoşşa	NOUN
abduqahhor	NOUN
abduqayum	NOUN
abduqayyum	NOUN
abduqobil	NOUN
abduqodir	NOUN
abduqosim	NOUN
abduquddus	NOUN
abduqunduz	NOUN
abdurafi	NOUN
abdurafiq	NOUN
abdurahim	NOUN
abdurahmanov	NOUN
abdurahmanova	NOUN
abdurahmat	NOUN
abdurahmon	NOUN
abduraimov	NOUN
abduraimova	NOUN
abduraqib	NOUN
abdurasul	NOUN
abdurauf	NOUN
abduraxmon	NOUN
abdurazzoq	NOUN
abduraşid	NOUN
abdurizo	NOUN
abduroziq	NOUN
abdurrafiq	NOUN
abdurrahim	NOUN
abdurrahman	NOUN
abdurrahmanov	NOUN
abdurrahmanova	NOUN
abdurraşid	NOUN
abdusadr	NOUN
abdusaid	NOUN
abdusalim	NOUN
abdusalom	NOUN
abdusamad	NOUN
abdusami	NOUN
abdusattor	NOUN
abdusayfi	NOUN
abdusayid	NOUN
abdusiddiq	NOUN
abdusoat	NOUN
abdusobir	NOUN
abdusohat	NOUN
abdusohib	NOUN
abdusolih	NOUN
abdusunnat	NOUN
abdutohir	NOUN
abdutolib	NOUN
abduumar	NOUN
abduusmon	NOUN
abduvafo	NOUN
abduvahhob	NOUN
abduvakil	NOUN
abduvali	NOUN
abduvaqqos	NOUN
abduvohid	NOUN
abduvoris	NOUN
abduvosi	NOUN
abduvosid	NOUN
abduvosil	NOUN
abduvosiq	NOUN
abduxabar	NOUN
abduxabir	NOUN
abduxalil	NOUN
abduxalloq	NOUN
abduxannon	NOUN
abduxayr	NOUN
abduxol	NOUN
abduxoliq	NOUN
abduxolis	NOUN
abduxoris	NOUN
abduxorun	NOUN
abduyahyo	NOUN
abduyusuf	NOUN
abduzafar	NOUN
abduzohid	NOUN
abduzohir	NOUN
abduzoir	NOUN
abduzunnun	NOUN
abduşams	NOUN
abduşaraf	NOUN
abduşarif	NOUN
abduşayx	NOUN
abduşer	NOUN
abduşohid	NOUN
abduşokir	NOUN
abduşukur	NOUN
abe	NOUN
aberrasiya	NOUN
aberratsion	NOUN
aberratsiya	NOUN
abgor	ADJ,NOUN,VERB
abgorla	VERB
abgorlan	VERB
abgorlik	NOUN
abhar	NOUN
abhazya	NOUN
abibullayev	NOUN
abibullayeva	NOUN
abihafiz	NOUN
abilov	NOUN
abilova	NOUN
abira	NOUN
abirali	NOUN
abirqul	NOUN
abisov	NOUN
abisova	NOUN
abisovic	NOUN
abiturient	NOUN
abiya	NOUN
abiyev	NOUN
abiyeva	NOUN
abiyotar	NOUN
abizov	NOUN
abizova	NOUN
abjad	NOUN
abjadxon	NOUN
abjadxonlik	NOUN
abjaq	NOUN,VERB
abjaqla	VERB
abjaqlan	VERB
abjir	ADJ,NOUN,VERB
abjirla	VERB
abjirlan	VERB
abjirlaş	VERB
abjirlik	NOUN
abjoş	NOUN
abjoşi	ADJ
abkadirov	NOUN
abkadirova	NOUN
ablah	ADJ,ADV,NOUN,VERB
ablahlarca	ADV,NOUN
ablahlaş	VERB
ablahlik	NOUN
ablalimov	NOUN
ablalimova	NOUN
ablamitov	NOUN
ablamitova	NOUN
ablaq	NOUN
ablatipov	NOUN
ablatipova	NOUN
ablayev	NOUN
ablazov	NOUN
ablazova	NOUN
ablet	NOUN
ablezgov	NOUN
ablezgova	NOUN
ableş	NOUN
ablimit	NOUN
abliz	NOUN
abnor	NOUN
abo	NOUN
abobakir	NOUN
abobaşir	NOUN
abonement	NOUN
abonent	NOUN
aborigen	NOUN
abort	NOUN
abortiv	NOUN
abr	NOUN
abramovic	NOUN
abrasevic	NOUN
abraziv	NOUN
abrband	NOUN
abrbandci	NOUN
abrinur	NOUN
abrişim	NOUN
abro	NOUN
abrokamon	NOUN
abror	NOUN
abruzzo	NOUN
absalamov	NOUN
absalamova	NOUN
abselamov	NOUN
abselamova	NOUN
absolut	NOUN
absolyutizm	NOUN
absorb	VERB
absorbla	VERB
abssess	NOUN
abssissa	NOUN
abstraksionizm	NOUN
abstraksiya	NOUN
abstrakt	NOUN,VERB
abstraktla	VERB
abstraktlan	VERB
abstraktlaş	VERB
abstraktlaştir	VERB
abstraktlaştiril	VERB
abstraktlik	NOUN
abu	NOUN
abuali	NOUN
abubakir	NOUN
abubakr	NOUN
abuhanifa	NOUN
abuhasan	NOUN
abuja	NOUN
abulabbos	NOUN
abulalo	NOUN
abulaziz	NOUN
abulfadl	NOUN
abulfaraj	NOUN
abulfath	NOUN
abulfattoh	NOUN
abulfavoris	NOUN
abulfayd	NOUN
abulfayz	NOUN
abulfazl	NOUN
abulfido	NOUN
abulgozi	NOUN
abulhakim	NOUN
abulhamid	NOUN
abulhasan	NOUN
abulhodi	NOUN
abulhoşim	NOUN
abulhusayn	NOUN
abulkalom	NOUN
abulmakorim	NOUN
abulmalih	NOUN
abulmalik	NOUN
abulmuhammad	NOUN
abulmuhsim	NOUN
abulmuzaffar	NOUN
abulqosim	NOUN
abulsaid	NOUN
abulxair	NOUN
abulxayr	NOUN
abulxoris	NOUN
abumalak	NOUN
abumansur	NOUN
abumuhammad	NOUN
abumuslim	NOUN
abumuxtor	NOUN
abumuzaffar	NOUN
abunasim	NOUN
abunasr	NOUN
aburizo	NOUN
abusafo	NOUN
abusaid	NOUN
abusalomt	NOUN
abusobit	NOUN
abutolib	NOUN
abuturob	NOUN
abuyazid	NOUN
abuyusuf	NOUN
abuzar	NOUN
abuzayd	NOUN
abuşijo	NOUN
abvduvosid	NOUN
abxaz	NOUN
abxazca	VERB
abxazcala	VERB
abxaziya	NOUN
abyot	NOUN
abzal	NOUN,VERB
abzalla	VERB
abzallan	VERB
abzas	NOUN
abzats	NOUN
aca	NOUN
acagul	NOUN
acamaston	NOUN
acamayll	NOUN
acambiti	NOUN
acaniso	NOUN
acaqiz	NOUN
acaqizlar	NOUN
acasanam	NOUN
acci	ADJ,NOUN
acciq	ADJ,NOUN,VERB
acciq-cucuk	ADJ
acciqla	VERB
acciqlan	VERB
acciqlaş	VERB
acciqlik	NOUN
acciqmagiz	NOUN
acciqmiya	NOUN
acciqroq	ADJ
acciqtoş	NOUN
aci	ADJ,NOUN,VERB
aciin	VERB
acimambetov	NOUN
acimambetova	NOUN
acimovic	NOUN
acimsiq	ADJ,NOUN
acimsiqlik	NOUN
acin	ADJ,VERB
acinarli	ADJ
acinqira	VERB
acintir	VERB
acipti	NOUN
acit	NOUN,VERB
acitma	NOUN
acitqi	NOUN
acittir	VERB
aciş	VERB
aciştir	VERB
acom	NOUN,VERB
acomla	VERB
acomlaş	VERB
acomlaşiş	VERB
ad	NOUN
ada	NOUN
adab	ADJ,NOUN
adabcilik	NOUN
adabgar	NOUN
adabgarcilik	NOUN
adabiy	NOUN,VERB
adabiya	NOUN
adabiylaş	VERB
adabiylaştir	VERB
adabiyot	NOUN
adabiyotci	NOUN
adabiyotcilik	NOUN
adabiyotşunos	NOUN
adabiyotşunoslik	NOUN
adablik	NOUN
adabsiz	NOUN,VERB
adabsizlan	VERB
adabsizlik	NOUN
adabtasiya	NOUN
adad	NOUN
adagamov	NOUN
adagamova	NOUN
adalet	NOUN
adam	NOUN
adamovic	NOUN
adana	NOUN
adanaspor	NOUN
adaptatsiya	NOUN,VERB
adaptatsiyala	VERB
aday	NOUN
adaş	NOUN,VERB
adaşali	NOUN
adaşib-uloq	VERB
adaşmurod	NOUN
adaştir	VERB
adaştiril	VERB
adaşxol	NOUN
addoiy	NOUN
adekvat	ADJ,NOUN
adekvatlik	NOUN
adelayd	NOUN
aden	NOUN
adenoma	NOUN
ades	NOUN
adham	NOUN
adib	NOUN
adiba	NOUN
adiblik	NOUN
adida	NOUN
adige	NOUN
adigey	NOUN
adil	NOUN
adillik	NOUN
adilov	NOUN
adilova	NOUN
adinamiya	NOUN
adip	NOUN,VERB
adipla	VERB
adiplat	VERB
adir	NOUN
adirali	NOUN
adirli	NOUN
adirlik	NOUN
adiyaman	NOUN
adiz	NOUN
adl	NOUN
adlesic	NOUN
adlin	NOUN
adliya	NOUN
adlkomron	NOUN
administrasiya	NOUN
administrativ	NOUN
administrator	NOUN
administratorlik	NOUN
administratsiya	NOUN
admiral	NOUN
admirallik	NOUN
adnan	NOUN
adno	NOUN
adnona	NOUN
ado	NOUN
adolat	ADJ,NOUN
adolatli	ADJ
adolatparvar	NOUN
adolatparvarlik	NOUN
adolatsiz	NOUN
adolatsizlik	NOUN
adoniya	NOUN
adoq	NOUN,VERB
adoqla	VERB
adovat	NOUN
adovatci	NOUN
adovatcilik	NOUN
adovatsiz	NOUN
adovatsizlik	NOUN
adoyi	NOUN
adras	NOUN
adrasman	NOUN
adres	NOUN,VERB
adresant	NOUN
adresat	NOUN
adresla	VERB
adreslan	VERB
adrian	NOUN
adriyatik	NOUN
adsorb	VERB
adsorbla	VERB
adsorbsiya	NOUN
aduv	NOUN
aduvlik	NOUN
advokat	NOUN
advokatlik	NOUN
advokatura	NOUN
adyol	NOUN
adyunktura	NOUN
adyutant	NOUN
adzic	NOUN
aero	NOUN
aerobika	NOUN
aerocana	NOUN
aerodinamik	NOUN
aerodinamika	NOUN
aerodrom	NOUN
aeroflot	NOUN
aeroflotskiy	NOUN
aerofotosyomka	NOUN
aeroklub	NOUN
aeromexanika	NOUN
aeronavigatsiya	NOUN
aeroplan	NOUN
aeroport	NOUN
aerostat	NOUN
aerostatika	NOUN
aerosyomka	NOUN
aeroterapiya	NOUN
aerovokzal	NOUN
afanasyev	NOUN
afanasyeva	NOUN
afandi	NOUN
afandixon	NOUN
affekt	NOUN
affiks	NOUN
affon	NOUN
afgon	NOUN
afgonboy	NOUN
afgonca	VERB
afgoncala	VERB
afgoniston	NOUN
afhamulla	NOUN
afif	NOUN
afifa	NOUN
afina	NOUN
afişa	NOUN
afkor	NOUN
aflotun	NOUN
afnan	NOUN
aforist	NOUN
aforistlik	NOUN
aforizm	NOUN
afrida	NOUN
afridun	NOUN
afrika	NOUN
afrikalik	NOUN
afrin	NOUN
afrina	NOUN
afrosiyob	NOUN
afroz	NOUN
afroza	NOUN
afruz	NOUN
afruza	NOUN
afsah	NOUN
afsar	NOUN
afsona	ADJ,NOUN
afsonaci	NOUN
afsonaviy	ADJ
afsun	NOUN
afsunci	NOUN
afsungar	NOUN
afsungarlik	NOUN
afsunkor	NOUN
afsus	INTJ,NOUN,PRT,VERB
afsuski	INTJ
afsuslan	VERB
aft	NOUN
aftidan	PRT
aftoda	NOUN
aftodaxo	NOUN
aftondil	NOUN
afv	NOUN
afyona	NOUN
afyonkarahisar	NOUN
afyun	NOUN
afzal	NOUN
afzaliddin	NOUN
afzalkoriş	NOUN
afzallik	NOUN
afzalulla	NOUN
afzun	NOUN
afzuna	NOUN
afşon	VERB
afşona	NOUN
afşonla	VERB
afşonlan	VERB
agana	VERB
agapov	NOUN
agapova	NOUN
agar	CNJ,NOUN
agarda	CNJ,NOUN
agdar	NOUN,VERB
agdargic	NOUN
agdarma	NOUN
agdart	VERB
agdartir	VERB
agent	NOUN
agentlik	NOUN
agentura	NOUN
ageyev	NOUN
ageyeva	NOUN
aggelopolos	NOUN
agglyutinativ	NOUN
agglyutinatsiya	NOUN
agiator	NOUN
agim	NOUN
agitasiya	NOUN
agitator	NOUN
agitatorlik	NOUN
agitatsion	NOUN
agitatsiya	NOUN
agitpunkt	NOUN
aglyutinasiya	NOUN
agna	VERB
agnat	VERB
agnaş	VERB
agnostik	NOUN
agnostisizm	NOUN
agnostitsizm	NOUN
agnoziya	NOUN
agoniya	NOUN
agotic	NOUN
agrar	NOUN
agrarci	NOUN
agrarnoy	NOUN
agray	NOUN,VERB
agregat	NOUN
agressiv	NOUN
agressivlik	NOUN
agressiya	NOUN
agressiyaci	NOUN
agressiyacilik	NOUN
agressor	NOUN
agressorlik	NOUN
agrikultura	NOUN
agrippa	NOUN
agro	NOUN
agrobilogiya	NOUN
agrobiologik	NOUN
agrobiologiya	NOUN
agrofizika	NOUN
agrokimyo	NOUN
agrokultura	NOUN
agromeliorasiya	NOUN
agromeliorativ	NOUN
agromelioratsiya	NOUN
agrometeorologiya	NOUN
agronom	NOUN
agronomik	NOUN
agronomiya	NOUN
agronomlik	NOUN
agrosanoat	NOUN
agrotexnik	NOUN
agrotexnika	NOUN
agroucastka	NOUN
agyor	NOUN
ah	NOUN
aha	NOUN
ahad	NOUN
ahadqul	NOUN
ahadulla	NOUN
ahamiyat	NOUN
ahamiyatli	NOUN
ahamiyatlilik	NOUN
ahamiyatsiz	NOUN
ahamiyatsizlik	NOUN
ahaz	NOUN
ahaziya	NOUN
ahaşveroş	NOUN
ahbob	NOUN
ahd	NOUN,VERB
ahdiya	NOUN
ahdlaş	NOUN,VERB
ahdlaşuv	NOUN
ahdlaşuvci	NOUN
ahdnoma	NOUN
ahib	NOUN
ahil	NOUN,VERB
ahilci	NOUN
ahilcilik	NOUN
ahililla	NOUN
ahillaş	VERB
ahillik	NOUN
ahkam	NOUN
ahkom	NOUN
ahl	NOUN
ahliddin	NOUN
ahlilulla	NOUN
ahliya	NOUN
ahliyor	NOUN
ahllik	NOUN
ahlulla	NOUN
ahmad	NOUN
ahmadali	NOUN
ahmadbaxş	NOUN
ahmaddiyor	NOUN
ahmadjon	NOUN
ahmadnazar	NOUN
ahmadnor	NOUN
ahmadnur	NOUN
ahmadqobil	NOUN
ahmadqul	NOUN
ahmadulla	NOUN
ahmadvali	NOUN
ahmadyor	NOUN
ahmadşer	NOUN
ahmar	NOUN
ahmariddin	NOUN
ahmetagic	NOUN
ahmetgaliyev	NOUN
ahmetgaliyeva	NOUN
ahmetov	NOUN
ahmetova	NOUN
ahmetşayev	NOUN
ahmetşayeva	NOUN
ahmoq	ADJ,NOUN
ahmoqcilik	NOUN
ahmoqgarcilik	NOUN
ahmoqlik	NOUN
ahmoqonaxato	NOUN
aholi	NOUN
ahror	NOUN
ahrora	NOUN
ahroriddin	NOUN
ahrorqul	NOUN
ahsan	NOUN
ahsanat	NOUN
ahtam	NOUN
ahtemov	NOUN
ahtemova	NOUN
ahtisaari	NOUN
ahvol	NOUN,VERB
ahvollaş	VERB
ahvolot	NOUN
ahyon	NOUN
ahyon-ahyonda	ADV
ahyora	NOUN
ain	NOUN
ainsk	NOUN
aion	NOUN
aisne	NOUN
aizel	NOUN
ajab	ADJ,NOUN,VERB
ajabali	NOUN
ajablan	ADJ,VERB
ajablanarli	ADJ
ajablantir	VERB
ajabo	INTJ
ajabsin	NOUN,VERB
ajabsinqira	VERB
ajabtovur	NOUN
ajal	NOUN
ajam	NOUN
ajamiy	NOUN
ajanovic	NOUN
ajanovskiy	NOUN
ajar	NOUN
ajdaho	NOUN
ajdahor	NOUN
ajdar	NOUN
ajdargul	NOUN
ajdarho	NOUN
ajdarnafs	NOUN
ajdod	NOUN
ajdukovic	NOUN
aji	NOUN
aji-buji	ADJ
ajib	ADJ,NOUN
ajilla	VERB
ajillaş	VERB
ajin	ADJ,NOUN
ajina	NOUN
ajinli	ADJ
ajiotaj	NOUN
ajiva	NOUN
ajmol	NOUN
ajmulla	NOUN
ajnabiy	ADJ,NOUN
ajnos	NOUN
ajoyib	ADJ,NOUN
ajoyiblik	NOUN
ajoyibot	NOUN
ajoyibxona	NOUN
ajr	NOUN
ajra	ADJ,NOUN,VERB
ajral	ADJ,VERB
ajraliş	VERB
ajralmas	ADJ
ajrat	NOUN,VERB
ajratil	VERB
ajratiş	VERB
ajratma	NOUN
ajratqic	NOUN
ajrattir	VERB
ajraş	VERB
ajrim	NOUN,VERB
ajrimla	VERB
ajrimlan	VERB
ajrimlaş	VERB
ajrimlik	NOUN
ajriq	NOUN
ajriqzor	NOUN
ajuva	NOUN
ajuz	NOUN
ajz	NOUN
ak	ADJ,NOUN,VERB
ak-ak	IMIT
aka	NOUN
akaboy	NOUN
akademik	ADJ,NOUN
akademiya	NOUN
akademizm	NOUN
akak	VERB
akakla	VERB
akaklat	VERB
akala	NOUN
akapella	NOUN
akar	NOUN
akas	NOUN
akasi	NOUN
akatsiya	NOUN
akavacca	NOUN
akayev	NOUN
akayeva	NOUN
akaşak	NOUN,VERB
akaşakla	VERB
akaşaklan	VERB
akbar	NOUN
akbarali	NOUN
akbarobod	NOUN
akbarşoh	NOUN
akber	NOUN
akcopogon	ADJ
akeyh	NOUN
akhisar	NOUN
akif	NOUN
akifa	NOUN
akildoq	ADJ,NOUN
akilla	VERB
akillat	VERB
akillaş	VERB
akimov	NOUN
akimova	NOUN
akimovic	NOUN
akineziya	NOUN
akitanya	NOUN
akiyev	NOUN
akiyeva	NOUN
akklimatizatsiya	NOUN
akkomodatsiya	NOUN
akkord	ADJ,NOUN
akkordeon	NOUN
akkordeonci	NOUN
akkreditatsiya	NOUN
akkreditiv	NOUN
akkumulyator	NOUN
akmal	NOUN
akmataliyev	NOUN
akmeit	NOUN
akmescit	NOUN
akobir	NOUN
akonov	NOUN
akonova	NOUN
akram	NOUN
akrama	NOUN
akrobat	NOUN
akrobatci	NOUN
akrobatik	ADJ,NOUN
akrobatika	NOUN
akrom	NOUN
aks	ADJ,NOUN,VERB
aksa	NOUN
aksakov	NOUN
aksakova	NOUN
aksar	ADV,NOUN
aksaray	NOUN
aksari	ADV
aksariyat	NOUN
aksariyati	NOUN
aksenenko	NOUN
aksenov	NOUN
aksenova	NOUN
aksent	NOUN
aksept	NOUN,VERB
akseptla	VERB
aksi	NOUN
aksica	ADV,NOUN
aksiga	ADV,NOUN
aksilharakat	NOUN
aksilharakatci	NOUN
aksilinqilo	NOUN
aksilinqilob	NOUN
aksilinqilobci	NOUN
aksilinqiloiy	NOUN
aksilxarakat	NOUN
aksilxarakatci	NOUN
aksinca	ADV,NOUN,PRT
aksioma	NOUN
aksioner	NOUN
aksionerlik	NOUN
aksir	NOUN,VERB
aksirik	NOUN
aksirtir	VERB
aksiya	NOUN,VERB
aksiyaci	NOUN
aksiyador	NOUN
aksiyadorlik	NOUN
aksiyalaş	VERB
aksiyalaştir	VERB
aksiye	NOUN
aksiz	NOUN
akslan	VERB
akslantir	VERB
akslik	NOUN
aksonov	NOUN
aksonova	NOUN
aksovnov	NOUN
aksovnova	NOUN
aksu	NOUN
akt	NOUN
aktam	NOUN
aktan	NOUN
aktiv	ADJ,NOUN,VERB
aktivla	VERB
aktivlan	VERB
aktivlantir	VERB
aktivlantiril	VERB
aktivlaş	VERB
aktivlaştir	VERB
aktivlik	NOUN
aktrisa	NOUN
aktu	NOUN
aktual	NOUN
aktuallik	NOUN
aktyor	NOUN
aktyorlik	NOUN
akula	NOUN
akulov	NOUN
akulova	NOUN
akun	NOUN
akustik	NOUN
akustika	NOUN
akuşer	NOUN
akuşerka	NOUN
akuşerlik	NOUN
akvalang	NOUN
akvanavt	NOUN
akvarel	NOUN
akvarium	NOUN
akvatoriya	NOUN
akveduk	NOUN
akvitaniya	NOUN
al	NOUN
alaankou	NOUN
alabama	NOUN
alabuga	NOUN
alaca	NOUN
alacabof	NOUN
alacakaranlik	NOUN
aladinov	NOUN
aladinova	NOUN
alaf	NOUN
alag	NOUN
alagda	NOUN
alagda-jalagda	ADJ
alagic	NOUN
alak	NOUN
alakoylak	NOUN
alalxusus	NOUN
alam	ADJ,NOUN,VERB
alam-iztirob	NOUN
alam-sitam	NOUN
alamangiz	NOUN
alamdiyda	NOUN
alamlan	VERB
alamli	NOUN
alamnok	ADJ
alamon	NOUN
alamzada	ADJ,NOUN
alamzadalik	NOUN
alang	VERB
alang-jalang	ADV,IMIT
alang-jalangla	VERB
alanga	NOUN,VERB
alangala	VERB
alangalan	VERB
alangla	VERB
alapi	NOUN
alaqarga	NOUN
alaqoyliq	NOUN
alas	NOUN,VERB
alaska	NOUN
alasla	VERB
alast	NOUN
alautdinov	NOUN
alautdinova	NOUN
alaviy	NOUN
alaviya	NOUN
alax	VERB
alaxdaş	NOUN
alaxla	VERB
alaxsi	VERB
alaxsira	VERB
alaxsit	NOUN
alay	NOUN
alayhillana	NOUN
alayhissalom	NOUN
alaykum	NOUN
alayno	NOUN
alayxissalom	NOUN
alaş	NOUN
alaşorda	NOUN
alban	NOUN
albanca	VERB
albancala	VERB
albaniya	NOUN
albat	NOUN
albatros	NOUN
albatta	NOUN,PRT
albert	NOUN
albi	NOUN
albijanic	NOUN
albina	NOUN
albom	NOUN
alboyli	NOUN
albumin	NOUN
alcevsk	NOUN
alda	NOUN,VERB
aldab-suldab	ADV
aldabek	NOUN
aldam	NOUN
aldamci	NOUN
aldamcilik	NOUN
aldan	NOUN,VERB
aldanboy	NOUN
aldanil	VERB
aldanmurod	NOUN
aldat	VERB
aldo	NOUN
aldoqci	NOUN
aldoqcilik	NOUN
aldov	NOUN
aldovci	NOUN
alebastr	NOUN
aleksandar	NOUN
aleksandr	NOUN
aleksandra	NOUN
aleksandrov	NOUN
aleksandrova	NOUN
aleksandrovna	NOUN
aleksey	NOUN
alekseyev	NOUN
aleksic	NOUN
aleksios	NOUN
aleksovskiy	NOUN
alencikov	NOUN
alencikova	NOUN
aler	NOUN
alerci	NOUN
alessandria	NOUN
aleut	NOUN
alexander	NOUN
alexandros	NOUN
alexandrov	NOUN
alexandrova	NOUN
aleykum	NOUN
alfa	NOUN
alfavit	NOUN
alfiya	NOUN
alfoz	NOUN
alfred	NOUN
algebra	NOUN
algebraik	NOUN
algi	NOUN
algoflora	NOUN
algoritm	NOUN,VERB
algoritmla	VERB
algov	NOUN
algov-dalgov	IMIT
alhadiy	NOUN
alham	NOUN
alhazar	NOUN
alhol	NOUN
ali	NOUN
aliabbos	NOUN
aliahror	NOUN
aliakbar	NOUN
aliasad	NOUN
aliasqar	NOUN
aliaşur	NOUN
alibasic	NOUN
alibaxş	NOUN
alibek	NOUN
alibeykoyspor	NOUN
alibeykyspor	NOUN
alibota	NOUN
aliboy	NOUN
alic	NOUN
alicante	NOUN
alidarveş	NOUN
alidiyor	NOUN
alidod	NOUN
alidono	NOUN
alidost	NOUN
alif	NOUN,VERB
alifayzi	NOUN
alifba	NOUN
alifbe	NOUN
alifbo	NOUN
alifla	VERB
alifmoy	NOUN
aliftekin	NOUN
aligavhar	NOUN
aligrudic	NOUN
alihaydar	NOUN
alijon	NOUN
alik	NOUN
alikabir	NOUN
alikamol	NOUN
alim	NOUN
alima	NOUN
alimamat	NOUN
alimardi	NOUN
alimardon	NOUN
alimazid	NOUN
alimberdi	NOUN
aliment	NOUN
alimirza	NOUN
alimnazar	NOUN
alimov	NOUN
alimova	NOUN
alimpic	NOUN
alimqul	NOUN
alimtoş	NOUN
alimuhammad	NOUN
alimulla	NOUN
alimurod	NOUN
alimyor	NOUN
alina	NOUN
alinazar	NOUN
aliniyoz	NOUN
alinur	NOUN
aliqobil	NOUN
aliqosim	NOUN
aliqozi	NOUN
aliqul	NOUN
aliramazon	NOUN
alirizo	NOUN
alis	NOUN
alisa	NOUN
alisaid	NOUN
alispahic	NOUN
alitilla	NOUN
aliulla	NOUN
aliumar	NOUN
alixoja	NOUN
alixol	NOUN
alixon	NOUN
aliy	NOUN
aliya	NOUN
aliyazdon	NOUN
aliyev	NOUN
aliyor	NOUN
alizarin	NOUN,VERB
alizarinla	VERB
alizod	NOUN
alizoda	NOUN
aliş	VERB
alişer	NOUN
alişin	VERB
alişon	NOUN
aliştir	VERB
aliştiril	VERB
alji	NOUN,VERB
aljira	VERB
aljirat	VERB
aljit	VERB
aljiş	VERB
alkaloid	NOUN
alkaloidlar	NOUN
alkandoz	NOUN
alkaş	NOUN
alkimyo	NOUN
alkissa	NOUN
alkogol	NOUN
alkogolizm	NOUN
alla	NOUN,VERB
allahyar	NOUN
allala	VERB
allalaş	VERB
allambalo	NOUN
allamurod	NOUN
allaş	NOUN
allegheny	NOUN
allegorik	NOUN
allegoriya	NOUN
allergen	NOUN
allergiya	NOUN
allergologiya	NOUN
allier	NOUN
alligator	NOUN
alliteratsiya	NOUN
allo	INTJ
allof	NOUN
alloh	NOUN
allohat	NOUN
alloma	NOUN
allot	NOUN
allotropik	NOUN
almambet	NOUN
almanax	NOUN
almata	NOUN
almaş	VERB
almaşin	VERB
almaşla	VERB
almaştir	VERB
almaştirgiz	VERB
almaştiril	VERB
almaştiriş	VERB
almera	NOUN
almet	NOUN
alminskaya	NOUN
alminski	NOUN
almira	NOUN
almisoq	NOUN
almisoqi	NOUN
almoyi-aljoyi	ADJ
almurt	NOUN
alo	ADJ,NOUN
alob	NOUN
alobek	NOUN
aloci	ADJ,NOUN
aloha	ADV
alohal	NOUN
alohida	NOUN,VERB
alohidala	VERB
alohidalan	VERB
alohidalik	NOUN
alohiddin	NOUN
aloiddin	NOUN
alomat	ADJ,NOUN
alomatcoy	NOUN
aloq-caloq	ADJ
aloqa	ADJ,NOUN,VERB
aloqaci	NOUN
aloqadirhol	ADV
aloqador	ADJ,NOUN
aloqadorlik	NOUN
aloqalan	VERB
aloqalantir	VERB
aloqul	NOUN
alouddin	NOUN
aloxon	NOUN
aloy	NOUN
alp	NOUN
alpang-talpang	ADV
alpang-talpangla	VERB
alpes	NOUN
alpinist	NOUN
alpinizm	NOUN
alpler	NOUN
alpomiş	NOUN
alpon	NOUN
alpoz	NOUN
alptekin	NOUN
alqa	VERB
alqandoz	NOUN
alqandozlik	NOUN
alqor	NOUN
alqos	NOUN
alqosid	NOUN
alraxim	NOUN
alt	NOUN
altay	NOUN
altci	NOUN
alternativ	NOUN
alternativa	NOUN
altimetr	NOUN
altoir	NOUN
aluminiy	NOUN
alupka	NOUN
aluşta	NOUN
alvaro	NOUN
alvasti	NOUN
alvido	NOUN
alvon	ADJ,NOUN
alvonboy	NOUN
alxol	NOUN
alxosil	NOUN
alyans	NOUN
alyaska	NOUN
alyo	NOUN
alyor	NOUN
alyorci	NOUN
alyumin	NOUN
am	NOUN
amaki	NOUN
amakivacca	NOUN
amal	NOUN,VERB
amaldor	NOUN
amaldorlik	NOUN
amaliy	NOUN,VERB
amaliya	NOUN
amaliylaş	VERB
amaliylaştir	VERB
amaliyot	NOUN
amaliyotci	NOUN
amaliyotcilik	NOUN
amaliyotparast	NOUN
amaliyotparastlik	NOUN
amalla	VERB
amallan	VERB
amallaş	VERB
amaloy	NOUN
amalparast	NOUN
amalparastlik	NOUN
amand	NOUN
amasya	NOUN
amat	NOUN
amatziyo	NOUN
ambar	NOUN
ambrazura	NOUN
ambulatoriya	NOUN
amerika	NOUN
amerikalik	NOUN
ametov	NOUN
ametova	NOUN
ametropiya	NOUN
amfibiya	NOUN
amfibol	VERB
amfibollaş	VERB
amfiteatr	NOUN
amfora	NOUN
amgar	VERB
amgaril	VERB
amgartir	VERB
amiens	NOUN
amin	NOUN
amina	NOUN
aminiddin	NOUN
aminlik	NOUN
aminqul	NOUN
aminulla	NOUN
aminulmulk	NOUN
amir	NOUN
amira	NOUN
amirali	NOUN
amiralmominin	NOUN
amirbek	NOUN
amirfayz	NOUN
amirhon	NOUN
amiri	NOUN
amiriddin	NOUN
amirkon	NOUN
amirlik	NOUN
amirnazar	NOUN
amirov	NOUN
amirova	NOUN
amirqul	NOUN
amirsaid	NOUN
amirtoş	NOUN
amirulla	NOUN
amirxol	NOUN
amirzoda	NOUN
amirşoh	NOUN
amit	NOUN
amiyrun	NOUN
amlok	NOUN
amlokdor	NOUN
amlokdorxona	NOUN
amma	NOUN
ammaca	NOUN
ammajon	NOUN
ammaqiz	NOUN
ammavacca	NOUN
ammaxol	NOUN
ammiak	NOUN
ammo	CNJ
ammofos	NOUN
ammor	NOUN
amnistiya	NOUN
amniyat	NOUN
amol	NOUN
amoma	NOUN
amoral	NOUN
amorallik	NOUN
amorf	NOUN
amortizator	NOUN
amortizatsiya	NOUN
amos	NOUN
amp	NOUN
amper	NOUN
ampermetr	NOUN
ampilogov	NOUN
ampilogova	NOUN
amplituda	NOUN
amplua	NOUN
ampula	NOUN
amputatsiya	NOUN
amr	NOUN
amrbek	NOUN
amriddin	NOUN
amrifarmo	NOUN
amrimaruf	NOUN
amriya	NOUN
amroh	NOUN
amrulla	NOUN
amsterdam	NOUN
amudaryo	NOUN
amur	NOUN
amurbek	NOUN
amvol	NOUN
amza	NOUN
ana	NOUN,PRON
anabibi	NOUN
anabioz	NOUN
anadolu	NOUN
anafora	NOUN
anagnostopolos	NOUN
anaheim	NOUN
analiz	NOUN
analizator	NOUN
analogiya	NOUN
anana	ADJ,NOUN
ananas	NOUN
ananaviy	ADJ
ananyiv	NOUN
anarxist	NOUN
anarxistlik	NOUN
anarxiya	NOUN
anarxiyaci	NOUN
anarxizm	NOUN
anas	NOUN
anastasiyevic	NOUN
anastopolos	NOUN
anatoliy	NOUN
anatoliya	NOUN
anatolyev	NOUN
anatolyevic	NOUN
anatom	NOUN
anatomik	NOUN
anatomiya	NOUN
anbar	NOUN
anbarafşon	NOUN
anbarniso	NOUN
anbiyo	NOUN
anbuh	NOUN
anca	ADV
ancar	NOUN
ancelkovic	NOUN
ancic	NOUN
ancona	NOUN
and	NOUN
anda	NOUN
andaboy	NOUN
andagul	NOUN
andak	ADV
andalib	NOUN
andalusiya	NOUN
andam	NOUN
andaq	NOUN
andarmon	NOUN
andaryagiga	NOUN
andaryaq	NOUN
andava	NOUN,VERB
andavala	VERB
andavalat	VERB
andavalaş	VERB
andaxol	NOUN
andaza	ADJ,NOUN,VERB
andazala	VERB
anders	NOUN
andersen	NOUN
anderson	NOUN
andersson	NOUN
andi	NOUN
andijon	NOUN
andiz	VERB
andizla	VERB
andişa	NOUN
andişali	NOUN
andişalik	NOUN
andişalilik	NOUN
andişasiz	NOUN
andişasizlik	NOUN
andjelkovic	NOUN
andom	NOUN
andonovskiy	NOUN
andorra	NOUN
andoza	NOUN
andreas	NOUN
andreesku	NOUN
andrei	NOUN
andrey	NOUN
andreyev	NOUN
andreyeva	NOUN
andric	NOUN
andris	NOUN
android	NOUN
andromeda	NOUN
andronesku	NOUN
andropov	NOUN
andropova	NOUN
andros	NOUN
andruşivka	NOUN
anduh	NOUN
anduon	NOUN
andux	NOUN
andyelic	NOUN
anemiya	NOUN
anemometr	NOUN
aneroid	NOUN
anesteziya	NOUN
ang	ADJ,NOUN,VERB
ang-ang	IMIT
angar	NOUN
angel	NOUN
angela	NOUN
angelopolos	NOUN
angidrid	NOUN
angilla	VERB
angina	NOUN
angiologiya	NOUN
angioma	NOUN
angirt	NOUN
angiz	NOUN
angiş	VERB
angişla	VERB
angişlat	VERB
angişvona	NOUN
angla	ADJ,NOUN,VERB
anglan	VERB
anglat	VERB
anglattir	VERB
anglaş	ADJ,NOUN,VERB
anglaşil	ADJ,NOUN,VERB
anglaşilmas	ADJ
anglaşilmovcilik	NOUN
anglaşiş	NOUN
anglaşişmaslik	NOUN
angliya	NOUN
angola	NOUN
angor	NOUN
angra	NOUN
angray	NOUN,VERB
angrayt	VERB
angro	NOUN
angrov	NOUN,VERB
angrovlan	VERB
anguilla	NOUN
anhalt	NOUN
anhor	NOUN
anhorali	NOUN
anhui	NOUN
anibal	NOUN
anic	NOUN
anilin	NOUN
aniq	NOUN,VERB
aniqla	NOUN,VERB
aniqlagic	NOUN
aniqlan	VERB
aniqlat	VERB
aniqlaş	VERB
aniqlaştir	VERB
aniqlaştiril	VERB
aniqlik	NOUN
aniqlo	NOUN
aniqlovci	NOUN
aniqsiz	NOUN
aniqsizlik	NOUN
anis	NOUN
anisa	NOUN
anisbek	NOUN
anisjon	NOUN
anja	NOUN
anjabor	NOUN
anjal	VERB
anjallaş	VERB
anjir	NOUN
anjirman	NOUN
anjiroy	NOUN
anjirzor	NOUN
anjom	NOUN
anjonboy	NOUN
anjuman	NOUN
ankara	NOUN
ankarakuci	NOUN
ankaraspor	NOUN
anker	NOUN
anketa	NOUN
anna	NOUN
annaahmad	NOUN
annaali	NOUN
annabeka	NOUN
annaberdi	NOUN
annabibi	NOUN
annabozor	NOUN
annadur	NOUN
annadurdi	NOUN
annageldi	NOUN
annagozal	NOUN
annagul	NOUN
annak	NOUN
annakeldi	NOUN
annamamat	NOUN
annamat	NOUN
annamuhammad	NOUN
annamurod	NOUN
annan	NOUN
annanazar	NOUN
annaniyoz	NOUN
annapolat	NOUN
annaqilic	NOUN
annaqul	NOUN
annaqurbon	NOUN
annasaid	NOUN
annasihat	NOUN
annasuluv	NOUN
annasuyun	NOUN
annatogon	NOUN
annatoji	NOUN
annaturdi	NOUN
annatursun	NOUN
annaxol	NOUN
annaxon	NOUN
annaş	NOUN
annaşakar	NOUN
annaşirin	NOUN
anneksiya	NOUN
annenkov	NOUN
annenkova	NOUN
annotatsiya	NOUN
annulyasiya	NOUN
annur	NOUN
ano	PRON
anod	NOUN
anomaliya	NOUN
anonim	NOUN
anonimci	NOUN
anonimka	NOUN
anons	NOUN
anor	NOUN
anora	NOUN
anorbibi	NOUN
anordoş	NOUN
anordoşlar	NOUN
anorganik	NOUN
anorgul	NOUN
anoriddin	NOUN
anormal	NOUN
anormuhammad	NOUN
anortoy	NOUN
anortoş	NOUN
anorxol	NOUN
anorzor	NOUN
anovi	PRON
anoyi	NOUN,VERB
anoyilaş	VERB
anoyilik	NOUN
anoza	NOUN
anqara	NOUN
anqay	VERB
anqayiş	VERB
anqaytir	VERB
anqi	VERB
anqit	VERB
anqo	NOUN
anqoberdi	NOUN
anqoboy	NOUN
anqogul	NOUN
anqov	ADJ,NOUN,VERB
anqovlan	VERB
anqovlik	NOUN
anqovsira	NOUN,VERB
ansab	NOUN
ansambl	NOUN
ansor	NOUN
ansora	NOUN
ansoriddin	NOUN
antagonist	NOUN
antagonizm	NOUN
antakya	NOUN
antaliya	NOUN
antalyaspor	NOUN
antananarivo	NOUN
antanta	NOUN
antarktida	NOUN
antarktika	NOUN
ante	NOUN
antekologiya	NOUN
antenna	NOUN
antibiotik	NOUN
antibiotiklar	NOUN
antic	NOUN
anticevic	NOUN
antifaşist	NOUN
antifriktsion	NOUN
antigen	NOUN
antigenlar	NOUN
antiimperialistik	NOUN
antikavic	NOUN
antikevic	NOUN
antikommunistik	NOUN
antimarksistik	NOUN
antimaterialistik	NOUN
antimilitaristik	NOUN
antimilitarizm	NOUN
antinomiya	NOUN
antioxos	NOUN
antipatiya	NOUN
antiqa	NOUN
antisanitar	NOUN
antisanitariya	NOUN
antisemit	NOUN
antisemitik	NOUN
antisemitizm	NOUN
antisovet	NOUN
antitana	NOUN
antitanalar	NOUN
antitelo	NOUN
antiteza	NOUN
antitezis	NOUN
antitsiklon	NOUN
antologiya	NOUN
anton	NOUN
antonakopolos	NOUN
antonenkov	NOUN
antonenkova	NOUN
antonesku	NOUN
antonic	NOUN
antonim	NOUN
antonimiya	NOUN
antonini	NOUN
antonio	NOUN
antonis	NOUN
antonov	NOUN
antonova	NOUN
antonovka	NOUN
antonovskiy	NOUN
antony	NOUN
antopolog	NOUN
antovic	NOUN
antrakt	NOUN
antraktida	NOUN
antratsit	NOUN
antropo	NOUN
antropogenez	NOUN
antropolog	NOUN
antropologiya	NOUN
antropometriya	NOUN
antroponimika	NOUN
antropos	NOUN
antsiferov	NOUN
antsiferova	NOUN
antunovic	NOUN
anufriyev	NOUN
anufriyeva	NOUN
anuriya	NOUN
anusic	NOUN
anuş	NOUN
anvar	NOUN
anvara	NOUN
anvarhaq	NOUN
anvarjon	NOUN
anvarulhaq	NOUN
anvarşer	NOUN
anvo	NOUN
anzira	NOUN
anzirat	NOUN
anzor	NOUN
anzur	NOUN
anzura	NOUN
anzurbek	NOUN
anşakov	NOUN
anşakova	NOUN
anşlag	NOUN
aorta	NOUN
apanasenko	NOUN
apatit	NOUN
apatiya	NOUN
apellatsiya	NOUN
apellyasiya	NOUN
apelsin	NOUN
apia	NOUN
apil-tapil	ADV,IMIT
apir-şapir	ADV
apkerimov	NOUN
apkerimova	NOUN
apogei	NOUN
apogey	NOUN
apolitik	NOUN
apollo	NOUN
apollos	NOUN
apopleksiya	NOUN
apoq-capoq	ADJ
apoq-capoqlaş	VERB
apoq-copoq	ADJ
aposterior	NOUN
aposteriorlik	NOUN
apostrof	NOUN
apparat	NOUN
apparatci	NOUN
apparatura	NOUN
appazov	NOUN
appazova	NOUN
appendiks	NOUN
appenditsit	NOUN
appennin	NOUN
apple	NOUN
applikatsiya	NOUN
aprel	NOUN
aprior	NOUN
apriorlik	NOUN
aprobatsiya	NOUN,VERB
aprobatsiyala	VERB
apselamov	NOUN
apselamova	NOUN
aptecka	NOUN
apteka	NOUN
aptekaci	NOUN
apuliya	NOUN
apş	VERB
apşu	IMIT,NOUN
apşur	VERB
aqay	NOUN
aqba	NOUN
aqca	NOUN
aqcaboy	NOUN
aqcagul	NOUN
aqcaniso	NOUN
aqida	NOUN
aqidaparast	NOUN
aqidaparastlik	NOUN
aqilboy	NOUN
aqiq	ADJ,NOUN
aqiqa	NOUN
aqir	VERB
aql	ADJ,NOUN,VERB
aqliddin	NOUN
aqliy	ADJ
aqliya	NOUN
aqllaş	VERB
aqlli	ADJ,NOUN
aqllilik	NOUN
aqloy	NOUN
aqlsiz	ADJ,NOUN
aqlsizlik	NOUN
aqoid	NOUN
aqrab	NOUN
aqrabo	NOUN
aqrabxon	NOUN
aqtiyo	NOUN
aquarius	NOUN
aquila	NOUN
aqş	NOUN
ar	NOUN,VERB
ar-ar	IMIT
ara	NOUN
arab	NOUN
arabaev	NOUN
arabah	NOUN
arabali	NOUN
arabca	VERB
arabcala	VERB
arabcalaş	VERB
arabcalaştir	VERB
arabgul	NOUN
arabiddin	NOUN
arabistan	NOUN
arabiston	NOUN
arabiy	VERB
arabiylaş	VERB
arabiylaştir	VERB
arabizm	NOUN
arablar	NOUN
arabsaroy	NOUN
arabxona	NOUN
arabşo	NOUN
arabşoh	NOUN
arabşunos	NOUN
arabşunoslik	NOUN
arafa	NOUN
arafagarcilik	NOUN
aragn	NOUN
aragon	NOUN
arakan	NOUN
aralaş	ADJ,ADV,NOUN,VERB
aralaş-quralaş	ADV
aralaşiga	ADV
aralaşma	NOUN
aralovul	NOUN
arambasic	NOUN
aran	NOUN
aranboy	NOUN
arang	ADV,NOUN
arapov	NOUN
arapova	NOUN
arapovic	NOUN
arapoyon	NOUN
araq	NOUN
araqi	NOUN
araqxor	NOUN
araqxorlik	NOUN
aras	NOUN
arasot	NOUN
arastu	NOUN
arava	ADJ,NOUN
aravaca	NOUN
aravak	NOUN
aravakaş	ADJ,NOUN
aravakaş(yigit)	ADJ
aravakaşlik	NOUN
aravasoz	NOUN
aravasozlik	NOUN
araxis	NOUN
arayultuz	NOUN
araz	NOUN,VERB
arazci	NOUN
arazla	VERB
arazlaş	VERB
araşon	NOUN
arben	NOUN
arbin	NOUN
arbitr	NOUN
arbitraj	NOUN
arbiy	NOUN
arbob	NOUN
arbuzov	NOUN
arbuzova	NOUN
arc	NOUN,VERB
arca	NOUN
arcazor	NOUN
arcer	NOUN
arci	NOUN,VERB
arcil	NOUN,VERB
arcit	VERB
arciş	VERB
arctir	VERB
arda	NOUN
ardak	NOUN
ardamir	NOUN
ardavon	NOUN
ardaşer	NOUN
ardce	NOUN
ardi	NOUN
ardob	NOUN
ardoq	NOUN,VERB
ardoqla	VERB
ardoqlan	VERB
areal	NOUN
areometr	NOUN
arergard	NOUN
arest	NOUN
arestarhov	NOUN
arestarhova	NOUN
arfa	NOUN
arfaci	NOUN
argamci	NOUN
argentan	NOUN
argentina	NOUN
argentinalik	NOUN
argimcoq	NOUN
argin	NOUN
arginboy	NOUN
arginci	NOUN
argo	NOUN
argon	NOUN
argotizm	NOUN
argotizmlar	NOUN
argument	NOUN,VERB
argumentatsiya	NOUN
argumentla	VERB
argumoq	NOUN
argunci	NOUN
arguvon	NOUN
arhangelsk	NOUN
ari	NOUN,VERB
arici	NOUN
aricilik	NOUN
arifjonov	NOUN
arifjonova	NOUN
arifmetik	NOUN
arifmetika	NOUN
arifmometr	NOUN
arilla	VERB
arillat	VERB
arillaş	VERB
ariq	NOUN
ariqbo	NOUN
ariqca	NOUN
arislanov	NOUN
arislanova	NOUN
aristo	NOUN
aristokrat	ADJ,NOUN
aristokratik	ADJ,NOUN
aristokratiya	NOUN
aristokratizm	NOUN
aristokratlik	NOUN
ariston	NOUN
aristotel	NOUN
aristoteles	NOUN
arit	NOUN,VERB
aritil	VERB
aritmiya	NOUN
arittir	VERB
arixona	NOUN
ariya	NOUN
ariza	NOUN
arizaboz	NOUN
arizabozlik	NOUN
arizaci	NOUN
arizacup	NOUN
arizanavis	NOUN
arizona	NOUN
arjantin	NOUN
arjumand	NOUN
arjumandbonu	NOUN
ark	NOUN
arka	NOUN
arkanov	NOUN
arkanova	NOUN
arkansas	NOUN
arkok	NOUN
arkon	NOUN
arkona	NOUN
arktika	NOUN
arlan	NOUN
arlington	NOUN
arlot	NOUN
arman	NOUN
armanca	VERB
armancala	VERB
armani	NOUN
armaniston	NOUN
armatura	NOUN
armaturabop	NOUN
armaturaci	NOUN
armiya	NOUN
armon	NOUN
armona	NOUN
armonbek	NOUN
armonboy	NOUN
armongul	NOUN
armor	NOUN
armugon	NOUN
armyansk	NOUN
arna	NOUN
arnaboy	NOUN
arnasoy	NOUN
arnavut	NOUN
arnavutluk	NOUN
arneric	NOUN
arnon	NOUN
aro	NOUN
aroba	NOUN
arof	NOUN
arofat	NOUN
arofatxon	NOUN
aronov	NOUN
aronova	NOUN
aroq	NOUN
arosat	NOUN
arpa	NOUN
arpabodiyon	NOUN
arpagon	NOUN
arpapoya	NOUN
arpat	NOUN
arq	VERB
arqaboy	NOUN
arqadaşlik	NOUN
arqira	VERB
arqon	NOUN,VERB
arqonla	VERB
arqonlan	VERB
arqonlat	VERB
arqonlaş	VERB
arqoq	NOUN
arra	NOUN,VERB
arrabek	NOUN
arraci	NOUN
arrakaş	NOUN
arrakaşlik	NOUN
arrala	VERB
arralan	VERB
arralat	VERB
arralaş	VERB
arrapuşt	NOUN
arratoş	NOUN
arretir	VERB
arretirla	VERB
arrondissement	NOUN
arroz	NOUN
arsen	NOUN
arsenal	NOUN
arseniyevic	NOUN
arsenovic	NOUN
arsic	NOUN
arslon	NOUN
arslonbek	NOUN
arslonca	NOUN
arslonqul	NOUN
arslonquyruq	NOUN
arslontoy	NOUN
arsovic	NOUN
arsovskiy	NOUN
art	NOUN,VERB
artamonov	NOUN
artamonova	NOUN
artel	NOUN
artemenko	NOUN
artemivka	NOUN
arterioskleroz	NOUN
arteriya	NOUN
artezian	NOUN
artikl	NOUN
artikul	NOUN
artikulyasiya	NOUN
artil	NOUN,VERB
artilleriya	NOUN
artilleriyaci	NOUN
artin	NOUN,VERB
artiniş	VERB
artist	NOUN
artistka	NOUN
artistlik	NOUN
artizan	NOUN
artiş	VERB
artmambetov	NOUN
artmambetova	NOUN
artomovsk	NOUN
artopolesku	NOUN
artrit	NOUN
artrologiya	NOUN
artsiz	NOUN
arttir	NOUN,VERB
arttirgiz	VERB
artur	NOUN
artvin	NOUN
aruba	NOUN
arus	NOUN
aruz	NOUN
arvoh	NOUN
arvox	NOUN
arxaik	NOUN
arxaizm	NOUN
arxar	NOUN
arxeolog	NOUN
arxeologik	NOUN
arxeologiya	NOUN
arximandrit	NOUN
arxipelag	NOUN
arxitektonika	NOUN
arxitektor	NOUN
arxitektorlik	NOUN
arxitektura	NOUN
arxiv	NOUN
arxivarius	NOUN
arxivci	NOUN
arxivşunos	NOUN
arxivşunoslik	NOUN
arxiyepiskop	NOUN
arxiyerey	NOUN
aryev	NOUN
aryeva	NOUN
arz	NOUN
arz-dod	NOUN
arz-hol	NOUN
arza	NOUN
arzaci	NOUN
arzanda	NOUN,VERB
arzandala	VERB
arzandalaş	VERB
arzi	ADJ,NOUN,VERB
arzigudek	NOUN
arzigulik	NOUN
arzigunday	NOUN
arzimas	NOUN
arzimat	NOUN
arziq	NOUN
arziqtepa	NOUN
arzirli	ADJ
arzirum	NOUN
arzit	NOUN
arziya	NOUN
arziydigan	NOUN
arznoma	NOUN
arzon	ADJ,NOUN,VERB
arzon-garov	ADJ,ADV
arzonci	NOUN
arzoncilik	NOUN
arzonla	VERB
arzonlat	VERB
arzonlaş	VERB
arzonlaştir	VERB
arzonlik	NOUN
arzonqol	NOUN
arzonqul	NOUN
arzonsin	NOUN,VERB
arzonsira	VERB
arzubeka	NOUN
arş	NOUN
arşi	NOUN
arşimuhammad	NOUN
arşin	NOUN,VERB
arşiniso	NOUN
arşinla	VERB
arşod	NOUN
as	NOUN
asab	ADJ,NOUN
asabboz	NOUN
asabbozlik	NOUN
asabbuzar	NOUN
asabiy	ADJ,NOUN,VERB
asabiyla	VERB
asabiylan	VERB
asabiylaş	VERB
asabiylaştir	VERB
asabiylik	NOUN
asaboy	NOUN
asad	NOUN
asadbek	NOUN
asadqul	NOUN
asadulla	NOUN
asadulloh	NOUN
asaf	NOUN
asaka	NOUN
asal	ADJ,NOUN
asal-qand	ADJ
asalari	NOUN
asalarici	NOUN
asalaricilik	NOUN
asalat	NOUN
asalbeka	NOUN
asalbibi	NOUN
asalbika	NOUN
asalbonu	NOUN
asalgul	NOUN
asalli	ADJ
asaloy	NOUN
asalxon	NOUN
asan	NOUN
asanov	NOUN
asanova	NOUN
asar	NOUN
asatilla	NOUN
asbest	NOUN,VERB
asbestla	VERB
asbob	NOUN
asbobsoz	NOUN
asbobsoz\	NOUN
asbobsoz\lik	NOUN
asbobsozlik	NOUN
asel	NOUN
asem	NOUN
asemgul	NOUN
asenovgrad	NOUN
aseptika	NOUN
aseyev	NOUN
aseyeva	NOUN
asfalasofiliy	NOUN
asfalt	NOUN,VERB
asfaltla	VERB
asfaltlan	VERB
asfaltlat	VERB
asfaltlattir	VERB
asfaltlaş	VERB
asfaltlaştir	VERB
asfandi	NOUN
asfandiyor	NOUN
asfiya	NOUN
asgar	NOUN
asida	NOUN
asil	NOUN
asila	NOUN
asilbek	NOUN
asiliddin	NOUN
asillik	NOUN
asilmirza	NOUN
asilmurod	NOUN
asilpoşşa	NOUN
asiltoy	NOUN
asiltoş	NOUN
asilxoja	NOUN
asilxon	NOUN
asilyuk	NOUN
asilzoda	NOUN
asima	NOUN
asimmetriya	NOUN
asina	NOUN
asir	NOUN
asira	NOUN
asirali	NOUN
asiriddin	NOUN
asirlik	NOUN
aska	NOUN
askar	ADV,NOUN
askarali	NOUN
askarboşi	NOUN
askarca	ADV,NOUN
askarlik	NOUN
asketizm	NOUN
askiya	NOUN
askiyaboz	NOUN
askiyabozlik	NOUN
askiyaci	NOUN
askiyacilik	NOUN
asl	ADJ,NOUN
aslaha	NOUN,VERB
aslahafuruş	NOUN
aslahala	VERB
aslahaxona	NOUN
aslam	NOUN
aslan	NOUN
aslaxa	NOUN
aslbek	NOUN
aslhon	NOUN
asli	NOUN
aslida	NOUN,PRT
asliddin	NOUN
aslina	NOUN
asliy	NOUN
asliya	NOUN
asliyabonu	NOUN
asliyat	NOUN
asllik	NOUN
aslo	NOUN,PRT
aslom	NOUN
aslon	NOUN
aslzoda	NOUN
asma	NOUN
asmira	NOUN
asmo	NOUN
asmogul	NOUN
asno	NOUN
asnora	NOUN
aso	NOUN
asobiddin	NOUN
asoboy	NOUN
asolat	NOUN
asom	NOUN
asomiddin	NOUN
asomuddin	NOUN
asorat	NOUN
asos	ADJ,NOUN,VERB
asosan	ADV,AUX
asosci	NOUN
asosdoş	ADJ
asosla	VERB
asoslan	VERB
asoslantir	VERB
asoslaş	VERB
asoslaştir	VERB
asosli	NOUN
asoslilik	NOUN
asossiz	NOUN
asossizlik	NOUN
asotir	NOUN
asov	ADJ,NOUN,VERB
asovboy	NOUN
asoviddin	NOUN
asovlaş	VERB
asp	NOUN
aspalasofin	NOUN
asparuhov	NOUN
asparuhova	NOUN
aspdor	NOUN
aspekt	NOUN
aspijallob	NOUN
aspijalloblik	NOUN
aspirant	NOUN
aspirantka	NOUN
aspirantlik	NOUN
aspirantura	NOUN
aspirin	NOUN
asqad	NOUN
asqar	NOUN
asqarali	NOUN
asqarqul	NOUN
asqartoy	NOUN
asqat	NOUN,VERB
asr	ADJ,NOUN
asra	ADJ,NOUN,VERB
asran	NOUN
asrandi	ADJ,NOUN
asranqul	NOUN
asrbek	NOUN
asrcilik	NOUN
asrdoş	NOUN
asri	NOUN
asriya	NOUN
asron	NOUN
asror	NOUN
asrora	NOUN
asrorali	NOUN
asrorqul	NOUN
assabur	NOUN
assalom	INTJ
assalomu alaykum	INTJ
assambleya	NOUN
assen	NOUN
assimilyasiya	NOUN
assistent	NOUN
assistentlik	NOUN
assortiment	NOUN
assotsiatsiya	NOUN
asta	ADV,NOUN
asta-asta	ADV
asta-sekin	ADV
astafyev	NOUN
astafyeva	NOUN
astagfirullo	INTJ
astagina	NOUN
astahov	NOUN
astahova	NOUN
astalik	NOUN
astar	NOUN
astarlik	NOUN
astarliq	NOUN
astarqul	NOUN
asti	NOUN
astma	NOUN
astoydil	ADV,NOUN,VERB
astoydillan	VERB
astoydillik	NOUN
astraxan	NOUN
astro	NOUN
astrobiologiya	NOUN
astrobotanika	NOUN
astrofizika	NOUN
astrolog	NOUN
astrologiya	NOUN
astrolyabiya	NOUN
astronavt	NOUN
astronavtika	NOUN
astronom	NOUN
astronomik	NOUN
astronomiya	NOUN
asturyi	NOUN
asur	NOUN
asxobjamol	NOUN
at	NOUN,VERB
ata	NOUN,VERB
atab	AUX
atak-cecak	IMIT
ataka	NOUN
atal	VERB
atala	NOUN,VERB
atalan	VERB
atalanta	NOUN
atalasimon	NOUN
atama	NOUN
ataman	NOUN
atamaşunos	NOUN
atamaşunoslik	NOUN
atambayev	NOUN
atambayeva	NOUN
atan	NOUN,VERB
atanackovic	NOUN
atanasi	NOUN
atanasiu	NOUN
atanasiyevic	NOUN
atanasov	NOUN
atanasova	NOUN
atanca	NOUN
atav	NOUN
atavizm	NOUN
atay	ADV
ataydan	ADV
atayin	ADV
ataylab	ADV
ataş	VERB
ataştir	VERB
ataştiril	VERB
ateist	NOUN
ateistik	NOUN
ateizm	NOUN
atele	NOUN
atelie	NOUN
ateroskleroz	NOUN
atif	NOUN
atifa	NOUN
atigi	ADV,PRT
atina	NOUN
atiqa	NOUN
atir	NOUN,VERB
atira	NOUN
atirgul	NOUN
atirla	VERB
atirsovun	NOUN
atiya	NOUN
atlanta	NOUN
atlantika	NOUN
atlantiques	NOUN
atlas	NOUN
atlet	NOUN
atletik	NOUN
atletika	NOUN
atletikaci	NOUN
atmosfera	NOUN
ato	NOUN
atom	NOUN
atomboz	NOUN
atomci	NOUN
atomistika	NOUN
atomuhammad	NOUN
atonboy	NOUN
atoq	NOUN,VERB
atoqla	VERB
atoqul	NOUN
atorahmon	NOUN
atorid	NOUN
atorud	NOUN
atoulla	NOUN
atoxon	NOUN
atoyev	NOUN
atoyeva	NOUN
atoyi	NOUN
atoyijo	NOUN
atribut	NOUN
atributiv	NOUN
atrof	ADV,NOUN,VERB
atrofiya	NOUN
atrofla	VERB
atroflab	ADV
atroflat	VERB
atroflica	ADV
atroşenko	NOUN
atsetilen	NOUN
atseton	NOUN
attang	INTJ,NOUN,PRT,VERB
attanga	NOUN
attangla	VERB
attaşe	NOUN
attestat	NOUN
attestatsion	NOUN
attestatsiya	NOUN
attor	NOUN
attorlik	NOUN
atu	NOUN
atvor	NOUN
auckland	NOUN
auditor	NOUN
auditoriya	NOUN
auksion	NOUN
auresku	NOUN
auto	NOUN
autsayder	NOUN
auvergne	NOUN
auxerre	NOUN
av	NOUN
avaga	NOUN
avakov	NOUN
avakova	NOUN
avangard	NOUN
avangardizm	NOUN
avangardlik	NOUN
avanpost	NOUN
avans	NOUN,VERB
avansla	VERB
avantyura	NOUN
avantyuraci	NOUN
avantyurist	NOUN
avantyuristlik	NOUN
avantyurizm	NOUN
avar	NOUN
avara	NOUN
avarca	VERB
avarcala	VERB
avarcalaş	VERB
avarcalaştir	VERB
avariya	NOUN
avariyaci	NOUN
avasov	NOUN
avasova	NOUN
avaxta	NOUN
avayla	VERB
avaylaş	VERB
avaz	NOUN
avazali	NOUN
avazbadal	NOUN
avazbakir	NOUN
avazberdi	NOUN
avazmamat	NOUN
avazmengli	NOUN
avazmuhammad	NOUN
avazmurod	NOUN
avaznafas	NOUN
avazniyoz	NOUN
avazomon	NOUN
avazoy	NOUN
avazqurbon	NOUN
avazsafar	NOUN
avazsulton	NOUN
avazturdi	NOUN
avazxon	NOUN
avboş	NOUN
avboşlik	NOUN
avdic	NOUN
avellino	NOUN
avercenko	NOUN
avfruza	NOUN
avg	NOUN
avgonbog	NOUN
avgust	NOUN
avgustus	NOUN
aviabaza	NOUN
aviabomba	NOUN
aviadesant	NOUN
aviadesantci	NOUN
aviakompaniya	NOUN
aviakompos	NOUN
aviakonstruktor	NOUN
avialiniya	NOUN
aviamodel	NOUN
aviamodelci	NOUN
aviamodelcilik	NOUN
aviamotor	NOUN
aviamotorsoz	NOUN
aviamotorsozlik	NOUN
avianos	NOUN
avianoses	NOUN
avianosets	NOUN
aviapocta	NOUN
aviasalon	NOUN
aviasiya	NOUN
aviator	NOUN
aviatrassa	NOUN
aviatsion	NOUN
aviatsiya	NOUN
aviazavod	NOUN
avizo	NOUN
avj	NOUN,VERB
avji	ADV
avjida	ADV
avjin	NOUN
avjiya	NOUN
avjlan	VERB
avjlantir	VERB
avliyo	ADJ,NOUN
avliyoniyoz	NOUN
avliyoqul	NOUN
avliyozoda	NOUN
avlo	NOUN
avlod	ADJ,NOUN
avlyokuli	NOUN
avmen	NOUN
avom	NOUN,VERB
avomlaş	VERB
avoq	NOUN
avoqll	NOUN
avra	NOUN,VERB
avraband	NOUN
avragic	NOUN
avrala	VERB
avralat	VERB
avramenko	NOUN
avramovic	NOUN
avramovskiy	NOUN
avrat	NOUN
avraton	NOUN
avratpoş	NOUN
avro	NOUN
avrod	NOUN
avrodci	NOUN
avrogic	NOUN
avron	NOUN
avropa	NOUN
avroq	NOUN
avroqci	NOUN
avsat	NOUN
avstraliya	NOUN
avstriya	NOUN
avtayev	NOUN
avtayeva	NOUN
avtobaza	NOUN
avtobiografiya	NOUN
avtoblokirovka	NOUN
avtobus	NOUN
avtocana	NOUN
avtodokon	NOUN
avtodrom	NOUN
avtogen	NOUN
avtograf	NOUN
avtografik	NOUN
avtoinspeksiya	NOUN
avtokamera	NOUN
avtokar	NOUN
avtokolonna	NOUN
avtokorxona	NOUN
avtokran	NOUN
avtol	NOUN
avtomagistral	NOUN
avtomat	ADJ,NOUN,VERB
avtomatci	NOUN
avtomatik	ADJ
avtomatika	NOUN
avtomatlaş	VERB
avtomatlaştir	VERB
avtomatlaştiril	VERB
avtomaşina	NOUN
avtomobil	NOUN
avtomobilsoz	NOUN
avtomobilsozlik	NOUN
avtonazorat	NOUN
avtonom	NOUN
avtonomist	NOUN
avtonomiya	NOUN
avtonomiyaci	NOUN
avtonomlik	NOUN
avtopark	NOUN
avtopilot	NOUN
avtopoilka	NOUN
avtoportret	NOUN
avtopoyga	NOUN
avtoprisep	NOUN
avtor	NOUN,VERB
avtoreferat	NOUN
avtoremont	NOUN
avtoritar	NOUN
avtoritarizm	NOUN
avtorlaş	VERB
avtorlaştir	VERB
avtorlik	NOUN
avtorucka	NOUN
avtosalon	NOUN
avtosaroy	NOUN
avtostansiya	NOUN
avtostop	NOUN
avtostrada	NOUN
avtosugor	NOUN
avtosugorgic	NOUN
avtotransport	NOUN
avtouy	NOUN
avtovokzal	NOUN
avtoxojalik	NOUN
avtozavod	NOUN
avval	ADJ,ADV,AUX,NOUN
avval-oxir	ADV
avvalambor	PRT
avvalan	ADV
avvalgi	ADJ,ADV
avvalgica	ADV
avvalgiday	ADV
avvali	ADV
avvaliddin	NOUN
avvallari	ADV
avvalmomo	NOUN
avvalmurod	NOUN
avvalo	ADV,PRT
avzo	NOUN
avzoi	NOUN
ax	NOUN
axab	NOUN
axadjon	NOUN
axaya	NOUN
axbor	NOUN
axborot	NOUN
axborotnoma	NOUN
axd	NOUN
axdnoma	NOUN
axib	NOUN
axil	NOUN
axir	ADV,PRT
axiri	PRT
axiy	NOUN
axiyri	PRT
axl	NOUN
axlat	NOUN
axlatxona	NOUN
axloq	ADJ,NOUN
axloqiy	ADJ
axloqli	NOUN
axloqlilik	NOUN
axloqsiz	ADJ,NOUN
axloqsizlik	NOUN
axmetli	NOUN
axror	NOUN
axsi	NOUN
axta	NOUN,VERB
axtaci	NOUN
axtala	VERB
axtalan	VERB
axtalantir	VERB
axtam	NOUN
axtar	NOUN,VERB
axtarin	VERB
axtariş	VERB
axtartir	VERB
axtaxona	NOUN
ay	INTJ,NOUN
aya	NOUN,VERB
ayaca	NOUN
ayajon	NOUN
ayakoz	NOUN
ayal	VERB
ayamajiz	NOUN
ayamajuz	NOUN
ayanc	ADJ,NOUN
ayancli	ADJ
ayanovic	NOUN
ayaş	VERB
ayb	ADJ,NOUN,VERB
aybdor	ADJ,NOUN
aybdorlik	NOUN
aybla	NOUN,VERB
ayblan	NOUN,VERB
ayblantir	VERB
ayblanuvci	NOUN
ayblaş	VERB
ayblo	NOUN
ayblov	NOUN
ayblovci	NOUN
aybnoma	NOUN
aybsit	VERB
aybsiz	ADJ,NOUN
aybsizlik	NOUN
aydar	NOUN
aydarkol	NOUN
aydin	NOUN
aydinspor	NOUN
aydnspor	NOUN
aydos	NOUN
aygir	NOUN
aygirqiyoq	NOUN
aygiz	NOUN
aygoq	ADJ,NOUN,VERB
aygoqci	NOUN
aygoqcilik	NOUN
aygoqla	VERB
aygul	NOUN
ayhan	NOUN
ayhay	VERB
ayhayla	VERB
ayhaylat	VERB
ayhaylaş	VERB
ayil	NOUN,VERB
ayimgul	NOUN
ayiq	NOUN
ayiqmurut	NOUN
ayiqtovon	NOUN
ayiqtovondoş	NOUN
ayiqtovondoşlar	NOUN
ayir	ADJ,NOUN,VERB
ayirboş	NOUN,VERB
ayirboşla	VERB
ayirboşlan	VERB
ayirgic	NOUN
ayiriş	VERB
ayirma	ADJ,NOUN
ayirmaci	ADJ,NOUN
ayirmacilik	NOUN
ayirmali	NOUN
ayirtir	VERB
ayiruv	NOUN
ayisbiz	NOUN
aykl	NOUN
ayla	NOUN,VERB
aylan	ADJ,NOUN,VERB
aylana	ADJ,NOUN
aylanib-orgil	VERB
aylaniş	VERB
aylanm	ADJ
aylanma	ADJ,NOUN
aylanmacoq	NOUN
aylanmcoq	ADJ
aylantir	VERB
aylar	NOUN
aylin	NOUN
aymaş	VERB
aymoq	NOUN
aymoqi	NOUN
ayn	NOUN
ayna	NOUN,VERB
aynacic	NOUN
aynama	NOUN
aynamaci	NOUN
aynamacilik	NOUN
aynan	ADV
aynaş	NOUN
ayni	NOUN,VERB
ayniddin	NOUN
aynijahon	NOUN
aynijamol	NOUN
aynikamol	NOUN
aynimaci	NOUN
ayniqsa	PRT
ayniya	NOUN
ayniyat	NOUN
aynulla	NOUN
aynura	NOUN
ayo	NOUN
ayol	NOUN
ayon	ADV,NOUN,VERB
ayona	NOUN
ayonlaş	VERB
ayoq	NOUN
ayoqci	NOUN
ayoqoşuv	NOUN
ayov	NOUN
ayovlik	NOUN
ayoz	ADJ,NOUN,VERB
ayozbek	NOUN
ayozla	VERB
ayozli	ADJ
ayqaş	VERB
ayqinboy	NOUN
ayqir	NOUN,VERB
ayr	ADJ,NOUN,VERB
ayra	NOUN
ayram	NOUN
ayrat	NOUN
ayri	ADJ,NOUN
ayribel	NOUN
ayriboş	VERB
ayriboşla	VERB
ayriboşlan	VERB
ayriboşlat	VERB
ayriboşlattir	VERB
ayril	NOUN,VERB
ayrilik	NOUN
ayriliq	NOUN
ayriliş	VERB
ayriltir	VERB
ayrim	NOUN,VERB
ayrimla	VERB
ayrimlan	VERB
ayrimlaş	VERB
ayrimlik	NOUN
ayritoş	NOUN
ayro	NOUN
ayrolik	NOUN
ayron	NOUN
ayronci	NOUN
aysanam	NOUN
aysberg	NOUN
ayt	ADJ,NOUN,VERB
aytarli	ADJ
aytganday	PRT
aytim	NOUN
aytiş	NOUN,VERB
aytişuv	NOUN
aytmoqci	PRT
aytqic	NOUN
ayttir	VERB
aytunga	NOUN
ayub	NOUN
ayup	NOUN
ayupovic	NOUN
ayvanovic	NOUN
ayvazov	NOUN
ayvazova	NOUN
ayvazovskaya	NOUN
ayvazovskiy	NOUN
ayvon	NOUN
ayyom	NOUN
ayyor	ADJ,ADV,NOUN
ayyorgarcilik	NOUN
ayyorgarlik	NOUN
ayyorik	NOUN
ayyorlik	NOUN
ayyorona	ADV
ayyub	NOUN
ayyuhannos	NOUN
ayş	NOUN
ayşgoh	NOUN
az	NOUN
aza	ADJ,NOUN
azab	NOUN
azaddan	ADV
azador	ADJ,NOUN
azadorlik	NOUN
azal	ADJ
azalbibi	NOUN
azalboy	NOUN
azalik	NOUN
azaliy	ADJ
azam	NOUN
azamat	ADJ,NOUN
azamatlik	NOUN
azamatulla	NOUN
azamiddin	NOUN
azamqul	NOUN
azarbayjon	NOUN
azariya	NOUN
azarov	NOUN
azarova	NOUN
azavoz	NOUN
azavozlik	NOUN
azayim	NOUN
azayimxon	NOUN
azayimxonlik	NOUN
azbaroyi	NOUN
azfar	NOUN
azganuş	NOUN
azhar	NOUN
azim	ADJ,NOUN
azima	NOUN
azimat	NOUN
azimbek	NOUN
azimberdi	NOUN
azimboy	NOUN
azimgul	NOUN
azimiddin	NOUN
azimjon	NOUN
azimqul	NOUN
azimut	NOUN
azimuşşon	NOUN
azimxon	NOUN
azimşer	NOUN
azimşoh	NOUN
azirovic	NOUN
aziyat	NOUN
aziymaxon	NOUN
aziz	ADJ,NOUN,VERB
aziza	NOUN
azizali	NOUN
azizbegim	NOUN
azizbek	NOUN
azizbeka	NOUN
azizberdi	NOUN
azizbergan	NOUN
aziziddin	NOUN
azizkeldi	NOUN
azizla	VERB
azizlan	VERB
azizlaş	VERB
azizmirzo	NOUN
azizmurod	NOUN
azizniso	NOUN
azizov	NOUN
azizova	NOUN
azizpoşşa	NOUN
aziztoy	NOUN
azizturdi	NOUN
azizulislom	NOUN
azizulla	NOUN
azizulloh	NOUN
azizxol	NOUN
azizxon	NOUN
azizşoh	NOUN
azl	NOUN
azlarxon	NOUN
azm	NOUN
azmi	NOUN
azmiddin	NOUN
azmiya	NOUN
azmkor	NOUN
azmoyiş	NOUN
azmqor	NOUN
azmuda	NOUN
aznaboy	NOUN
aznaqul	NOUN
aznavur	NOUN
azo	NOUN
azob	NOUN,VERB
azob-uqubat	NOUN
azobla	VERB
azoblan	VERB
azoblantir	VERB
azolik	NOUN
azon	NOUN
azonboy	NOUN
azonci	NOUN
azonda	ADV
azop	NOUN
azot	NOUN,VERB
azotla	VERB
azotlan	VERB
azotlaş	VERB
azotlaştir	VERB
azov	NOUN
azova	NOUN
azozil	NOUN
azro	NOUN
azroil	NOUN
aztahidil	NOUN
azza-bazza	ADV
aşaddi	NOUN
aşdovn	NOUN
aşimov	NOUN
aşimova	NOUN
aşir	NOUN
aşirov	NOUN
aşirova	NOUN
aşk	NOUN
aşob	NOUN
aşor	NOUN
aşraf	NOUN
aşrafiddin	NOUN
aşrafulla	NOUN
aştak	NOUN
aşton	NOUN
aşula	NOUN
aşulaci	NOUN
aşulacilik	NOUN
aşumov	NOUN
aşumova	NOUN
aşur	NOUN
aşura	NOUN
aşurahmad	NOUN
aşurali	NOUN
aşurberdi	NOUN
aşurboqi	NOUN
aşurgul	NOUN
aşurjilon	NOUN
aşurmamat	NOUN
aşurmat	NOUN
aşurmuhammad	NOUN
aşurmurod	NOUN
aşurnazar	NOUN
aşurniyoz	NOUN
aşurpolat	NOUN
aşurqul	NOUN
aşurtoş	NOUN
aşurxol	NOUN
aşyo	NOUN
aşşa	NOUN
ba/davlat	NOUN
ba/davlatlik	NOUN
baa	IMIT
baaa	IMIT
baayni	ADV
baba	VERB
babala	VERB
babalaş	VERB
babanka	NOUN
babaq	ADJ,NOUN
babatay	NOUN
babbit	NOUN
babenko	NOUN
babesku	NOUN
babic	NOUN
babintsi	NOUN
baca	NOUN
bacadon	NOUN
bacajiş	NOUN
bacca	NOUN
baccaboz	NOUN
baccabozlik	NOUN
baccalik	NOUN
baccataloq	NOUN
baccaxorak	NOUN
backana	ADV,NOUN,VERB
backanaboz	NOUN
backanabozlik	NOUN
backanadoz	NOUN
backanagar	NOUN
backanagarcilik	NOUN
backanalarca	ADV
backanalaş	VERB
backanalaştir	VERB
backanalik	NOUN
backi	NOUN,VERB
backila	VERB
backilat	VERB
bacqila	NOUN
bacqir	NOUN
bad	NOUN
badajoz	NOUN
badal	NOUN
badalbibi	NOUN
badalgozi	NOUN
badaljamol	NOUN
badalmurod	NOUN
badalsoy	NOUN
badan	NOUN
badana	NOUN
badaninskaya	NOUN
badaninski	NOUN
badantarbiya	NOUN
badar	NOUN
badarga	NOUN
badastir	ADV,NOUN
badaviy	NOUN
badaviylik	NOUN
badavlat	VERB
badavlatlaş	VERB
badaxloq	ADJ,NOUN
badaxloqlik	NOUN
badaxşon	NOUN
badayev	NOUN
badayeva	NOUN
badayovuliştixon	NOUN
badbaxt	NOUN
badbaxtlik	NOUN
badbaşara	ADJ
badbin	NOUN,VERB
badbinlaş	VERB
badbinlik	NOUN
badboy	ADJ,NOUN,VERB
badboyla	VERB
badboylan	VERB
badboylaş	VERB
badboylik	NOUN
badburuş	NOUN,VERB
badburuşla	VERB
badburuşlan	VERB
badburuşlik	NOUN
baden	NOUN
badesku	NOUN
badfel	NOUN,VERB
badfellaş	VERB
badfellik	NOUN
badgir	NOUN
badgirlik	NOUN
badgumon	NOUN
badgumonlik	NOUN
badhazm	ADJ,NOUN,VERB
badhazmlaş	VERB
badhazmlik	NOUN
badhol	VERB
badhollan	VERB
badia	NOUN
badiabibi	NOUN
badiagul	NOUN
badiapari	NOUN
badiga	NOUN
badiha	NOUN
badihagoy	NOUN
badihagoylik	NOUN
badiiy	ADJ,NOUN
badiiyat	NOUN
badiiylik	NOUN
badiiyot	NOUN
badik	NOUN
badikci	NOUN
badikxon	NOUN
badir	NOUN,VERB
badira	NOUN
badirla	VERB
badirlaş	VERB
badiuljamol	NOUN
badiulla	NOUN
badiuzzamon	NOUN
badiya	NOUN
badjahl	ADJ,NOUN
badjahllik	NOUN
badkirdor	NOUN
badkirdorlik	NOUN
badkor	NOUN
badkorlik	NOUN
badlan	VERB
badmast	NOUN
badmastlik	NOUN
badminton	NOUN
badmuomala	NOUN
badmuomalalik	NOUN
badnafs	ADJ,NOUN,VERB
badnafslaş	VERB
badnafslik	NOUN
badnamo	NOUN
badnamolik	NOUN
badnom	NOUN,VERB
badnomla	VERB
badnomlaş	VERB
badnomlik	NOUN
badqovoq	NOUN
badqovoqlik	NOUN
badr	NOUN
badraf	NOUN
badrafxona	NOUN
badraşk	ADJ
badriddin	NOUN
badrijahon	NOUN
badrijamol	NOUN
badrikamol	NOUN
badrimomo	NOUN
badriniso	NOUN
badriya	NOUN
badrqul	NOUN
badrulhayot	NOUN
badrulla	NOUN
badrşo	NOUN
badtar	NOUN,VERB
badtarin	NOUN
badtarlaş	VERB
badxat	NOUN
badxoh	NOUN
badxohlik	NOUN
badxor	VERB
badxorlaş	VERB
badxulq	ADJ
badya	NOUN
baf	NOUN
bafo	NOUN
bafurja	ADV
bag	VERB
bag-bug	IMIT
bagaj	NOUN
bagajnik	NOUN
bagajxona	NOUN
baganali	NOUN
bagandik	NOUN
bagaric	NOUN
bagatir	NOUN
bagayev	NOUN
bagayeva	NOUN
bagayrat	NOUN
bagaz	NOUN
bagdasar	NOUN
bagdaş	NOUN
bagdod	NOUN
bagdodiy	NOUN
bagic	NOUN
bagilla	VERB
bagillat	VERB
bagillaş	VERB
bagir	NOUN,VERB
bagirla	VERB
bagirlaş	VERB
bagiz	NOUN
bagiş	NOUN
bagişla	VERB
bagişlan	VERB
bagişlanil	VERB
bagişlar	NOUN
bagişlat	VERB
bagişlattir	VERB
bagişlo	NOUN
bagişlovci	NOUN
bagoyat	ADV
bagrayev	NOUN
bagrayeva	NOUN
bagrikeng	NOUN
bagrikenglik	NOUN
bagriqurt	NOUN
bagrov	NOUN
bagrova	NOUN
bahamjihat	NOUN
bahamjihatlik	NOUN
bahaq	NOUN
bahar	NOUN
baharev	NOUN
bahareva	NOUN
bahbah	VERB
bahbahla	VERB
bahcisarayskaya	NOUN
bahcisarayski	NOUN
bahesaray	NOUN
bahic	NOUN
bahiya	NOUN
bahlul	NOUN
bahman	NOUN
bahmanyor	NOUN
baho	NOUN,VERB
bahodir	ADV,NOUN
bahodira	NOUN
bahodirlarca	ADV
bahodirlik	NOUN
bahodirşo	NOUN
bahoiy	NOUN
bahoiylik	NOUN
bahola	VERB
baholan	VERB
baholat	VERB
baholattir	VERB
baholaş	VERB
baholi	NOUN
baholo	NOUN
baholovci	NOUN
bahona	NOUN
bahonaci	NOUN
bahor	ADJ,NOUN
bahora	NOUN
bahorgi	ADJ
bahori	NOUN
bahorikor	NOUN
bahorikorlik	NOUN
bahoriston	NOUN
bahorjamol	NOUN
bahorniyoz	NOUN
bahoroy	NOUN
bahoulla	NOUN
bahovaddin	NOUN
bahovuddin	NOUN
bahr	NOUN
bahra	NOUN,VERB
bahragul	NOUN
bahrala	VERB
bahralan	VERB
bahralantir	VERB
bahraman	NOUN
bahramand	NOUN
bahrayn	NOUN
bahri	NOUN
bahribayt	NOUN
bahriddin	NOUN
bahridil	NOUN
bahrimurod	NOUN
bahrin	NOUN
bahrinca	NOUN
bahriniso	NOUN
bahriya	NOUN
bahrom	NOUN
bahromali	NOUN
bahromiddin	NOUN
bahromqul	NOUN
bahron	NOUN
bahronbayot	NOUN
bahronqul	NOUN
bahrulla	NOUN
bahruz	NOUN
bahs	ADJ,NOUN,VERB
bahsci	NOUN
bahsdoş	NOUN
bahslaş	NOUN,VERB
bahslaştir	VERB
bahslaşuvci	NOUN
bahsli	ADJ
bahuzur	VERB
bahuzurla	VERB
bahuzurlan	VERB
baic	NOUN
baidu	NOUN
bains	NOUN
bairov	NOUN
bairova	NOUN
baittifoq	NOUN
bajanak	NOUN
bajar	VERB
bajargiz	VERB
bajaril	VERB
bajariş	VERB
bajarol	VERB
bajart	VERB
bajartir	VERB
bajatovic	NOUN
bajic	NOUN
bajid	NOUN
bajit	NOUN
bajo	NOUN
bajonidil	ADV
bajonudil	ADV
bak	NOUN
baka-baka-bum	IMIT
baka-bang	IMIT
bakadrihol	NOUN
bakajuxori	NOUN
bakalavr	NOUN
bakalavriant	NOUN
bakatun	NOUN
bakhtiya	NOUN
baki	NOUN
bakic	NOUN
bakinovic	NOUN
bakir	NOUN
bakira	NOUN
bakirkoyspor	NOUN
bakirulla	NOUN
bakkal	NOUN
bakor	NOUN
bakorat	NOUN
bakovic	NOUN
bakovul	NOUN
bakovulboşi	NOUN
bakoyanni	NOUN
bakr	NOUN
bakra	NOUN
bakrkyspor	NOUN
bakteriolog	NOUN
bakteriologiya	NOUN
bakteriya	NOUN
baktu	NOUN
baku	NOUN
bakuc	NOUN
bal	ADJ,NOUN
balabon	NOUN
baladiya	NOUN
balak	NOUN
balalayka	NOUN
baland	ADJ,NOUN,VERB
baland-baland	ADJ
baland-past	ADJ
balandcayla	NOUN
balandla	VERB
balandlat	VERB
balandlaş	VERB
balandlik	NOUN
balandparvoz	ADJ,NOUN
balandparvozlik	NOUN
balans	NOUN,VERB
balansir	NOUN
balansirovka	NOUN
balansla	VERB
balanslan	VERB
balanslaş	VERB
balanslaştir	VERB
balasagun	NOUN
balaxivka	NOUN
balbala	NOUN
balbay	NOUN
balciq	NOUN,VERB
balciqla	VERB
balciqlan	VERB
balciqzor	NOUN
balda	NOUN
baldoq	NOUN
balerina	NOUN
balet	NOUN
baletci	NOUN
baletmeyster	NOUN
balgam	NOUN
balgami	NOUN
bali	NOUN
balic	NOUN
balik	NOUN
balikesirspor	NOUN
baliq	NOUN
baliqci	NOUN
baliqcilik	NOUN
baliqfuruş	NOUN
baliqkoz	NOUN
baliqpaz	NOUN
baliqqiygir	NOUN
baliqtozalagic	NOUN
baliqul	NOUN
balka	NOUN
balkar	NOUN
balkesir	NOUN
balkesrspor	NOUN
balki	CNJ,PRT
balkon	NOUN
balkovskiy	NOUN
ball	NOUN
ballada	NOUN
ballast	NOUN
ballaster	NOUN
balli	ADJ,INTJ
balliboy	NOUN
balliqul	NOUN
ballistika	NOUN
ballon	NOUN
ballonli	NOUN
balneolog	NOUN
balneologiya	NOUN
balneoterapiya	NOUN
balneotexnika	NOUN
balo	ADV,NOUN
baloday	ADV
balodek	ADV
balogardon	NOUN
balogat	NOUN
balogiddin	NOUN
baloq	NOUN
balq	VERB
balqamboq	NOUN
balqanqaycili	NOUN
balqi	NOUN,VERB
balqin	NOUN
balqit	VERB
balqiya	NOUN
balta	NOUN
baltazarevic	NOUN
baltimor	NOUN
baltistan	NOUN
balujca	VERB
balujcala	VERB
balx	NOUN
balxi	NOUN
balxinoy	NOUN
balxiya	NOUN
balxiyon	NOUN
balzam	NOUN,VERB
balzamla	VERB
bamako	NOUN
bamani	NOUN
bamanilik	NOUN
bamaslahat	ADV
bamaylixotir	ADV,NOUN
bamaylixotirlik	NOUN
bambuk	NOUN
bambukayiq	NOUN
bambukzor	NOUN
bamir	NOUN
banan	NOUN
bananzor	NOUN
band	ADJ,NOUN,VERB
banda	NOUN,PRON
bandaali	NOUN
bandacilik	NOUN
bandaj	NOUN
bandak	NOUN
bandalik	NOUN
bandar	NOUN
bandargoh	NOUN
bandaxona	NOUN
bandazot	NOUN
banderol	NOUN
bandi	NOUN
bandibon	NOUN
bandic	NOUN
bandilik	NOUN
bandit	NOUN
banditizm	NOUN
banditlik	NOUN
bandixon	NOUN
bandixona	NOUN
bandizindon	NOUN
bandla	VERB
bandlan	VERB
bandlik	NOUN
bandura	NOUN
banduraci	NOUN
bang	NOUN
bangi	NOUN
bangidevona	NOUN
bangilik	NOUN
bangixona	NOUN
bangkok	NOUN
bangladeş	NOUN
banibaşar	NOUN
banic	NOUN
baniinson	NOUN
baniodam	NOUN
banjevic	NOUN
bank	NOUN
banka	NOUN
bankabroş	NOUN
banket	NOUN
bankir	NOUN
banknot	NOUN
bankomat	NOUN
bankrot	NOUN,VERB
bankrotla	VERB
bankrotlaş	VERB
bankrotlik	NOUN
banno	NOUN
banoat	NOUN
banogoh	ADV,NOUN
banon	NOUN
banona	NOUN
banoras	NOUN
banot	NOUN
banovci	NOUN
banovic	NOUN
bantik	NOUN
baptist	NOUN
baptizm	NOUN
baqa	NOUN
baqacanoq	NOUN
baqadrihol	ADV,NOUN
baqajoxori	NOUN
baqamti	ADV
baqaqurulloq	NOUN
baqar	NOUN
baqara	NOUN
baqasalla	NOUN
baqaterak	NOUN
baqaton	NOUN
baqavli	NOUN
baqay	NOUN
baqayaproq	NOUN
baqbaqa	NOUN
baqil	NOUN
baqir	ADJ,NOUN,VERB
baqir-buqur	IMIT
baqirboy	NOUN
baqircl	NOUN
baqirla	VERB
baqiroq	ADJ
baqiya	NOUN
baqlajon	NOUN
baqo	NOUN
baqoc	NOUN
baqoqul	NOUN
baqoulla	NOUN
baqoş	NOUN
baqqila	VERB
baqqol	NOUN
baqqolcilik	NOUN
baqqollik	NOUN
baqqolxona	NOUN
baqray	VERB
baqrayt	VERB
baqraytir	VERB
bar	NOUN
bara	NOUN
baraban	NOUN
barabanci	NOUN
barabba	NOUN
barack	NOUN
barahman	NOUN
barahna	NOUN
barak	NOUN
baraka	NOUN
barakalla	INTJ,NOUN
barakallaci	NOUN
barakallacilik	NOUN
barakat	NOUN
barakatulla	NOUN
baralla	ADV
baranebo	NOUN
barangor	NOUN
baranivka	NOUN
baranov	NOUN
baranova	NOUN
baraq	NOUN
barat	NOUN
baravar	ADJ,ADV,NOUN,VERB
baravariga	ADV
baravarla	VERB
baravarlaş	VERB
baravarlaştir	VERB
baravarlik	NOUN
baravj	NOUN
barbados	NOUN
barbaric	NOUN
barbod	NOUN
barbodlik	NOUN
barbulesku	NOUN
barbutov	NOUN
barbutova	NOUN
barcaboy	NOUN
barcelona	NOUN
barcic	NOUN
barcin	NOUN
barcinbuvi	NOUN
barcinsuluv	NOUN
barda	NOUN
bardam	ADJ,NOUN,VERB
bardamlan	VERB
bardamlaş	VERB
bardamlik	NOUN
bardast	NOUN
bardi	NOUN
bardişukur	NOUN
bardoş	ADJ,NOUN
bardoşli	ADJ,NOUN
bardoşlilik	NOUN
barents	NOUN
barer	NOUN
barfi	NOUN
barfina	NOUN
barfiniso	NOUN
barfiya	NOUN
barg	NOUN,VERB
bargak	NOUN
bargi	NOUN
bargigul	NOUN
bargikaram	NOUN
bargin	NOUN
barginiso	NOUN
bargixol	NOUN
bargizot	NOUN
bargizub	NOUN
bargla	VERB
barglat	VERB
bargrezon	NOUN
bargsiz	VERB
bargsizla	VERB
bargsizlan	VERB
bari	NOUN
baribir	PRT
baribog	NOUN
baric	NOUN
barikaram	NOUN
barimta	NOUN
barin	NOUN
barina	NOUN
barinboy	NOUN
barisfera	NOUN
barisic	NOUN
bariton	NOUN
bariy	NOUN
bariyev	NOUN
bariyeva	NOUN
barişivka	NOUN
barja	NOUN
barkamol	ADJ,NOUN,VERB
barkamollaş	VERB
barkasta	NOUN
barkastalik	NOUN
barkaş	NOUN,VERB
barkaşboy	NOUN
barkaşla	VERB
barlos	NOUN
barmanboy	NOUN
barmoq	NOUN
barmoqboy	NOUN
barnaba	NOUN
barnabo	NOUN
barnaul	NOUN
barno	ADJ,NOUN
barnobibi	NOUN
barnogul	NOUN
baroa	NOUN
barograf	NOUN
barokamera	NOUN
barometr	NOUN
baron	NOUN
baroq	NOUN
barot	NOUN
barotali	NOUN
barotjon	NOUN
barotov	NOUN
barotova	NOUN
barotravma	NOUN
barotulla	NOUN
barovic	NOUN
barpi	NOUN
barpigul	NOUN
barpo	NOUN
barq	NOUN,VERB
barqaror	ADJ,NOUN,VERB
barqarorla	VERB
barqarorlan	VERB
barqarorlaş	VERB
barqarorlik	NOUN
barqarorlik\	NOUN
barqira	VERB
barra	NOUN
barragul	NOUN
barrel	NOUN
barri	NOUN
barrikada	NOUN
barroso	NOUN
bars	NOUN
barselona	NOUN
bart	NOUN
bartaraf	VERB
bartarafla	VERB
bartaraflan	VERB
bartenstein	NOUN
barter	NOUN
baruh	NOUN
barvaqt	ADV
barvasta	ADJ,NOUN
barvastalik	NOUN
barvinenko	NOUN
barxan	NOUN
barxit	NOUN
barzan	NOUN
barziya	NOUN
barzu	NOUN
barş	NOUN
bas	NOUN,VERB
basalic	NOUN
basanda	NOUN
basar	NOUN
basayev	NOUN
basayeva	NOUN
basbibi	NOUN
basbuvi	NOUN
basel	NOUN
basesku	NOUN
basevic	NOUN
basgul	NOUN
basic	NOUN
basida	NOUN
basilat	NOUN
basir	NOUN
basira	NOUN
basirat	NOUN
basit	NOUN,VERB
basitla	VERB
basitlan	VERB
basitlantir	VERB
basitlaş	VERB
basiya	NOUN
basiyat	NOUN
bask	NOUN
baskakov	NOUN
baskakova	NOUN
basketbol	NOUN
basketbolci	NOUN
basla	VERB
baslan	VERB
baslaş	VERB
basma-bas	ADV
basma-basga	ADV
basma-basiga	ADV
basmabas	VERB
basmabasla	VERB
basmabaslaş	VERB
basoat	NOUN
basoy	NOUN
basra	NOUN
bassein	NOUN
basseyn	NOUN
bassona	NOUN
bast	NOUN
basta	NOUN,VERB
bastakor	NOUN
bastakorlik	NOUN
bastala	VERB
bastalan	VERB
bastalaş	VERB
bastalik	NOUN
bastam	NOUN
bastan	NOUN
basti	NOUN
bastixon	NOUN
bastmo	NOUN
basyugan	NOUN
batakovic	NOUN
batalon	NOUN
batalyon	NOUN
batang	NOUN
batareya	NOUN
batic	NOUN
batinic	NOUN
batirov	NOUN
batirova	NOUN
batisfera	NOUN
batiskaf	NOUN
batist	NOUN
batken	NOUN
batlamyus	NOUN
batman	NOUN
batometr	NOUN
baton	NOUN
batov	NOUN
batova	NOUN
batovo	NOUN
batoş	NOUN
batrackom	NOUN
batrak	NOUN,VERB
batraklaş	VERB
batraklik	NOUN
batricevic	NOUN
batsilla	NOUN
batsillalar	NOUN
battar	VERB
battarla	VERB
battarlaş	VERB
battol	ADJ,NOUN
battolgozi	NOUN
battollik	NOUN
batur	NOUN
baturin	NOUN
bavaria	NOUN
bavariya	NOUN
bavosir	NOUN
baxavar	NOUN
baxavarlik	NOUN
baxay	NOUN
baxayolga	ADV
baxil	ADJ,NOUN,VERB
baxillan	VERB
baxillaş	VERB
baxillik	NOUN
baxir	NOUN
baxirboy	NOUN
baxiya	NOUN
baxiştol	NOUN
baxmac	NOUN
baxmal	NOUN
baxmalkol	NOUN
baxmalpoş	NOUN
baxman	NOUN
baxmut	NOUN
baxniyora	NOUN
baxsan	NOUN
baxt	ADJ,NOUN
baxti	NOUN
baxtiazim	NOUN
baxtibek	NOUN
baxtibor	NOUN
baxtigul	NOUN
baxtillo	NOUN
baxtimga	PRT
baxtimurod	NOUN
baxtin	NOUN
baxtinisa	NOUN
baxtiniso	NOUN
baxtiniyoz	NOUN
baxtinur	NOUN
baxtiqiz	NOUN
baxtiqul	NOUN
baxtiya	NOUN
baxtiyor	ADJ,NOUN
baxtiyori	NOUN
baxtiyoriy	NOUN
baxtiyoriylar	NOUN
baxtiyorlik	NOUN
baxtişod	NOUN
baxtjon	NOUN
baxtli	ADJ,NOUN
baxtlik	NOUN
baxtlilik	NOUN
baxtliman	NOUN
baxtnoma	NOUN
baxtovar	NOUN
baxtsiz	ADJ,NOUN
baxtsizlik	NOUN
baxtşod	NOUN
baxya	NOUN,VERB
baxyadoz	NOUN
baxyaduz	NOUN
baxyala	VERB
baxyalat	VERB
baxşan	NOUN
baxşanda	NOUN
baxşi	NOUN
baxşijar	NOUN
baxşiqul	NOUN
baxşiullo	NOUN
baxşiş	NOUN
baxşulla	NOUN
bay	NOUN,VERB
bay-bay	INTJ
bayam	NOUN
bayamboz	NOUN
bayambozlik	NOUN
bayan	NOUN
bayanci	NOUN
bayangolin	NOUN
bayangul	NOUN
bayatovic	NOUN
bayazit	NOUN
baybay	VERB
baybayla	VERB
baybaylat	VERB
baybaylaş	VERB
baydar	NOUN
baydarka	NOUN
baydoq	NOUN
baydoqci	NOUN
bayic	NOUN
bayir	NOUN,VERB
bayirahror	NOUN
bayirla	VERB
bayirlaş	VERB
bayirlik	NOUN
bayirqul	NOUN
bayka	NOUN
baylaş	VERB
baymoqli	NOUN
bayna	NOUN
baynalmilal	ADJ,NOUN
baynalmilalci	NOUN
baynalmilalcilik	NOUN
baynalmilallik	NOUN
baynaxol	NOUN
bayon	NOUN,VERB
bayonat	NOUN
bayonatcilik	NOUN
bayoncilik	NOUN
bayongul	NOUN
bayoniddin	NOUN
bayonla	VERB
bayonmirza	NOUN
bayonnoma	NOUN
bayonot	NOUN
bayonqul	NOUN
bayot	NOUN
bayotqul	NOUN
bayov	NOUN,VERB
bayovlaş	VERB
bayovlik	NOUN
bayoz	NOUN
bayram	NOUN,VERB
bayramali	NOUN
bayrambaxt	NOUN
bayrambibi	NOUN
bayramcilik	NOUN
bayramgul	NOUN
bayramlaş	NOUN,VERB
bayramlik	NOUN
bayrammamat	NOUN
bayrammuhammad	NOUN
bayrammurod	NOUN
bayramnazar	NOUN
bayramniyoz	NOUN
bayramnur	NOUN
bayramov	NOUN
bayramova	NOUN
bayramovic	NOUN
bayramovskiy	NOUN
bayramqilic	NOUN
bayramqul	NOUN
bayramsaid	NOUN
bayramsoat	NOUN
bayramturdi	NOUN
bayramtursun	NOUN
bayramxoja	NOUN
bayramzohid	NOUN
bayri	NOUN
bayric	NOUN
bayriniso	NOUN
bayroq	NOUN
bayroqca	NOUN
bayrovic	NOUN
bayt	NOUN
baytal	NOUN
baytalci	NOUN
baytalmon	NOUN
baytar	NOUN
baytariya	NOUN
baytarlik	NOUN
baytlahm	NOUN
baytulafra	NOUN
baytulla	NOUN
baytullo	NOUN
baytulloh	NOUN
baytullox	NOUN
baytulmol	NOUN
bayzo	NOUN
bayzoq	NOUN
baza	NOUN
bazaliya	NOUN
bazalt	NOUN
bazan	ADV,CNJ
bazan-bazan	CNJ
bazarcik	NOUN
bazis	NOUN
bazl	NOUN
bazm	NOUN
bazmci	NOUN
bazmgoh	NOUN
bazmoro	NOUN
bazmxona	NOUN
bazor	ADV
bazzi	NOUN
bazzoz	NOUN
bazzozlik	NOUN
başang	VERB
başangla	VERB
başanglaş	VERB
başar	NOUN
başara	ADJ,NOUN
başarali	NOUN
başarii	NOUN
başariy	NOUN
başariyat	NOUN
başarti	CNJ
başir	NOUN
başira	NOUN
başirqul	NOUN
başirulla	NOUN
başkirov	NOUN
başkirova	NOUN
başnya	NOUN
başoq	NOUN
başor	NOUN
başorat	NOUN
başoratci	NOUN
başqirdiston	NOUN
bbc	NOUN
bdp	NOUN
beaune	NOUN
beauvais	NOUN
bebalk	NOUN
bebic	NOUN
bebilcak	NOUN
beburd	VERB
beburdlan	VERB
beburdlantir	VERB
beca	NOUN
becirovic	NOUN
becora	NOUN
becoracilik	NOUN
becoralik	NOUN
becoraparvar	NOUN
becoraparvarlik	NOUN
becovic	NOUN
beda	NOUN
bedacilik	NOUN
bedak	NOUN
bedakor	NOUN
bedakorlik	NOUN
bedana	NOUN
bedanaboz	NOUN
bedanamaşak	NOUN
bedapoya	NOUN
bedarmon	NOUN
bedarmonlik	NOUN
bedaxona	NOUN
bedazor	NOUN
bedil	NOUN
bedilxon	NOUN
bedilxonlik	NOUN
bedod	NOUN
bedodlik	NOUN
bedor	ADJ,NOUN,VERB
bedorbaxt	NOUN
bedorlan	VERB
bedorlantir	VERB
bedorlik	NOUN
bedorxob	NOUN
bedorxoblik	NOUN
beethoven	NOUN
befahm	NOUN
befahmlik	NOUN
befark	NOUN
befarklik	NOUN
befarosat	NOUN,VERB
befarosatlan	VERB
befarosatlaş	VERB
befarosatlik	NOUN
befarzand	NOUN
befarzandlik	NOUN
beg	NOUN
begali	NOUN
begam	NOUN,VERB
begamgul	NOUN
begamlan	VERB
begamlik	NOUN
begamoy	NOUN
begamqul	NOUN
began	NOUN
beganc	NOUN
beganj	NOUN
beganji	NOUN
begaraz	NOUN
begarazlik	NOUN
begemot	NOUN
begi	NOUN
begic	NOUN
begim	NOUN
begima	NOUN
begimmurod	NOUN
begimoy	NOUN
begimqul	NOUN
begimtoy	NOUN
beginiso	NOUN
begiya	NOUN
begiş	NOUN
begjon	NOUN
begjop	NOUN
beglamiş	NOUN
beglan	NOUN
beglar	NOUN
beglaroy	NOUN
begli	NOUN
begliqul	NOUN
beglov	NOUN
beglova	NOUN
begmamat	NOUN
begmat	NOUN
begmurod	NOUN
begna	NOUN
begniyoz	NOUN
begnor	NOUN
begona	NOUN,VERB
begonalaş	VERB
begonalaştir	VERB
begonalaştiril	VERB
begonalik	NOUN
begonasira	VERB
begovic	NOUN
begoyim	NOUN
begubor	NOUN
beguborlik	NOUN
begzod	NOUN
begzoda	NOUN
beh-beh	INTJ
behafsala	NOUN
behafsalalik	NOUN
behayo	VERB
behayolan	VERB
behbeh	VERB
behbehla	VERB
behbud	NOUN
behbudlik	NOUN
behi	NOUN
behigul	NOUN
behina	NOUN
behizor	NOUN
behişt	NOUN
behnoza	NOUN
behol	VERB
behollan	VERB
behramogli	NOUN
behrona	NOUN
behroz	NOUN
behruz	NOUN
behruza	NOUN
behtar	NOUN
behtarinzod	NOUN
behuda	NOUN
behudaga	ADV
behudalik	NOUN
behuzur	NOUN,VERB
behuzurlan	VERB
behuzurlik	NOUN
behuş	NOUN
behuşlik	NOUN
behzod	NOUN
beikta	NOUN
bejam	NOUN
bejamoy	NOUN
bejirim	NOUN
bejo	ADV,VERB
bejog	NOUN
bejoglik	NOUN
bejogliq	NOUN
bejolan	VERB
bek	ADV,NOUN
beka	NOUN
bekac	NOUN
bekali	NOUN
bekam	NOUN
bekamin	NOUN
bekas	NOUN
bekaslik	NOUN
bekat	NOUN
bekatci	NOUN
bekberdi	NOUN
bekbergan	NOUN
bekbol	NOUN
bekboldi	NOUN
bekbota	NOUN
bekbotir	NOUN
bekboy	NOUN
bekca	NOUN
bekcon	NOUN
bekdavlat	NOUN
bekdurdi	NOUN
bekduvol	NOUN
beketov	NOUN
beketova	NOUN
bekhan	NOUN
beki	NOUN
bekic	NOUN
bekik	NOUN
bekiklik	NOUN
bekil	NOUN
bekin	NOUN
bekinboy	NOUN
bekinma	NOUN
bekinmacoq	NOUN
bekiragic	NOUN
bekirbasic	NOUN
bekirov	NOUN
bekirova	NOUN
bekirovic	NOUN
bekitik	ADV
bekitikca	ADV
bekitiq	ADV
bekitiqca	ADV
bekiş	NOUN
bekjahon	NOUN
bekjon	NOUN
bekjontoy	NOUN
bekjora	NOUN
bekkeldi	NOUN
bekki	NOUN
beklar	NOUN
beklarbegi	NOUN
beklevic	NOUN
bekli	NOUN
beklik	NOUN
bekmamat	NOUN
bekmirza	NOUN
bekmuhammad	NOUN
bekmurod	NOUN
beknazar	NOUN
bekniyoz	NOUN
beknor	NOUN
beknoz	NOUN
beknur	NOUN
bekobod	NOUN
bekor	ADJ,NOUN
bekorci	ADJ,NOUN
bekorcilik	NOUN
bekorga	ADV
bekorlik	NOUN
bekoy	NOUN
bekoyim	NOUN
bekpolat	NOUN
bekpoşşa	NOUN
bekqora	NOUN
bekqozi	NOUN
bekqul	NOUN
bekri	NOUN
beksafar	NOUN
beksaid	NOUN
beksoli	NOUN
beksulton	NOUN
bektasevic	NOUN
bektaşevic	NOUN
bektemir	NOUN
bektilla	NOUN
bektilov	NOUN
bektohir	NOUN
bektora	NOUN
bektoy	NOUN
bektoş	NOUN
bektugdi	NOUN
bektur	NOUN
bekturdi	NOUN
bekturgon	NOUN
bekturgun	NOUN
bektursun	NOUN
bekuc	ADJ,NOUN,VERB
bekuclan	VERB
bekxoja	NOUN
bekyigit	NOUN
bekzod	NOUN
bekzoda	NOUN
bekzodbek	NOUN
bekzot	NOUN
bekşod	NOUN
bekşoh	NOUN
bel	ADJ,NOUN,VERB
bela	NOUN,VERB
belak	NOUN
belalov	NOUN
belalova	NOUN
belan	NOUN,VERB
belancak	NOUN
belangic	NOUN
belantir	VERB
belarusiya	NOUN
belat\ci	NOUN
belaventsev	NOUN
belaventseva	NOUN
belaş	VERB
belbek	NOUN
belbog	NOUN
belboglik	NOUN
belca	NOUN,VERB
belcala	NOUN,VERB
belci	NOUN
belcika	NOUN
beldamca	NOUN
beldor	ADJ
belebey	NOUN
belediyespor	NOUN
belene	NOUN
belfort	NOUN
belgi	NOUN,VERB
belgila	VERB
belgilan	VERB
belgilat	VERB
belgilaş	VERB
belgilo	NOUN
belgilovci	NOUN
belgiya	NOUN
belgiyalik	NOUN
belgrad	NOUN
belic	NOUN
belilla	VERB
belillala	VERB
belize	NOUN
belkic	NOUN
belkurak	NOUN
bella	NOUN,VERB
bellat	VERB
bellaş	NOUN,VERB
bellaştir	VERB
bellaşuv	NOUN
belletrist	NOUN
belletristika	NOUN
bellik	NOUN
beloroq	NOUN
belorus	NOUN
belorusca	VERB
beloruscala	VERB
beloruslar	NOUN
belorussiya	NOUN
belousov	NOUN
belousova	NOUN
belov	NOUN
belova	NOUN
belquvvat	NOUN
beltov	NOUN
beluga	NOUN
beluj	NOUN
belz	NOUN
bemador	NOUN,VERB
bemadorlan	VERB
bemadorlik	NOUN
bemajol	NOUN
bemajollik	NOUN
bemalol	NOUN
bemalolcilik	NOUN
bemani	NOUN
bemanigarcilik	NOUN
bemanilik	NOUN
bemano	NOUN
bemanolik	NOUN
bemaza	NOUN,VERB
bemazaboz	NOUN
bemazabozlik	NOUN
bemazagarcilik	NOUN
bemazalaş	VERB
bemazalaştir	VERB
bemazalik	NOUN
bemor	NOUN,VERB
bemorlan	VERB
bemorlik	NOUN
bemorxona	NOUN
ben	NOUN
benazir	NOUN
benevento	NOUN
bengal	NOUN
benin	NOUN
benjamin	NOUN
benomus	NOUN
benomuslik	NOUN
bentonit	NOUN
bentonitlar	NOUN
bentos	NOUN
benuqson	NOUN
benuqsonlik	NOUN
benzin	NOUN
benzokolonka	NOUN
benzol	NOUN
benzovoz	NOUN
beobro	VERB
beobrolan	VERB
beomon	NOUN
beomonlik	NOUN
beor	NOUN,VERB
beorlan	VERB
beorlaş	VERB
beorlik	NOUN
beozor	NOUN
beozorlik	NOUN
beparvo	NOUN,VERB
beparvolaş	VERB
beparvolik	NOUN
bepoyen	NOUN
bepoyenlik	NOUN
beqaror	NOUN
beqarorlik	NOUN
bequnim	ADJ,NOUN
bequvvat	ADJ,NOUN
bequvvatlik	NOUN
ber	NOUN,VERB
berahm	NOUN,VERB
berahmlaş	VERB
berahmlik	NOUN
beraver	VERB
berber	NOUN
berberci	NOUN
berbic	NOUN
berc	NOUN
berdan	NOUN
berdansk	NOUN
berdaq	NOUN
berdi	NOUN
berdiali	NOUN
berdibek	NOUN
berdiboy	NOUN
berdiciv	NOUN
berdigulom	NOUN
berdimalik	NOUN
berdimamat	NOUN
berdimat	NOUN
berdimavlon	NOUN
berdimuhammad	NOUN
berdimuhammedov	NOUN
berdimurod	NOUN
berdinazar	NOUN
berdinazir	NOUN
berdiniyoz	NOUN
berdinur	NOUN
berdiolim	NOUN
berdiqilic	NOUN
berdiqobil	NOUN
berdiqosim	NOUN
berdiqozi	NOUN
berdiqul	NOUN
berdiqurbon	NOUN
berdirahim	NOUN
berdirasul	NOUN
berditoş	NOUN
berdixoja	NOUN
berdixol	NOUN
berdiyev	NOUN
berdiyeva	NOUN
berdiyor	NOUN
berdişukur	NOUN
berdon	NOUN
beregomet	NOUN
beregove	NOUN
berejani	NOUN
berestecko	NOUN
berezan	NOUN
berezenko	NOUN
berezina	NOUN
berezne	NOUN
berezovets	NOUN
bergamo	NOUN
bergan	NOUN
beri	ADV,AUX,NOUN
beril	NOUN,VERB
berilgan	NOUN
berilganlik	NOUN
beriliş	NOUN
berilmovcanlik	NOUN
beriluv	NOUN
beriluvcan	NOUN
beriluvcanlik	NOUN
berisavlyevic	NOUN
berislav	NOUN
beriş	VERB
berişa	NOUN
berk	ADJ,VERB
berka	NOUN
berkali	NOUN
berkboy	NOUN
berke	NOUN
berkin	NOUN
berkinboy	NOUN
berkit	VERB
berkitil	VERB
berkli	NOUN
berktugdi	NOUN
berlin	NOUN
berlusconi	NOUN
bern	NOUN
bernabi	NOUN
bernadşav	NOUN
beronov	NOUN
beronova	NOUN
berova	NOUN
bertie	NOUN
bertollid	NOUN
bertollidlar	NOUN
berun	NOUN
beruniy	NOUN
berşad	NOUN
besabr	NOUN,VERB
besabrlan	VERB
besabrlik	NOUN
besanon	NOUN
besar	VERB
besaramjon	NOUN
besaramjonlik	NOUN
besaranjom	NOUN
besaranjomlik	NOUN
besarişta	NOUN
besariştalik	NOUN
besarlan	VERB
besic	NOUN
beslic	NOUN
besnik	NOUN
besonaqay	VERB
besonaqaylaş	VERB
besoqol	NOUN
besoqolboz	NOUN
besoqolbozlik	NOUN
bespalov	NOUN
bespalova	NOUN
bessemer	NOUN
besunaqay	NOUN
besunaqaylik	NOUN
bet	NOUN,VERB
beta	NOUN
betakalluf	NOUN
betakalluflik	NOUN
betamiz	NOUN,VERB
betamizlaş	VERB
betamizlik	NOUN
betaraf	NOUN,VERB
betaraflaş	VERB
betaraflaştir	VERB
betaraflaştiril	VERB
betaraflik	NOUN
betartib	NOUN,VERB
betartiblan	VERB
betartiblaş	VERB
betartiblik	NOUN
betasir	NOUN,VERB
betasirlan	VERB
betasirlik	NOUN
betayin	NOUN
betayinlik	NOUN
betaşviş	VERB
betaşvişlan	VERB
betgacopar	NOUN
betgacoparlik	NOUN
betinc	VERB
betinclan	VERB
betinclaş	VERB
betiqand	NOUN
betis	NOUN
betla	VERB
betla\ş\tir	VERB
betlan	VERB
betlar	NOUN
betlat	VERB
betlaş	VERB
betlaşol	VERB
betma-bet	ADV
betob	NOUN,VERB
betoblan	VERB
betoblik	NOUN
betocar	NOUN
beton	NOUN,VERB
betonci	NOUN
betonla	VERB
betonlan	VERB
betonlaş	VERB
betoqat	NOUN,VERB
betoqatlan	VERB
betoqatlik	NOUN
betpak	NOUN
betsiz	NOUN
betsizlik	NOUN
betuturiq	NOUN
betuturiqlik	NOUN
beva	NOUN,VERB
bevalaş	VERB
bevalik	NOUN
bevoş	NOUN,VERB
bevoşlan	VERB
bevoşlik	NOUN
bex	NOUN
bexabar	NOUN
bexabarlik	NOUN
bexatar	NOUN
bexatarlik	NOUN
bexavotir	NOUN
bexavotirlik	NOUN
bexosdan	ADV
bexr	NOUN
bextarinzod	NOUN
bexud	NOUN
bexudlik	NOUN
bexzod	NOUN
beyaz	NOUN
beyheki	NOUN
beykozspor	NOUN
beyogluspor	NOUN
beyolu	NOUN
beyoluspor	NOUN
beyrut	NOUN
beytanya	NOUN
beytic	NOUN
beytlehm	NOUN
beytsayda	NOUN
beytulayev	NOUN
beytulayeva	NOUN
beytullayev	NOUN
beytullayeva	NOUN
beyuz	NOUN,VERB
beyuzlaş	VERB
beyuzlik	NOUN
bez	NOUN,VERB
beza	NOUN,VERB
bezak	NOUN,VERB
bezak\	NOUN
bezak\dor	NOUN
bezakci	NOUN
bezakla	VERB
bezaklan	VERB
bezal	VERB
bezaltir	VERB
bezan	VERB
bezang	VERB
bezangla	VERB
bezanglat	VERB
bezanil	VERB
bezantir	VERB
bezar	VERB
bezarevic	NOUN
bezartir	VERB
bezat	VERB
bezatil	VERB
bezatiş	VERB
bezattir	VERB
bezattiril	VERB
bezaziyev	NOUN
bezaziyeva	NOUN
bezaş	VERB
bezbet	ADJ,NOUN,VERB
bezbetlaş	VERB
bezbetlik	NOUN
bezbez	VERB
bezbezla	VERB
bezdir	VERB
bezdiril	VERB
bezdirtir	VERB
bezgak	NOUN
bezgakdori	NOUN
bezgakpaşşa	NOUN
bezgaldak	NOUN
bezi	VERB
bezilla	VERB
bezillat	VERB
bezillaş	VERB
bezit	VERB
beznişcenko	NOUN
bezo	NOUN
bezori	NOUN,VERB
bezorilaş	VERB
bezorilik	NOUN
bezovci	NOUN
bezovta	ADJ,NOUN,VERB
bezovtala	VERB
bezovtala\n\tir	VERB
bezovtalan	VERB
bezovtalik	NOUN
bezray	VERB
bezraytir	VERB
bezsalov	NOUN
bezsalova	NOUN
beş	NOUN,NUM,VERB
beşa	VERB
beşafqat	NOUN
beşafqatlik	NOUN
beşala	NUM
beşariq	NOUN
beşarm	NOUN
beşarmlik	NOUN
beşbarg	NOUN
beşbarmoq	NOUN
beşbel	NOUN
beşbola	NOUN
beşboldi	NOUN
beşboy	NOUN
beşbuloq	NOUN
beşburcak	NOUN
beşburcakli	NOUN
beşburcaklik	NOUN
beşc	NOUN
beşda	NUM
beşdaman	NUM
beşdan	NUM
beşdarak	NOUN
beşga	NUM
beşgumbaz	NOUN
beşik	NOUN
beşikast	NOUN
beşikkerti	NOUN
beşiksupoq	NOUN
beşiktoş	NOUN
beşim	NOUN
beşimqul	NOUN
beşinci	NUM
beşirbasic	NOUN
beşkaltak	NOUN
beşkapa	NOUN
beşkent	NOUN
beşket	VERB
beşkqbi	NOUN
beşlab	NUM
beşlamci	NUM
beşlarca	NUM
beşlik	NOUN
beşmat	NOUN
beşmuhammad	NOUN
beşmurod	NOUN
beşnazar	NOUN
beşni	NUM
beşning	NUM
beşnov	NOUN
beşogil	NOUN
beşoliş	NOUN
beşotar	NOUN
beşov	NUM,VERB
beşovlaş	VERB
beşqarsak	NOUN
beşqarta	NOUN
beşqiz	NOUN
beşqoton	NOUN
beşqozi	NOUN
beşqozoq	NOUN
beşqul	NOUN
beşta	NUM
beştaca	NUM
beştadan	NUM
beştaxta	NOUN
beşterak	NOUN
beşurug	NOUN
beşyil	NOUN
beşyillik	NOUN
beşyog	NOUN
beşşar	NOUN
bh	NOUN
bhf	NOUN
bi	NOUN
biatlon	NOUN
bibi	NOUN
bibianbarjon	NOUN
bibiaxtar	NOUN
bibiayna	NOUN
bibiaziz	NOUN
bibica	NOUN
bibicevar	NOUN
bibidur	NOUN
bibifotima	NOUN
bibigul	NOUN
bibigulşod	NOUN
bibihadica	NOUN
bibihalica	NOUN
bibihayot	NOUN
bibihojar	NOUN
bibijahon	NOUN
bibijamol	NOUN
bibijon	NOUN
bibikamol	NOUN
bibimaryam	NOUN
bibimayram	NOUN
bibinabot	NOUN
bibiniso	NOUN
bibiniyoz	NOUN
bibinor	NOUN
bibinora	NOUN
bibinovvot	NOUN
bibinoz	NOUN
bibinozik	NOUN
bibinur	NOUN
bibioy	NOUN
bibioyşa	NOUN
bibiqamar	NOUN
bibiqand	NOUN
bibiqiz	NOUN
bibirajab	NOUN
bibirayhon	NOUN
bibirobiya	NOUN
bibirozi	NOUN
bibisafar	NOUN
bibisaida	NOUN
bibisalima	NOUN
bibisanam	NOUN
bibisanat	NOUN
bibisohiba	NOUN
bibisora	NOUN
bibisulton	NOUN
bibisuluv	NOUN
bibisuman	NOUN
bibitoj	NOUN
bibitoş	NOUN
bibixol	NOUN
bibixonim	NOUN
bibixotima	NOUN
bibizar	NOUN
bibizaynab	NOUN
bibizilol	NOUN
bibizoda	NOUN
bibizor	NOUN
bibiş	NOUN
bibişahar	NOUN
bibişak	NOUN
bibişakar	NOUN
bibişamsiya	NOUN
bibliograf	NOUN
bibliografiya	NOUN
biblioteka	NOUN
bibliotekaci	NOUN
bibliya	NOUN
bibra	NOUN
bic	NOUN,VERB
bicakcic	NOUN
bicib-toqi	VERB
bicik	NOUN
bicikci	NOUN
bicikcilik	NOUN
biciklik	NOUN
bicil	VERB
biciltir	VERB
bicim	NOUN
bicimsiz	NOUN
bicimsizlik	NOUN
biciq	NOUN
biciqci	NOUN
biciqcilik	NOUN
biciqlik	NOUN
bicir	VERB
bicirtir	VERB
biciş	VERB
bicoqci	NOUN
bictir	VERB
bictiril	VERB
bicuvci	NOUN
bid	VERB
bidat	NOUN
bidatci	NOUN
bidatkor	NOUN
biden	NOUN
bidilla	VERB
bidir	VERB
bidir-bidir	IMIT
bidirla	VERB
bidirlaş	VERB
bidon	NOUN
biella	NOUN
bifidobakteriya	NOUN
bifidobakteriyalar	NOUN
bifşteks	NOUN
big	NOUN,VERB
bigbig	VERB
bigbigla	VERB
bigilla	VERB
bigillat	VERB
bigillaş	VERB
bigir	VERB
bigirla	VERB
bigirlaş	VERB
bigiz	NOUN,VERB
bigizla	VERB
bigizpoşna	NOUN
bigiztumşuq	NOUN
bij	ADJ,NOUN,VERB
bij-bij	IMIT
bijanak	NOUN
bijbij	VERB
bijbijla	VERB
bijgi	VERB
bijgit	VERB
biji	NOUN,VERB
bijildoq	ADJ,NOUN
bijildoqlik	NOUN
bijilla	VERB
bijir	VERB
bijir-bijir	IMIT
bijirla	VERB
bijirlaş	VERB
bika	NOUN
bikabu	NOUN
bikac	NOUN
bikajon	NOUN
bikameralizm	NOUN
bikarang	ADJ
bikarbonat	NOUN
bikarbonatlar	NOUN
bikic	NOUN
bikir	NOUN
bikivka	NOUN
bikov	NOUN
bikova	NOUN
bikvadrat	NOUN
bil	ADJ,ADV,NOUN,VERB
bilagon	ADJ,ADV,NOUN
bilagonlarca	ADV
bilagonlik	NOUN
bilaguzuk	NOUN
bilak	NOUN
bilaks	ADV
bilalov	NOUN
bilalova	NOUN
bilalovic	NOUN
bilan	AUX,CNJ
bilang	VERB
bilangla	VERB
bilanglat	VERB
bilanglaş	VERB
bilar	ADJ,NOUN
bilar-bilmas	ADV
bilarmon	ADJ,NOUN
bilarmonlik	NOUN
bilaver	VERB
bilaybegovic	NOUN
bilayivka	NOUN
bilc	VERB
bilc-bilc	IMIT
bilcilla	NOUN,VERB
bilcillat	VERB
bilcira	VERB
bild	NOUN
bildir	NOUN,VERB
bildirgic	NOUN
bildiriş	NOUN
bildirişnoma	NOUN
bilecik	NOUN
bilet	NOUN
biletci	NOUN
bilga	NOUN
bilgani	ADV
bilganica	ADV
bilgi	ADV
bilgic	NOUN
bilgica	ADV
bilic	NOUN
bilik	NOUN
biliki	NOUN
bilim	ADJ,NOUN
bilimdon	ADJ,NOUN
bilimdonlik	NOUN
bilimjon	NOUN
bilimsiz	NOUN
bilimsizlik	NOUN
bilin	VERB
bilinar-bilinmas	ADV
bilinc	NOUN
bilinib-bilinmay	ADV
bilintir	VERB
biliq-biliq	IMIT
bilittifoq	ADV,NOUN
biljir	VERB
biljira	VERB
biljona	NOUN
bilkut	NOUN
bill	NOUN
billiard	NOUN
billiardxona	NOUN
billoh	NOUN
billoyi	NOUN
billur	NOUN
billura	NOUN
billurin	NOUN
bilmoq	NOUN
bilmoqlik	NOUN
bilogiriya	NOUN
bilol	NOUN
biloliddin	NOUN
bilolxon	NOUN
bilonixoya	NOUN
bilopilla	NOUN
bilor	NOUN
bilorxon	NOUN
bilozerka	NOUN
bilq	VERB
bilqi	VERB
bilqilla	VERB
bilqillat	VERB
bilqiz	NOUN
biltang	VERB
biltangla	VERB
biluvci	NOUN
bilvol	VERB
bilyard	NOUN
bilşivtsi	NOUN
bimetall	ADJ,NOUN
bimetallizm	NOUN
binafşa	ADJ,NOUN
binafşagul	NOUN
binafşazor	NOUN
binajon	NOUN
binar	NOUN
binaya	NOUN
bine	NOUN
bingazi	NOUN
bingtuen	NOUN
binirobiya	NOUN
bino	NOUN
binoan	AUX
binobar	NOUN
binobibi	NOUN
binokl	NOUN
binokor	NOUN
binokorlik	NOUN
binoli	NOUN
binoqul	NOUN
binoyi	NOUN
bint	NOUN,VERB
bintla	VERB
bintlaş	VERB
binyamin	NOUN
binşen	NOUN
bio	NOUN
bioakustika	NOUN
biobibliografiya	NOUN
biofiltr	NOUN
biofizik	ADJ,NOUN
biofizika	NOUN
biogenez	NOUN
biogeografiya	NOUN
biografiya	NOUN
bioiqlim	NOUN
bioiqlimşunos	NOUN
bioiqlimşunoslik.	NOUN
biokimyo	NOUN
bioklimatologiya	NOUN
biolaboratoriya	NOUN
biolog	NOUN
biologiya	NOUN
biolokatsiya	NOUN
biolyuminessensiya	NOUN
biomaydon	NOUN
bionika	NOUN
biooptika	NOUN
biopolimer	NOUN
biosfera	NOUN
biosintez	NOUN
biotexnoloyoiya	NOUN
biotip	NOUN
bioximik	NOUN
bioximiya	NOUN
bipatrid	NOUN
biplan	NOUN
biq	ADJ,VERB
biq-biq	ADJ,IMIT
biqilla	VERB
biqin	NOUN,VERB
biqinla	VERB
biqintir	VERB
biqiq	NOUN
biqiqlik	NOUN
biqir	VERB
biqirla	VERB
biqirlat	VERB
biqki	NOUN
biqsi	VERB
biqsit	VERB
biqtir	ADJ,VERB
biqtiril	VERB
biqtirma	ADJ
bir	ADJ,NOUN,NUM,VERB
birak	ADV
birakay	ADJ,ADV
birakayiga	ADV
biratola	ADV
biratolasi	ADV
biratolasiga	ADV
birbir	CNJ
birda	ADV,NUM
birdam	NOUN
birdaman	NUM
birdamlik	NOUN
birdan	ADV,NUM
birdan-bir	ADJ
birdaniga	ADV
birday	ADJ
birdek	ADJ
birdona	NOUN
birga	ADV,NOUN,NUM,VERB
birga-birga	ADV
birgalaş	VERB
birgalaştir	VERB
birgalik	NOUN
birgalikda	ADV
birik	NOUN,VERB
birikiş	VERB
birikkan	NOUN
birikkanlik	NOUN
birikma	NOUN
biriktir	NOUN,VERB
biriktiril	VERB
biriktiruvci	NOUN
birin-birin	ADV
birin-ketin	ADV
birinci	NOUN,NUM
birincilik	NOUN
birja	NOUN
birjaci	NOUN
birjon	NOUN
birk	VERB
birka	NOUN
birkit	VERB
birlab	NUM
birlamci	NUM
birlarca	NUM
birlaş	NOUN,VERB
birlaşiş	VERB
birlaştir	VERB
birlaştiril	VERB
birlik	NOUN
birma-bir	ADV
birmingam	NOUN
birmunca	ADV
birnav	ADV
birnavi	ADV
birni	NUM
birning	NUM
birodar	ADV,NOUN,VERB
birodarkuş	NOUN
birodarkuşlik	NOUN
birodarlaş	VERB
birodarlik	NOUN
birodarona	ADV
biron	PRON
biroq	CNJ
biror	ADV
biroz	ADV
birpas	ADV
birpasda	ADV
birpastda	ADV
birtalay	ADV
birtekis	ADV
birukov	NOUN
birukova	NOUN
birvarakasiga	ADV
birvarakay	ADV
birvarakayiga	ADV
birxil	VERB
birxillaş	VERB
biryola	ADV
biryon	NOUN
biryoqlama	NOUN
biryoqlamalik	NOUN
biscevic	NOUN
bisic	NOUN
biskupic	NOUN
biskvit	NOUN
bisot	NOUN
bissau	NOUN
bissektrisa	NOUN
bistar	NOUN
bisyor	ADV,NOUN
bit	NOUN,VERB
bit-bil-diq	IMIT
bit-bildiq	IMIT
bitboz	NOUN
bitbozlik	NOUN
bitburg	NOUN
bitik	NOUN
bitikci	NOUN
bitiklik	NOUN
bitiktoş	NOUN
bitil	VERB
bitim	NOUN
bitir	NOUN,VERB
bitiril	VERB
bitirtir	VERB
bitiruvci	NOUN
bitiş	VERB
bitiştir	VERB
bitiştiril	VERB
bitkaz	VERB
bitkazil	VERB
bitkiv	NOUN
bitkiz	VERB
bitla	VERB
bitlat	VERB
bitlik	NOUN
bitliklik	NOUN
bitma	NOUN
bitola	NOUN
bitta	ADV
bitta-bitta	ADV
bitta-yarim	PRON
bitta-yarimta	PRON
bittadan	ADV
bittala	ADV
bittalab	ADV
bitum	NOUN
bitumlar	NOUN
bituvcilik	NOUN
bix	NOUN
biy	NOUN,VERB
biya	NOUN
biybola	NOUN
biyca	NOUN
biyla	VERB
biylat	VERB
biylik	NOUN
biymirza	NOUN
biynor	NOUN
biypari	NOUN
biyqozi	NOUN
biyrajab	NOUN
biyron	NOUN,VERB
biyron-biyron	ADV
biyronbu	NOUN
biyronbuvi	NOUN
biyronlaş	VERB
biyronlik	NOUN
biytemir	NOUN
biytora	NOUN
biyurgun	NOUN
biyxalfa	NOUN
biz	NOUN,PRON,VERB
bizan	NOUN
bizbiz	NOUN
bizbiza	NOUN
bizbizak	NOUN
bizildoq	NOUN
bizilla	VERB
bizim	NOUN
biznes	NOUN
biznesci	NOUN
biznesmen	NOUN
bizoat	NOUN
bizon	NOUN
bişkek	NOUN
bjelic	NOUN
bjornsson	NOUN
black	NOUN
blagaic	NOUN
blagoyevic	NOUN
blank	NOUN
blanka	NOUN
blankulesku	NOUN
blaskic	NOUN
blatic	NOUN
blazevic	NOUN
blefarit	NOUN
blerta	NOUN
bleyk	NOUN
blic	NOUN
blindaj	NOUN
bliznakov	NOUN
bliznakova	NOUN
blok	NOUN
blokada	NOUN
bloknot	NOUN
bloomberg	NOUN
blumberg	NOUN
bluming	NOUN
bluza	NOUN
bluzka	NOUN
bm	NOUN
bmt	NOUN
bmttd	NOUN
boadab	NOUN
boadablik	NOUN
boadabona	NOUN
boaz	NOUN
boazii	NOUN
bob	NOUN,VERB
bobak	NOUN
bobarakot	NOUN
bobida	AUX
bobil	NOUN
bobilla	VERB
bobina	NOUN
bobir	NOUN,VERB
bobira	NOUN
bobirla	VERB
bobirtepa	NOUN
bobiy	NOUN
bobiylik	NOUN
bobkov	NOUN
bobkova	NOUN
bobla	VERB
boblan	VERB
boblaş	VERB
boblaştir	VERB
bobo	NOUN
boboahmad	NOUN
boboali	NOUN
bobobadal	NOUN
bobobek	NOUN
bobocinor	NOUN
bobocol	NOUN
bobocopon	NOUN
bobodavlat	NOUN
bobodehqon	NOUN
bobodost	NOUN
bobogozi	NOUN
bobohayot	NOUN
bobojalol	NOUN
bobojon	NOUN
bobokalon	NOUN
bobokatta	NOUN
bobokeldi	NOUN
bobokent	NOUN
bobokişi	NOUN
bobokolon	NOUN
boboli	NOUN
bobomamat	NOUN
bobomat	NOUN
bobomeros	NOUN
bobomirzo	NOUN
bobomuhammad	NOUN
bobomulla	NOUN
bobomurod	NOUN
bobon	NOUN
bobonazar	NOUN
boboniyoz	NOUN
bobonor	NOUN
bobonqozoq	NOUN
bobontoy	NOUN
boboocil	NOUN
boboolim	NOUN
bobopir	NOUN
boboqambar	NOUN
boboqand	NOUN
boboqari	NOUN
boboqodir	NOUN
boboqora	NOUN
boboqori	NOUN
boboqozi	NOUN
boboqul	NOUN
boboqum	NOUN
boboqurbon	NOUN
boborahim	NOUN
boborahmat	NOUN
boborajab	NOUN
boborasul	NOUN
boboravşan	NOUN
bobosafar	NOUN
bobosaid	NOUN
bobosodiq	NOUN
bobotil	NOUN
bobotilla	NOUN
bobotog	NOUN
bobotora	NOUN
bobotoy	NOUN
bobov	NOUN
bobova	NOUN
boboxoja	NOUN
boboxol	NOUN
boboxon	NOUN
boboyor	NOUN
bobozarif	NOUN
boboş	NOUN
boboşarif	NOUN
boboşer	NOUN
boboşo	NOUN
bobr	NOUN
bobrik	NOUN
bobrinets	NOUN
bobrov	NOUN
bobrova	NOUN
bobrovitsa	NOUN
bobsley	NOUN
bobuna	NOUN
bobur	NOUN
bobura	NOUN
boburiy	NOUN
boburiylar	NOUN
boburşunos	NOUN
boburşunoslik	NOUN
bocarov	NOUN
bocarova	NOUN
bocevskiy	NOUN
bocka	NOUN,VERB
bockala	VERB
bod	NOUN
boda	NOUN
bodafuruş	NOUN
bodana	NOUN
bodaninskaya	NOUN
bodaninski	NOUN
boden	NOUN
bodi	NOUN,VERB
bodihavo	NOUN
bodilan	VERB
bodilik	NOUN
bodir	VERB
bodirla	VERB
bodiy	NOUN
bodiya	NOUN
bodom	NOUN
bodomca	NOUN
bodomgul	NOUN
bodomqovoq	ADJ
bodomqul	NOUN
bodomzor	NOUN
bodoqsoy	NOUN
bodparak	NOUN
bodparrak	NOUN
bodpo	NOUN
bodpoy	NOUN
bodra	NOUN,VERB
bodrat	VERB
bodraş	VERB
bodrezak	NOUN
bodring	NOUN
bodroq	NOUN
bodroqci	NOUN
bodroqqand	NOUN
bodrum	NOUN
boeing	NOUN
bofanda	NOUN
bog	ADJ,NOUN,NUM,VERB
bogajili	NOUN
bogali	NOUN
bogbek	NOUN
bogbon	NOUN
bogbon\lik	NOUN
bogboncilik	NOUN
bogboston	NOUN
bogca	NOUN
bogcacilik	NOUN
bogcakalon	NOUN
bogci	NOUN
bogcilik	NOUN
bogda	NOUN
bogdagul	NOUN
bogdan	NOUN
bogdanci	NOUN
bogdanic	NOUN
bogdanov	NOUN
bogdanovic	NOUN
bogdir	VERB
bogdiril	VERB
bogdirtir	VERB
bogdod	NOUN
bogdon	NOUN
bogdor	ADJ,NOUN
bogdor\lik	NOUN
bogdorcilik	NOUN
bogdorlik	NOUN
bogdot	NOUN
boggul	NOUN
bogguli	NOUN
bogi	NOUN
bogibaland	NOUN
bogibek	NOUN
bogibolo	NOUN
bogic	NOUN,VERB
bogicevic	NOUN
bogicla	VERB
bogicorbog	NOUN
bogigul	NOUN
bogikalon	NOUN
bogil	VERB
bogili	VERB
bogiliş	VERB
bogiltir	VERB
bogim	NOUN,VERB
bogimla	VERB
bogin	NOUN
boginlab	ADV
boginoyoq	NOUN
boginoyoqlilar	NOUN
bogiq	ADJ,NOUN,VERB
bogiqlik	NOUN
bogirsoq	NOUN
bogiston	NOUN
bogiturkon	NOUN
bogiy	NOUN
bogiya	NOUN
bogiz	NOUN,VERB
bogizla	VERB
bogizlan	VERB
bogizlat	VERB
bogizogon	NOUN
bogiş	NOUN,VERB
bogişali	NOUN
bogjoma	NOUN
bogjon	NOUN
bogla	NOUN,VERB
boglagic	NOUN
boglam	NOUN
boglama	NOUN
boglan	NOUN,VERB
boglantir	VERB
boglat	VERB
boglattir	VERB
boglaş	VERB
bogliq	NOUN
bogliqlik	NOUN
boglo	NOUN
boglog	NOUN
bogloglik	NOUN
boglon	NOUN
boglovci	NOUN
bogmat	NOUN
bogmuhammad	NOUN
bogojevic	NOUN
bogoljb	NOUN
bogoljub	NOUN
bogolon	NOUN
bogomon	NOUN
bogorodcani	NOUN
bogosavlyevic	NOUN
bogot	NOUN
bogota	NOUN
bogov	NOUN
bogoz	NOUN
bogozlik	NOUN
bogquli	NOUN
bogra	NOUN
bograxon	NOUN
bogunovic	NOUN
boguslav	NOUN
bogzagon	NOUN
bogzod	NOUN
bogzoda	NOUN
bohlen	NOUN
bohton	NOUN
bohtonci	NOUN
bois	NOUN
boisboy	NOUN
boisoy	NOUN
boj	NOUN
boja	NOUN
bojacilik	NOUN
bojama	NOUN
bojan	NOUN
bojana	NOUN
bojenko	NOUN
bojevic	NOUN
bojgir	NOUN
boji	NOUN
bojicic	NOUN
bojman	NOUN
bojmon	NOUN
bojovic	NOUN
bojray	VERB
bojraytir	VERB
bojxona	NOUN
bok	NOUN,VERB
boka	NOUN,VERB
bokaboy	NOUN
bokal	NOUN
bokala	VERB
bokalak	NOUN
bokan	NOUN
bokanboy	NOUN
bokantov	NOUN
bokay	NOUN
bokayxon	NOUN
bokexon	NOUN
bokir	NOUN,VERB
bokira	NOUN
bokirgiz	VERB
bokiriş	VERB
bokirtir	VERB
boks	NOUN
boksa	NOUN
boksci	NOUN
boksyor	NOUN
boksyorlik	NOUN
boktar	VERB
boktargi	NOUN
boktaril	VERB
boktir	VERB
boku	NOUN
bol	ADJ,NOUN,VERB
bola	ADJ,ADV,NOUN,VERB
bolabek	NOUN
bolaca	NOUN
bolagina	NOUN
bolajon	ADJ,NOUN
bolajonlik	NOUN
bolak	ADJ,AUX,NOUN,VERB
bolakay	NOUN
bolakbeka	NOUN
bolakberdi	NOUN
bolakboy	NOUN
bolakdan	ADV
bolakla	VERB
bolaklan	VERB
bolaklat	VERB
bolaklaş	VERB
bolaklik	NOUN
bolakqul	NOUN
bolala	VERB
bolalarca	ADV
bolalat	VERB
bolali	ADJ
bolalik	NOUN
bolam	NOUN
bolamurod	NOUN
bolaparvar	NOUN
bolaparvarlik	NOUN
bolar	NOUN
bolari	NOUN
bolasiz	NOUN
bolasizlik	NOUN
bolatom	NOUN
bolatoq	NOUN
bolaş	VERB
bolbek	NOUN
bolbibi	NOUN
bolbolar	NOUN
bolbuva	NOUN
bolbuvi	NOUN
bolcin	NOUN
bolcucuk	NOUN
bolda	NOUN
boldi	NOUN
boldir	NOUN,VERB
boldirgiz	VERB
boldirgon	NOUN
boldiril	VERB
boldiriq	NOUN
boldirqora	NOUN
boldirtir	VERB
boldiz	NOUN
boldono	NOUN
boldoq	NOUN
bolehiv	NOUN
bolga	NOUN,VERB
bolgabaliq	NOUN
bolgaboy	NOUN
bolgaboş	NOUN
bolgaca	NOUN
bolgala	VERB
bolgalan	VERB
bolgali	NOUN
bolgan	NOUN
bolganlik	NOUN
bolgar	NOUN
bolgariya	NOUN
bolgarlar	NOUN
bolgon	NOUN
bolgonboy	NOUN
bolgrad	NOUN
bolgul	NOUN
boli	NOUN
bolib-bolib	ADV
bolid	NOUN
bolida	NOUN
bolig	NOUN
boliga	NOUN
boligboy	NOUN
boliglik	NOUN
bolik	NOUN
boliklik	NOUN
bolim	NOUN
bolin	NOUN,VERB
boliniş	VERB
bolinma	NOUN
bolinqira	VERB
bolintir	VERB
bolinuvci	NOUN
boliq	ADJ,VERB
boliqboy	NOUN
boliqla	VERB
boliqlan	VERB
bolis	NOUN
bolisbek	NOUN
boliviya	NOUN
boliş	NOUN,VERB
bolişboy	NOUN
boliştir	VERB
boljahon	NOUN
boljevic	NOUN
boljon	NOUN
bolka	NOUN
bolli	NOUN
bolliturdi	NOUN
bolma	NOUN
bolmagur	ADJ
bolmas	NOUN
bolmat	NOUN
bolmoq-qoy	VERB
bolmurod	NOUN
bolniyoz	NOUN
bolo	NOUN
bologna	NOUN
bolol	VERB
bolometr	NOUN
bolonya	NOUN
bolopuş	NOUN
boloq	NOUN
bolor	NOUN
bolorud	NOUN
bolot	NOUN
bolotov	NOUN
bolotova	NOUN
bolotoş	NOUN
boloxona	NOUN
boloy	NOUN
bolqi	NOUN
bolqin	NOUN
bolqiz	NOUN
bolqizil	NOUN
bolqiş	NOUN
bolqon	NOUN
bolqonlar	NOUN
bolqor	NOUN
bolqora	NOUN
bolqozi	NOUN
bolqul	NOUN
bolquray	NOUN
bolsaid	NOUN
bolsihat	NOUN
bolsin	NOUN
bolsinboy	NOUN
bolsulton	NOUN
bolt	NOUN
bolta	NOUN,VERB
boltaboş	NOUN
boltaci	NOUN
boltagul	NOUN
boltak	NOUN
boltakboy	NOUN
boltala	VERB
boltalaş	VERB
boltamamat	NOUN
boltamat	NOUN
boltamuhammad	NOUN
boltamurod	NOUN
boltanazar	NOUN
boltaniyoz	NOUN
boltapolat	NOUN
boltaqozi	NOUN
boltaqurbon	NOUN
boltatoş	NOUN
boltatumşuq	NOUN
boltaturdi	NOUN
boltayoz	NOUN
boltayutar	NOUN
boltaş	NOUN
boltiriq	NOUN
boltora	NOUN
boltoy	NOUN
boltoş	NOUN
bolturdi	NOUN
boluk	NOUN
boluspor	NOUN
bolut	NOUN
bolutzor	NOUN
boluv	NOUN
boluvci	NOUN
bolxoja	NOUN
bolxon	NOUN
bolyor	NOUN
bolzid	NOUN
bolzidboy	NOUN
bolşakar	NOUN
bolşevik	NOUN
bolşevikca	NOUN
bolşeviklik	NOUN
bolşevizm	NOUN
bomba	NOUN
bombaot	NOUN
bombaotgic	NOUN
bombapana	NOUN
bombapanox	NOUN
bombardimon	NOUN
bombardimonci	NOUN
bombardirovka	NOUN
bombardirovkaci	NOUN
bombatutqic	NOUN
bombomyot	NOUN
bomdod	NOUN
bonak	VERB
bonakla	VERB
bonaq	NOUN
bonca	NOUN
bondarenko	NOUN
bong	NOUN
boni	NOUN
boniy	NOUN
bonn	NOUN
bonnie	NOUN
bonu	NOUN
bonugul	NOUN
bonur	NOUN
bop	ADV,NOUN,VERB
bopla	ADV,VERB
boplab	ADV
boq	NOUN,VERB
boqar	NOUN
boqay	NOUN
boqboy	NOUN
boqca	NOUN
boqcagul	NOUN
boqi	NOUN
boqibegam	NOUN
boqibegamlik	NOUN
boqibulla	NOUN
boqiddin	NOUN
boqijon	NOUN
boqim	NOUN
boqimat	NOUN
boqimirza	NOUN
boqimsiz	NOUN
boqimsizlik	NOUN
boqimuhammad	NOUN
boqitora	NOUN
boqiulla	NOUN
boqiy	NOUN
boqiya	NOUN
boqiylik	NOUN
boqizod	NOUN
boqizoda	NOUN
boqiş	NOUN
boqkic	NOUN
boqon	NOUN
boqoq	NOUN
boqqi	NOUN
boquv	NOUN
boquvci	NOUN
bor	ADV,NOUN,PRT,VERB
bor boling	INTJ
bora	NOUN,VERB
bora-bora	ADV
boraganskaya	NOUN
boraganski	NOUN
boraganskiy	NOUN
borala	VERB
boralan	VERB
boran	NOUN
borasida	AUX
borday	VERB
bordi-yu	CNJ
bordir	VERB
bordirgiz	VERB
bordiril	VERB
bordirtir	VERB
bordon	NOUN,VERB
bordonci	NOUN
bordonla	VERB
bordoqi	NOUN
bordoqicilik	NOUN
borgiz	VERB
borgizdir	VERB
borgoh	NOUN
bori	ADV,NOUN
borib-borib	ADV
boribagir	NOUN
boribatoş	NOUN
boriberdi	NOUN
boribosar	NOUN
borica	ADV
borigul	NOUN
borijamol	NOUN
borijar	NOUN
borik	NOUN
borikalla	NOUN
borikoz	NOUN
borikuz	NOUN
boril	VERB
borimat	NOUN
borina	NOUN
boriniso	NOUN
boriq	NOUN
boriqa	NOUN
boriqul	NOUN
boris	NOUN
borisenko	NOUN
borislav	NOUN
borisov	NOUN
borisova	NOUN
borispil	NOUN
borissov	NOUN
borissova	NOUN
boritaroq	NOUN
boritoji	NOUN
boritoş	NOUN
borixol	NOUN
boriy	NOUN
boriya	NOUN
borjar	NOUN
borjom	NOUN
bork	NOUN
borkboy	NOUN
borla	VERB
borlik	NOUN
borliq	NOUN
borman	NOUN
bormanboy	NOUN
bormat	NOUN
bormuhammad	NOUN
borodanka	NOUN
borodino	NOUN
boroevic	NOUN
boron	ADJ,NOUN
borona	VERB
boronala	VERB
boronali	NOUN
boronberdi	NOUN
boronboy	NOUN
boronci	NOUN
borongul	NOUN
boronjuz	NOUN
boronkeldi	NOUN
boronli	ADJ
boronmirza	NOUN
boronniyoz	NOUN
boronquş	NOUN
boronşo	NOUN
borova	NOUN
boroz	NOUN
bors	ADJ,NOUN
borsakelmas	NOUN
borsi	NOUN
borsildoq	ADJ,NOUN
borsiq	NOUN
borssen	NOUN
bort	ADJ,NOUN
bortala	NOUN
bortiq	NOUN
bortma	ADJ,NOUN
bortnikov	NOUN
bortnikova	NOUN
boryo	NOUN
borzna	NOUN
borşc	NOUN
borşciv	NOUN
bos	ADJ,NOUN,VERB
bosa	NOUN
bosaga	NOUN
bosar	NOUN
bosarboy	NOUN
bosfor	NOUN
bosi	NOUN
bosic	NOUN
bosig	NOUN
bosigliq	NOUN
bosiim	NOUN
bosil	NOUN,VERB
bosildir	NOUN
bosildiriq	NOUN
bosiljcic	NOUN
bosim	ADJ,NOUN
bosima	NOUN
bosimli	ADJ
bosinqi	ADJ,NOUN
bosinqilik	NOUN
bosinqira	VERB
bosiq	ADJ,NOUN
bosiqlik	NOUN
bosiriq	VERB
bosirqa	VERB
bosit	NOUN
bositdin	NOUN
bositqul	NOUN
bositulla	NOUN
boskic	NOUN
boskovic	NOUN
boskovskiy	NOUN
bosma	NOUN
bosmaci	NOUN
bosmacilik	NOUN
bosmaxona	NOUN
bosniya	NOUN
bosniyalik	NOUN
bosqi	NOUN
bosqic	NOUN
bosqin	NOUN
bosqinci	NOUN
bosqincilik	NOUN
bosqon	NOUN
bosqonci	NOUN
bostir	NOUN,VERB
bostirgiz	VERB
bostiril	VERB
bostirma	NOUN
bostirtir	VERB
boston	NOUN
bostonbibi	NOUN
bostongozal	NOUN
bostongul	NOUN
bostonlik	NOUN
bostonqul	NOUN
bostontoj	NOUN
bot	ADJ,ADV,NOUN,VERB
bot-bot	ADV
bota	NOUN
botaali	NOUN
botagul	NOUN
botakoz	NOUN
botal	NOUN
botaloq	NOUN
botana	NOUN
botane	NOUN
botanik	NOUN
botanika	NOUN
botanikos	NOUN
botaqora	NOUN
botaş	NOUN
botic	NOUN
botig	NOUN
botil	NOUN
botin	NOUN,VERB
botinka	NOUN
botinqira	VERB
botiq	ADJ
botir	ADJ,ADV,NOUN,VERB
botirali	NOUN
botirgiz	VERB
botiril	VERB
botiriş	VERB
botirkeldi	NOUN
botirlan	VERB
botirlarca	ADV
botirlaş	VERB
botirlik	NOUN
botirpolat	NOUN
botirsin	VERB
botirtir	VERB
botirxoja	NOUN
botiy	NOUN
botmon	NOUN,VERB
botmonla	VERB
botmonlik	NOUN
botqa	NOUN
botqaldoq	NOUN
botqaldoqlar	NOUN
botqiz	VERB
botqizdir	VERB
botqoq	NOUN,VERB
botqoqlan	VERB
botqoqlaş	VERB
botqoqlik	NOUN
botqoqzor	NOUN
botsman	NOUN
botsvana	NOUN
botu	NOUN
botul	NOUN
botulizm	NOUN
botuniso	NOUN
botuvci	NOUN
bourg	NOUN
bov	NOUN
bova	NOUN
bovar	NOUN
bovliq	NOUN
bovur	NOUN
bovurci	NOUN
bovurcl	NOUN
bovurdoş	NOUN
bovurdoşlik	NOUN
box	NOUN
boxabar	NOUN
boxabarlik	NOUN
boxca	NOUN
boxir	NOUN
boy	ADJ,ADV,NOUN,VERB
boy-badavlat	ADJ
boya	ADV,NOUN,VERB
boyaciogli	NOUN
boyagic	NOUN
boyagiclar	NOUN
boyahmad	NOUN
boyal	VERB
boyali	NOUN
boyalic	NOUN
boyaltir	VERB
boyam	NOUN
boyama	NOUN
boyamaci	NOUN
boyamacilik	NOUN
boyan	VERB
boyaqiş	NOUN
boyar	NOUN
boyarka	NOUN
boyarlik	NOUN
boyat	VERB
boyattir	VERB
boyavci	NOUN
boyaz	NOUN
boyazid	NOUN
boyazit	NOUN
boyaş	VERB
boybek	NOUN
boybeka	NOUN
boyberdi	NOUN
boybibi	NOUN
boybic	NOUN
boybicca	NOUN
boybobo	NOUN
boybogiş	NOUN
boybol	NOUN
boybola	NOUN
boyboldi	NOUN
boybolsin	NOUN
boybori	NOUN
boybota	NOUN
boybotir	NOUN
boyboy	VERB
boyboyla	VERB
boybucca	NOUN
boybuva	NOUN
boyca	NOUN
boycan	VERB
boycanlaş	VERB
boycecak	NOUN
boycibor	NOUN
boydada	NOUN
boydavlat	NOUN
boydoq	ADJ,NOUN
boydoqlik	NOUN
boydor	ADJ
boyenko	NOUN
boygoc	NOUN
boygon	NOUN
boygoza	NOUN
boygozi	NOUN
boygul	NOUN
boygundi	NOUN
boyi	AUX,NOUN,VERB
boyica	AUX
boyida	AUX
boyim	NOUN
boyimodaron	NOUN
boyin	NOUN
boyinbog	NOUN
boyinca	NOUN
boyincadoz	NOUN
boyincaduz	NOUN
boyintumor	NOUN
boyinturuq	NOUN,VERB
boyinturuqla	VERB
boyiston	NOUN
boyit	VERB
boyitil	VERB
boyjigit	NOUN
boyjon	NOUN
boyjora	NOUN
boyjuman	NOUN
boyka	NOUN
boykeldi	NOUN
boyken	NOUN
boykişi	NOUN
boyko	NOUN
boykolon	NOUN
boykot	NOUN
boyla	ADV,VERB
boyla\ş	VERB
boylab	ADV,AUX
boylam	NOUN
boylan	VERB
boylar	NOUN
boylat	VERB
boyli	NOUN
boylik	NOUN
boylov	NOUN
boymamat	NOUN
boyman	NOUN
boymaqom	NOUN
boymat	NOUN
boymir	NOUN
boymirza	NOUN
boymomin	NOUN
boymon	NOUN
boymoq	NOUN
boymoqli	NOUN
boymuhammad	NOUN
boymulla	NOUN
boymurod	NOUN
boynafas	NOUN
boynazar	NOUN
boyner	NOUN
boyniyoz	NOUN
boynoq	NOUN
boynur	NOUN
boyo	NOUN
boyodil	NOUN
boyogli	NOUN
boyok	NOUN
boyon	NOUN
boyoq	NOUN,VERB
boyoqci	NOUN
boyoqcilik	NOUN
boyoqdor	NOUN
boyoqdorlik	NOUN
boyoqla	VERB
boyoqxona	NOUN
boyovci	NOUN
boyovut	NOUN
boyparda	NOUN
boypolat	NOUN
boypolvon	NOUN
boyqadam	NOUN
boyqaraş	NOUN
boyqarşi	NOUN
boyqilic	NOUN
boyqiz	NOUN
boyqobil	NOUN
boyqocqor	NOUN
boyqol	NOUN
boyqorgon	NOUN
boyqot	NOUN
boyqozi	NOUN
boyqozoq	NOUN
boyqul	NOUN
boyquvvat	NOUN
boyquş	NOUN
boyquşxona	NOUN
boyra	NOUN
boyrabop	NOUN
boyraci	NOUN
boyracop	NOUN
boyrafuruş	NOUN
boyrapoş	NOUN
boyrapuş	NOUN
boysafar	NOUN
boysaid	NOUN
boysara	NOUN
boysari	NOUN
boysariq	NOUN
boysihat	NOUN
boysinuvcan	ADJ
boysoat	NOUN
boysofi	NOUN
boysulton	NOUN
boysuluv	NOUN
boysun	NOUN,VERB
boysunboy	NOUN
boysundir	VERB
boysundiril	VERB
boysungur	NOUN
boysunqur	NOUN
boysunuv	NOUN
boysunuvcan	NOUN
boysunuvcanlik	NOUN
boysuyun	NOUN
boytemir	NOUN
boyterak	NOUN
boytevat	NOUN
boytilla	NOUN
boytogon	NOUN
boytola	NOUN
boytora	NOUN
boytoxta	NOUN
boytoy	NOUN
boytoş	NOUN
boytulla	NOUN
boytuman	NOUN
boytur	NOUN
boyturdi	NOUN
boytursun	NOUN
boyugli	NOUN
boyuqongir	NOUN
boyusar	NOUN
boyuzoq	NOUN
boyvacca	NOUN
boyvaccalik	NOUN
boyxalca	NOUN
boyxoja	NOUN
boyxon	NOUN
boyxoroz	NOUN
boyyigit	NOUN
boyyor	NOUN
boyşunqor	NOUN
boz	ADJ,NOUN,VERB
boza	NOUN
bozaci	NOUN
bozafuruş	NOUN
bozagar	NOUN
bozagarlik	NOUN
bozan	NOUN
bozanic	NOUN
bozar	VERB
bozargan	NOUN
bozariq	NOUN
bozartir	VERB
bozatov	NOUN
bozaxona	NOUN
bozaxor	NOUN
bozaxorlik	NOUN
bozaxur	NOUN
bozaxurik	NOUN
bozband	NOUN
bozbola	NOUN
bozci	NOUN
bozcilik	NOUN
bozdag	NOUN
bozdoq	NOUN
bozgul	NOUN
bozi	NOUN
bozibek	NOUN
bozic	NOUN
bozicevic	NOUN
bozidar	NOUN
bozijon	NOUN
bozilla	VERB
bozillat	VERB
bozilovic	NOUN
bozingar	NOUN
bozinovic	NOUN
bozinovskiy	NOUN
bozirton	NOUN
bozjon	NOUN
bozla	VERB
bozlat	VERB
bozlaş	VERB
bozlik	NOUN
bozloq	NOUN
boznoc	NOUN
bozoglon	NOUN
bozolmas	NOUN
bozomon	NOUN
bozoq	NOUN
bozor	NOUN,VERB
bozorali	NOUN
bozorbeka	NOUN
bozorbibi	NOUN
bozorbika	NOUN
bozorbon	NOUN
bozorboy	NOUN
bozorboşi	NOUN
bozorci	NOUN
bozorcilik	NOUN
bozorgoh	NOUN
bozorgon	NOUN
bozorgul	NOUN
bozori	NOUN
bozorkom	NOUN
bozorla	VERB
bozorlaş	VERB
bozorlik	NOUN
bozormurod	NOUN
bozorqul	NOUN
bozortepa	NOUN
bozorxoja	NOUN
bozorxol	NOUN
bozorşab	NOUN
bozovic	NOUN
bozray	VERB
bozrayiş	VERB
bozraytir	VERB
bozsuvt	NOUN
boztemir	NOUN
bozterak	NOUN
boztikan	NOUN
boztorgai	NOUN
boztoriq	ADJ
boztuproq	NOUN
bozuband	NOUN
bozurgon	NOUN
bozurgoniy	NOUN
bozyigit	NOUN
bozşa	NOUN
boş	ADJ,ADV,NOUN,VERB
boşa	NOUN,VERB
boşan	NOUN
boşang	NOUN,VERB
boşanglaş	VERB
boşanglik	NOUN
boşat	VERB
boşator	VERB
boşatoril	VERB
boşattir	VERB
boşaş	VERB
boşaştir	VERB
boşaşuvci	NOUN
boşaşuvcilik	NOUN
boşbek	NOUN
boşbola	NOUN
boşboşdoq	NOUN
boşboşdoqlik	NOUN
boşci	NOUN
boşcilik	NOUN
boşcorbog	NOUN
boşda	ADV
boşdan	ADV
boşdan-oyoq	ADV
boşida	AUX
boşkesar	NOUN
boşla	ADV,NOUN,VERB
boşlab	ADV,AUX
boşlan	NOUN,VERB
boşlangic	NOUN
boşlanma	NOUN
boşlat	VERB
boşlatil	VERB
boşlatqiz	VERB
boşlattir	VERB
boşlaş	VERB
boşlik	NOUN
boşliq	NOUN
boşlo	NOUN
boşlovci	NOUN
boşma-boş	ADV
boşmaldoq	NOUN
boşman	NOUN
boşmiya	NOUN
boşod	NOUN
boşoq	NOUN,VERB
boşoqboy	NOUN
boşoqci	NOUN
boşoqla	VERB
boşoqlat	VERB
boşpana	NOUN
boşpolat	NOUN
boşpurt	NOUN
boşqa	AUX,NOUN,VERB
boşqaca	ADV,NOUN,VERB
boşqacalaş	VERB
boşqacalik	NOUN
boşqala	VERB
boşqalan	VERB
boşqalat	VERB
boşqalik	NOUN
boşqar	NOUN,VERB
boşqaril	VERB
boşqariş	VERB
boşqarma	NOUN
boşqarongu	ADJ
boşqartir	VERB
boşqaruv	NOUN
boşqaruvci	NOUN
boşqaruvi	NOUN
boşqatdan	ADV
boşqirboy	NOUN
boşqird	NOUN
boşqirdca	VERB
boşqirdcala	VERB
boşqirdiston	NOUN
boşqora	NOUN
boşqorongi	NOUN
boşqorongilik	NOUN
boşqul	NOUN
boşsiz	VERB
boşsizlan	VERB
boşsizlantir	VERB
boştob	NOUN
boştoblik	NOUN
boşvoq	NOUN,VERB
boşvoqla	VERB
boşvoqsiz	NOUN
boşvoqsizlik	NOUN
bracanovic	NOUN
bradford	NOUN
bradic	NOUN
bradikardiya	NOUN
brahman	NOUN
brahmanizm	NOUN
brahmanzoda	NOUN
brajevic	NOUN
brajnovic	NOUN
brak	NOUN
brakci	NOUN
brakocevic	NOUN
brakoner	NOUN
brakonerlik	NOUN
brakovka	NOUN
brakovkaci	NOUN
brammertz	NOUN
brandenburg	NOUN
branesku	NOUN
branimir	NOUN
branislav	NOUN
branko	NOUN
brankovic	NOUN
braslet	NOUN
brasnyevic	NOUN
brasov	NOUN
brasova	NOUN
brass	NOUN
bratic	NOUN
bratislava	NOUN
bratslav	NOUN
brauning	NOUN
brayevic	NOUN
brayiliv	NOUN
brayn	NOUN
brazil	NOUN
braziliya	NOUN
brce	NOUN
brcic	NOUN
brecalov	NOUN
brecalova	NOUN
bregovic	NOUN
bremen	NOUN
brescia	NOUN
breskalenko	NOUN
bresse	NOUN
bresson	NOUN
brest	NOUN
bretan	NOUN
brezent	ADJ,NOUN
brian	NOUN
brianza	NOUN
bricenko	NOUN
bricka	NOUN
brifing	NOUN
brigada	NOUN
brigadir	NOUN
brigadirlik	NOUN
briket	NOUN,VERB
briketla	VERB
brilliant	NOUN
brilyant	NOUN
brindisi	NOUN
brinza	NOUN
briolog	NOUN
briologiya	NOUN
brisbane	NOUN
bristol	NOUN
britaniya	NOUN
britt	NOUN
briz	NOUN
brkic	NOUN
brkovic	NOUN
brno	NOUN
brodetske	NOUN
brodi	NOUN
broker	NOUN
brom	NOUN
bron	NOUN,VERB
broneavtomobil	NOUN
bronemaşina	NOUN
bronenosets	NOUN
bronepoyezd	NOUN
bronetransportyor	NOUN
bronla	VERB
bronteşar	NOUN
bronx	NOUN
bronxit	NOUN
bronxografiya	NOUN
bronza	NOUN,VERB
bronzala	VERB
brovari	NOUN
brovn	NOUN
broyler	NOUN
broşyura	NOUN,VERB
broşyurala	VERB
bruhoviciy	NOUN
bruksel	NOUN
bruney	NOUN
brunissen	NOUN
bruno	NOUN
brus	NOUN
brusakov	NOUN
brusakova	NOUN
brusiliv	NOUN
brusov	NOUN
brusova	NOUN
bryus	NOUN
bse	NOUN
bsp	NOUN
btr	NOUN
bu	PRON
bubbu	VERB
bubbula	VERB
bubic	NOUN
bublik	NOUN
bubuhamduma	NOUN
buca	NOUN
bucac	NOUN
bucaspor	NOUN
buckovskiy	NOUN
bucmani	NOUN
bucurov	NOUN
bucurova	NOUN
bud	NOUN
budapeşt	NOUN
budda	NOUN
buddaparast	NOUN
buddaparastlik	NOUN
buddizm	NOUN
budilnik	NOUN
budiselic	NOUN
budka	NOUN
budkaci	NOUN
budur	NOUN,VERB
budurla	VERB
budurlan	VERB
budva	NOUN
bufer	NOUN
bufet	NOUN
bufetci	NOUN
bufetcilik	NOUN
buffy	NOUN
bug	NOUN,VERB
bugarinovic	NOUN
bugdoy	NOUN
bugdoykor	NOUN
bugdoykorlik	NOUN
bugdoypoya	NOUN
bugdoyrang	ADJ
bugdoyzor	NOUN
bugiboy	NOUN
bugla	NOUN,VERB
buglagic	NOUN
buglama	NOUN
buglan	NOUN,VERB
buglantir	VERB
buglantiril	VERB
buglanuv	NOUN
buglanuvcan	NOUN
buglanuvcanlik	NOUN
buglat	NOUN,VERB
buglatil	VERB
buglatkic	NOUN
buglaş	VERB
bugra	NOUN
bugraxon	NOUN
bugriq	VERB
bugro	NOUN
bugrolar	NOUN
bugrov	NOUN
bugrova	NOUN
bugroxon	NOUN
bugu	NOUN
bugucilik	NOUN
bugulme	NOUN
bugun	ADJ,ADV
bugun-erta	ADV
bugunca	ADV
bugungi	ADJ
bugutqazgic	NOUN
bugxona	NOUN
buhadica	NOUN
buhar	NOUN
buharev	NOUN
buhari	NOUN
buhojar	NOUN
buhron	NOUN
buj	NOUN
bujgun	NOUN
bujmak	VERB
bujmakla	VERB
bujmaklan	VERB
bujmay	VERB
bujmaytir	VERB
bujosevic	NOUN
bujray	VERB
bujraytir	VERB
bujur	VERB
bujurla	VERB
bujurlan	VERB
bujurlaş	VERB
buk	NOUN,VERB
buka	NOUN
bukacivtsi	NOUN
bukcay	VERB
bukcaytir	VERB
bukejlovic	NOUN
bukeljovic	NOUN
buket	NOUN,VERB
buketla	VERB
bukeylovic	NOUN
bukic	NOUN
bukil	NOUN,VERB
bukilma	NOUN
bukiltir	VERB
bukir	ADJ
bukiş	VERB
bukiştir	VERB
bukla	NOUN,VERB
buklam	NOUN
buklama	NOUN
buklan	VERB
buklantir	VERB
buklat	VERB
buklet	NOUN
buklog	NOUN
bukloglik	NOUN
bukovskiy	NOUN
bukray	VERB
bukraytir	VERB
bukreş	NOUN
bukri	NOUN,VERB
bukrilan	VERB
bukrilik	NOUN
buktir	VERB
buktyrma	NOUN
buku	NOUN
bukumiric	NOUN
bukvic	NOUN
bula	VERB
bulajic	NOUN
bulamiq	NOUN
bulan	VERB
bulantir	VERB
bulat	VERB
bulatov	NOUN
bulatova	NOUN
bulatovic	NOUN
bulattir	VERB
bulayev	NOUN
bulayeva	NOUN
bulbaşar	NOUN
bulbul	NOUN
bulbulak	NOUN
bulbulniso	NOUN
buldog	NOUN
buldozer	NOUN,VERB
buldozerci	NOUN
buldozerla	VERB
buldur	VERB
buldura	VERB
buldurgun	NOUN
bulduriq	NOUN
bulduruqot	NOUN
bulent	NOUN
bulga	VERB
bulgakov	NOUN
bulgakova	NOUN
bulgala	VERB
bulgalan	VERB
bulgan	VERB
bulganak	NOUN
bulgantir	VERB
bulgariya	NOUN
bulgat	VERB
bulgattir	VERB
bulgaş	VERB
bulgor	NOUN
bulgori	NOUN
bulgovic	NOUN
bulic	NOUN
bulka	NOUN
bulogocun	NOUN
bulon	NOUN
buloq	NOUN
buloqboşi	NOUN
buloqci	NOUN
buloqcilar	NOUN
bultur	ADJ,ADV
bulturgi	ADJ
bulungur	NOUN
bulut	ADJ,NOUN,VERB
bulutbek	NOUN
bulutlan	VERB
bulutli	ADJ,NOUN
bulutlilik	NOUN
bulutsiz	NOUN
bulutsizlik	NOUN
bulvar	NOUN
bumalika	NOUN
bumaryam	NOUN
bumazey	NOUN
bunca	ADV,PRON
bunda	ADV
bundesliga	NOUN
bunker	NOUN
bunt	NOUN,VERB
buntla	VERB
bunyod	NOUN
bunyodbek	NOUN
bunyodkor	NOUN
bunyodkorlik	NOUN
buoyşa	NOUN
buq	VERB
buqa	NOUN
buqaboy	NOUN
buqalamun	ADJ,NOUN
buqalamunlik	NOUN
buqin	VERB
buqoq	NOUN,VERB
buqoqla	VERB
bur	ADJ,NOUN,VERB
bura	ADJ,VERB
burahima	NOUN
bural	VERB
buraltir	VERB
burama	ADJ
buramatut	NOUN
buran	VERB
burat	VERB
buratil	VERB
burattir	VERB
buraş	VERB
burbaliq	NOUN
burbon	NOUN
burbonlar	NOUN
burc	NOUN
burcak	ADJ,NOUN,VERB
burcakla	VERB
burcaklan	VERB
burcakli	ADJ
burcaktiş	NOUN
burcaktişlar	NOUN
burcmulla	NOUN
burcoq	NOUN
burd	ADJ,NOUN
burda	NOUN,VERB
burda-burda	ADJ
burdala	VERB
burdalan	VERB
burdir	VERB
burdlik	NOUN
burdsiz	VERB
burdsizla	VERB
burdsizlan	VERB
burdugov	NOUN
burdugova	NOUN
burga	NOUN,VERB
burgala	VERB
burgan	NOUN
burganzor	NOUN
burgaz	NOUN
burgenland	NOUN
burgi	NOUN,VERB
burgila	VERB
burgos	NOUN
burgu	NOUN
burgun	NOUN
burgundiya	NOUN
burgut	NOUN
burgutali	NOUN
burgutbek	NOUN
burgutona	NOUN
burgutoy	NOUN
burhaniye	NOUN
burhon	NOUN
burhonali	NOUN
burhoniddin	NOUN
buric	NOUN
buril	NOUN,VERB
buriliş	NOUN,VERB
buriltir	VERB
burim	NOUN
burin	NOUN
buriq	VERB
buriqtir	VERB
buriş	VERB
burj	NOUN
burjua	NOUN,VERB
burjualaş	VERB
burjuaziya	NOUN
burjuy	VERB
burjuylaş	VERB
burka	VERB
burkal	VERB
burkan	VERB
burkantir	VERB
burlakov	NOUN
burlakova	NOUN
burloq	NOUN
burma	ADJ,NOUN,VERB
burmabel	ADJ
burmala	VERB
burmalan	VERB
burnoq	NOUN
burns	NOUN
burobiya	NOUN
burohila	NOUN
buromad	NOUN
buroq	NOUN
buroqboy	NOUN
burov	VERB
burovla	VERB
burovlan	VERB
burovlaş	VERB
buroziya	NOUN
burq	VERB
burqi	VERB
burqira	VERB
burqirat	VERB
burqsi	VERB
burro	VERB
burro-burro	ADV
burrolan	VERB
burrolaş	VERB
bursa	NOUN
bursaspor	NOUN
bursin	NOUN
bursit	NOUN
burt	NOUN
burul	NOUN
buruliş	NOUN
burun	ADJ,ADV,AUX,NOUN
burunaki	NOUN
burundi	NOUN
burundiq	NOUN
burungi	ADJ
burunlari	ADV
buruq	VERB
buruqsa	VERB
buruqsat	VERB
buruqtir	VERB
burut	NOUN
buruzvon	NOUN
buruş	ADJ,VERB
buruşiq	ADJ
buruştir	VERB
buryat	NOUN
burşcenko	NOUN
burştin	NOUN
bus-butun	ADJ,ADV
busabo	NOUN
busalom	NOUN
busamar	NOUN
busk	NOUN
buskovskiy	NOUN
busobira	NOUN
busojida	NOUN
busora	NOUN
but	NOUN,VERB
buta	NOUN,VERB
butakoz	NOUN
butal	VERB
butan	NOUN
butat	VERB
butazor	NOUN
buterbrod	NOUN
butilka	NOUN
butilkadoş	NOUN
butirometr	NOUN
butkovic	NOUN
butkul	ADV
butla	VERB
butlan	VERB
butlaş	VERB
butlik	NOUN
butoq	NOUN,VERB
butoqla	VERB
butoqlan	VERB
butoqlantir	VERB
butparast	NOUN
butparastlik	NOUN
butqa	NOUN
butra	VERB
butrat	VERB
butraş	VERB
butrint	NOUN
butrus	NOUN
butsi	NOUN
butun	ADV,NOUN,VERB
butunboy	NOUN
butunica	ADV
butunisica	ADV
butunla	VERB
butunlan	VERB
butunlat	VERB
butunlay	ADV
butunlaş	VERB
butunligica	ADV
butunlik	NOUN
butusov	NOUN
butusova	NOUN
butxona	NOUN
buva	NOUN
buvacol	NOUN
buvadehqon	NOUN
buvak	NOUN,VERB
buvaki	NOUN
buvakla	VERB
buvamat	NOUN
buvamirza	NOUN
buvamuhammad	NOUN
buvanazar	NOUN
buvarahim	NOUN
buvarajab	NOUN
buvasal	NOUN
buvasl	NOUN
buvayda	NOUN
buvaşer	NOUN
buvcehra	NOUN
buvciroy	NOUN
buvi	NOUN
buvianbar	NOUN
buviayna	NOUN
buvica	NOUN
buvihalica	NOUN
buvihalima	NOUN
buvimoy	NOUN
buviniso	NOUN
buvinor	NOUN
buvinora	NOUN
buvioyşa	NOUN
buviqand	NOUN
buviqiz	NOUN
buvirajab	NOUN
buvisora	NOUN
buvisuluv	NOUN
buvitoy	NOUN
buvizahro	NOUN
buviziyoda	NOUN
buvizor	NOUN
buviş	NOUN
buvjamol	NOUN
buvniso	NOUN
buvniyoz	NOUN
buvnor	NOUN
buvolim	NOUN
buvoliya	NOUN
buvoroz	NOUN
buvoyşa	NOUN
buvpotma	NOUN
buvqora	NOUN
buvraqiya	NOUN
buvrasta	NOUN
buvrayhon	NOUN
buvrohila	NOUN
buvroziya	NOUN
buvsadi	NOUN
buvsaida	NOUN
buvsamar	NOUN
buvsanam	NOUN
buvsaodat	NOUN
buvsoc	NOUN
buvsojida	NOUN
buvsoliya	NOUN
buvsora	NOUN
buvtilla	NOUN
buvtoj	NOUN
buvxol	NOUN
buvzahro	NOUN
buvzaifa	NOUN
buvzamira	NOUN
buvzavlon	NOUN
buvzaynab	NOUN
buvzilol	NOUN
buvzinnat	NOUN
buvziyod	NOUN
buvziyoda	NOUN
buvzohida	NOUN
buvzor	NOUN
buvzubayda	NOUN
buvzuhra	NOUN
buvzulayho	NOUN
buvzulon	NOUN
buvşaraf	NOUN
buvşirin	NOUN
buxanka	NOUN
buxca	NOUN
buxgalter	NOUN
buxgalteriya	NOUN
buxgalterlik	NOUN
buxor	NOUN
buxorca	NOUN
buxoriddin	NOUN
buxoriy	NOUN
buxormat	NOUN
buxormuhammad	NOUN
buxoro	NOUN
buxta	NOUN
buyda	VERB
buydala	VERB
buydalan	VERB
buyon	AUX
buyosevic	NOUN
buyr	NOUN
buyrak	NOUN
buyrokrat	ADV
buyruq	NOUN
buyruqboz	NOUN
buyruqbozlik	NOUN
buyruqnoma	NOUN
buyu	VERB
buyuk	NOUN,VERB
buyukboy	NOUN
buyuklaş	VERB
buyuklik	NOUN
buyum	NOUN
buyur	ADJ,NOUN,VERB
buyurgiz	VERB
buyuril	VERB
buyuriş	VERB
buyurt	ADJ,NOUN,VERB
buyurtir	NOUN,VERB
buyurtiril	VERB
buyurtirma	NOUN
buyurtma	ADJ,NOUN
buyurtmaci	NOUN
buyurtmanoma	NOUN
buyurttir	VERB
buz	ADJ,NOUN,VERB
buzar	NOUN
buzarci	NOUN
buzdir	VERB
buzdirgiz	VERB
buzdiril	VERB
buzdirtir	VERB
buzgun	NOUN
buzgunci	NOUN
buzguncilik	NOUN
buzgunlik	NOUN
buzi	NOUN
buzil	VERB
buziltir	VERB
buziş	VERB
buzma	NOUN
buzmakor	NOUN
buzmakorlik	NOUN
buzoq	NOUN,VERB
buzoqboqar	NOUN
buzoqboş	NOUN
buzoqboşi	NOUN
buzoqcirg	NOUN
buzoqla	VERB
buzoqlat	VERB
buzoqlik	NOUN
buzoqxona	NOUN
buzravot	NOUN
buzrug	NOUN
buzruk	NOUN
buzrukhon	NOUN
buzrukzoda	NOUN
buzuq	ADJ,NOUN
buzuqcilik	NOUN
buzuqi	NOUN
buzuqilik	NOUN
buzuqlik	NOUN
buş	NOUN
buşarifa	NOUN
buşcenko	NOUN
buşlat	NOUN
buştino	NOUN
byudjet	NOUN
byulleten	NOUN
byuro	NOUN
byurokrat	NOUN,VERB
byurokratiya	NOUN
byurokratizm	NOUN
byurokratlaş	VERB
byurokratlik	NOUN
byust	NOUN
cabdast	ADJ
cacvon	NOUN
cagaboy	NOUN
cagalay	NOUN
cagatoy	NOUN
cagdavul	NOUN
cagir	NOUN
cagirqanot	NOUN
cagona	NOUN
cagri	NOUN
cahorbog	NOUN
cak	NOUN
cak-cak	IMIT
cakak	NOUN
cakalak	NOUN
cakalakzor	NOUN
cakan	NOUN
cakana	ADV,NOUN
cakanaci	NOUN
cakanacilik	NOUN
cakanalab	ADV
cakanka	NOUN
cakcak	NOUN
cakcakci	NOUN
cakidaxor	NOUN
cakka	NOUN
cakkaxona	NOUN
cakki	NOUN
cakmon	NOUN
cakovic	NOUN
cakovskiy	NOUN
caksa	NOUN
cal	NOUN,VERB
cala-culpa	ADJ,ADV
calabi	NOUN
calabiy	NOUN
calaboy	NOUN
calabuta	NOUN
calabutalar	NOUN
calamulla	ADJ
calamurod	NOUN
calasavod	NOUN
calasavodlik	NOUN
calaver	VERB
calciq	VERB
calciqlan	VERB
caldir	VERB
caldiril	VERB
caldirt	VERB
caldirtir	VERB
calenko	NOUN
calgi	NOUN,VERB
calgici	NOUN
calgit	VERB
calgitiş	VERB
calgittir	VERB
calin	VERB
calinesku	NOUN
calintir	VERB
caliş	VERB
calişoyoq	NOUN
caliştir	VERB
calkaş	ADJ,NOUN,VERB
calkaşlan	VERB
calkaşlik	NOUN
calkaştir	VERB
calma	NOUN
calmaş	VERB
calmaştir	VERB
calmaştiril	VERB
calob	NOUN
calov	NOUN
calp	VERB
calp-culp	IMIT
calpak	NOUN
calpi	VERB
calpit	VERB
calpiş	VERB
calqan	ADV
calqanca	ADV
calqancasiga	ADV
calqay	VERB
calqaytir	VERB
calqi	VERB
calqit	VERB
cama	VERB
camadon	NOUN
camala	VERB
camalan	VERB
camalaş	VERB
caman	NOUN
camanbek	NOUN
camanbibi	NOUN
camanboy	NOUN
camanbuvi	NOUN
camangul	NOUN
camanmurod	NOUN
camanqul	NOUN
camanzor	NOUN
camanzorlik	NOUN
camasi	ADV,AUX,PRT
cambar	NOUN,VERB
cambarak	ADJ,NOUN,VERB
cambarakla	VERB
cambaraklan	VERB
cambarcas	ADV
cambarla	VERB
can	NOUN
cana	NOUN
candi	VERB
candiq	ADJ,NOUN
candiqli	ADJ
candir	NOUN
candiş	NOUN,VERB
candon	ADV
candoza	NOUN
cang	ADJ,NOUN,VERB
cangak	NOUN
cangal	NOUN,VERB
cangalla	VERB
cangallat	VERB
cangallaş	VERB
cangalzor	NOUN
cangalzorlik	NOUN
cangaroq	NOUN
cangci	NOUN
cangdon	NOUN
cangi	NOUN,VERB
cangi\t	VERB
cangici	NOUN
cangit	NOUN,VERB
cangitgic	NOUN
cangitiş	VERB
cangittir	VERB
cangla	NOUN,VERB
canglagic	NOUN
canglan	VERB
canglar	NOUN
canglat	VERB
canglo	NOUN
canglovci	NOUN
cankiri	NOUN
canoq	NOUN,VERB
canoqla	VERB
canqa	VERB
canqat	VERB
canqattir	VERB
canqo	NOUN
canqobosti	NOUN
canqoq	NOUN
canqoqlik	NOUN
canqov	NOUN
cap	ADJ,NOUN
capak	NOUN
capakboz	NOUN
capakbozlik	NOUN
capan	NOUN
capana	ADV
capanacasiga	ADV
capanca	NOUN
capandoz	NOUN
capani	NOUN
capanilik	NOUN
capaqay	ADJ,NOUN
capaqaylik	NOUN
caparasta	ADV
capayev	NOUN
capayeva	NOUN
capda	ADV
capdast	NOUN
capdastlik	NOUN
capelle	NOUN
capga	ADV
capiq	NOUN
caplinka	NOUN
cappa	ADV
cappasiga	ADV
caq	NOUN,VERB
caq/moq	VERB
caq/moqla	VERB
caq/moqlat	VERB
caqa	NOUN
caqaboy	NOUN
caqaloq	NOUN
caqar	NOUN
caqcaq	NOUN
caqcaqlik	NOUN
caqic	NOUN
caqilla	VERB
caqim	NOUN
caqimci	NOUN
caqimcilik	NOUN
caqin	NOUN
caqiq	NOUN
caqir	NOUN,VERB
caqirboy	NOUN
caqiril	NOUN
caqiriluvci	NOUN
caqiriq	NOUN
caqiriqxona	NOUN
caqiriş	VERB
caqirt	VERB
caqirtikan	NOUN
caqirtikanak	NOUN
caqirtir	VERB
caqirtiraver	VERB
caqirtiril	VERB
caqiş	VERB
caqiştir	VERB
caqmacaqar	NOUN
caqmacaqarlik	NOUN
caqmoq	NOUN
caqmoqtoş	NOUN
caqna	VERB
caqnat	VERB
caqnayver	VERB
caqqon	ADJ,NOUN,VERB
caqqon-caqqon	ADV
caqqonbol	NOUN
caqqonboy	NOUN
caqqonla	VERB
caqqonlat	VERB
caqqonlaş	VERB
caqqonlik	NOUN
caqqonmurod	NOUN
caqtir	VERB
caquv	NOUN
car	NOUN
carag	ADJ
caragon	ADJ
carca	ADV,NOUN,VERB
carcagan	NOUN
carcaganlik	NOUN
carcamasdan	ADV
carco	ADJ,NOUN
carcoq	ADJ,NOUN
carcoqlik	NOUN
carlar	NOUN
carles	NOUN
carli	NOUN
carm	NOUN
carmak	NOUN
carmfuruş	NOUN
carog	NOUN
carogbon	NOUN
caros	NOUN
carosxon	NOUN
carqin	NOUN
cars-curs	IMIT
carter	NOUN
caruhov	NOUN
caruhova	NOUN
carvi	NOUN
carvoq	NOUN
carx	NOUN
carxak	NOUN
carxci	NOUN
carxiboy	NOUN
carximurod	NOUN
carxin	NOUN
carxpalak	NOUN
casovoy	NOUN
castota	NOUN
cat	NOUN,VERB
catiq	NOUN
catir	NOUN
catiş	VERB
catiştir	VERB
catiştiril	VERB
catma	NOUN
catna	VERB
catnat	VERB
catnaş	VERB
catoq	NOUN,VERB
catoqlaş	VERB
catoqlaştir	VERB
catoqlik	NOUN
catqol	NOUN
cavandoz	NOUN
cavandozlik	NOUN
cavati	NOUN
cavgon	NOUN
cavic	NOUN
cavkar	ADJ,NOUN
cavkon	NOUN
cavoq	VERB
cavoqla	VERB
cavoqlan	VERB
cavuşevic	NOUN
cavuşogli	NOUN
caxcax	VERB
caxcaxla	VERB
cay	NOUN,VERB
cayindi	NOUN
cayir	NOUN
cayirboy	NOUN
cayirlik	NOUN
cayka	NOUN
caykovskaya	NOUN
caykovskiy	NOUN
cayla	NOUN
cayna	NOUN
caynam	NOUN
cayno	NOUN
caynov	NOUN
caynvord	NOUN
cayon	NOUN
cayonot	NOUN
cayonvacca	NOUN
cayqa	VERB
cayqat	VERB
cayqo	NOUN
cayqovci	NOUN
cayqovcilik	NOUN
caşm	NOUN
caşma	NOUN
caşmband	NOUN
caşna	NOUN
caşnacilik	NOUN
cebanov	NOUN
cebanova	NOUN
cebiyev	NOUN
cebiyeva	NOUN
ceca	NOUN
cecak	NOUN,VERB
cecakla	VERB
cecaklan	VERB
cecakoy	NOUN
cecan	NOUN,VERB
cecanlaş	VERB
cecanlik	NOUN
cecelnik	NOUN
cecen	NOUN
ceceniston	NOUN
cecenlar	NOUN
cecetov	NOUN
cecetova	NOUN
cecinuv	NOUN
cedomir	NOUN
cega	NOUN
cegaboy	NOUN
cegaci	NOUN
cegacilik	NOUN
cegara	NOUN,VERB
cegaraci	NOUN
cegaradoş	NOUN
cegarala	VERB
cegir	NOUN,VERB
cegirma	NOUN
cehov	NOUN
cehova	NOUN
cehra	NOUN
cehragul	NOUN
cehrazod	NOUN
cehraşod	NOUN
cehros	NOUN
cehroza	NOUN
cek	ADJ,NOUN,VERB
ceka	NOUN
cekaboy	NOUN
cekanka	NOUN
cekankaci	NOUN
cekanov	NOUN
cekanova	NOUN
cekboy	NOUN
cekcay	VERB
cekguzar	NOUN
cekim	NOUN
cekimlik	NOUN
cekindi	NOUN
cekirge	NOUN
cekka	NOUN
cekkalik	NOUN
cekla	VERB
ceklan	VERB
cekli	NOUN
ceklilik	NOUN
cekmirza	NOUN
ceksaroy	NOUN
ceksiz	ADJ,NOUN
ceksizlik	NOUN
cektir	VERB
cel	NOUN
celak	ADV,NOUN,VERB
celakci	NOUN
celakla	VERB
celaklab	ADV
celan	NOUN
celebi	NOUN
celebicihan	NOUN
celebiler	NOUN
celebiyev	NOUN
celebiyeva	NOUN
celeketic	NOUN
celik	NOUN
celsea	NOUN
celyabinsk	NOUN
cem	NOUN
cemerivtsi	NOUN
cemezov	NOUN
cemezova	NOUN
cemodan	NOUN
cempion	NOUN
cempionat	NOUN
cen	NOUN
cena	VERB
ceney	NOUN
centsov	NOUN
centsova	NOUN
ceppar	NOUN
ceptoşsoy	NOUN
cer	NOUN
cerbourg	NOUN
cerepitsa	NOUN
cergeyev	NOUN
ceric	NOUN
cerik	NOUN
cerikboy	NOUN
cerikboş	NOUN
cerkas	NOUN
cerkasi	NOUN
cerkaslar	NOUN
cerkes	NOUN
cerkez	NOUN
cerkov	NOUN
cerkovci	NOUN
cernakov	NOUN
cernakova	NOUN
cernaxiv	NOUN
cernelitsa	NOUN
cernenko	NOUN
cernigov	NOUN
cernigova	NOUN
cernika	NOUN
cernivtsi	NOUN
cernişov	NOUN
cernişova	NOUN
cernobyl	NOUN
cernogor	NOUN
cernogoriya	NOUN
cernoivanenko	NOUN
cernomorneftegaz	NOUN
cernov	NOUN
cernova	NOUN
cernovolenko	NOUN
cernovtsi	NOUN
cernyaev	NOUN
cerovskiy	NOUN
cert	VERB
certil	VERB
certiş	VERB
certtir	VERB
certyoj	NOUN
cervon	NOUN
cervonoarmiysk	NOUN
cervonograd	NOUN
cervonopartizansk	NOUN
cervonoy	NOUN
cervonozavodske	NOUN
cesic	NOUN
cet	ADJ,NOUN,VERB
cetan	NOUN
cetki	ADJ
cetkopir	NOUN
cetla	VERB
cetla\n	VERB
cetla\ntir	VERB
cetlan	VERB
cetlaniş	VERB
cetlat	VERB
cetlatil	VERB
cetlattir	VERB
cetlaş	VERB
cetlaştir	VERB
cevar	NOUN
cevara	NOUN
cevarlik	NOUN
cevarxon	NOUN
cex	NOUN
cexiya	NOUN
cexlar	NOUN
cexoslovakiya	NOUN
cibin	NOUN
cibor	NOUN
cibuti	NOUN
cicago	NOUN
cicang	VERB
cicangla	VERB
cida	ADJ,NOUN,VERB
cidam	ADJ,NOUN
cidamli	ADJ,NOUN
cidamlilik	NOUN
cidamsiz	ADJ,NOUN
cidamsizlik	NOUN
ciday ol	VERB
cidaş	VERB
cieti	NOUN
cig	NOUN,VERB
cigal	NOUN,VERB
cigalla	VERB
cigallan	VERB
cigallantir	VERB
cigallaş	VERB
cigallaştir	VERB
cigallik	NOUN
cigan	VERB
ciganoq	NOUN
cigatoy	NOUN
cigi	VERB
cigil	NOUN
cigilla	VERB
cigillar	NOUN
cigillat	VERB
cigillaş	VERB
cigir	NOUN,VERB
cigirin	NOUN
cigiriq	NOUN
cigirla	VERB
cigirlat	VERB
cigirlaş	VERB
cigirtka	NOUN
cigit	NOUN
cijov	NOUN
cijova	NOUN
cik	VERB
cikago	NOUN
cikaldak	NOUN
cikcik	VERB
cikcikla	VERB
cikilla	VERB
cikillat	VERB
cikir	VERB
cikirla	VERB
cikirlat	VERB
cikka	NOUN
cikora	NOUN
cil	NOUN,VERB
cilan	NOUN
cilanboy	NOUN
cilangar	NOUN
cilangarlik	NOUN
cilboy	NOUN
cilciroq	NOUN
cilcop	NOUN
cilcup	NOUN
cildirma	NOUN
cildirmaci	NOUN
cildirmakaş	NOUN
cilgi	NOUN
cili	NOUN
cilim	NOUN
cilimkaş	NOUN
cilimqovoq	NOUN
ciljuvut	NOUN
cilla	ADJ,NOUN
cillagirazon	NOUN
cillak	NOUN
cillaki	ADJ,NOUN
cillakirozon	NOUN
cillayosin	NOUN
cillaşir	NOUN
cillik	NOUN
cilmamat	NOUN
cilmat	NOUN
cilon	NOUN
cilonjiyda	NOUN
cilonzor	NOUN
cilopcin	NOUN
cilp	VERB
cilp-cilp	IMIT
cilparca	NOUN
cilparcin	NOUN
cilpi	NOUN,VERB
cilpilla	VERB
cilpillat	VERB
cilpin	NOUN,VERB
cilpiş	NOUN
cilpora	NOUN
ciltan	NOUN
ciltanob	NOUN
cilton	NOUN
ciltor	NOUN
cilvir	NOUN,VERB
cilvirla	VERB
cilyosin	NOUN
cim	NOUN,VERB
cimboy	NOUN
cimboyliq	NOUN
cimbuvi	NOUN
cimci	NOUN,VERB
cimcila	VERB
cimcilan	VERB
cimcilaş	VERB
cimciş	VERB
cimdi	VERB
cimdila	VERB
cimdim	NOUN
cimdiş	VERB
cimil	NOUN
cimildiq	NOUN
cimilla	VERB
cimilxon	NOUN
cimir	VERB
cimirboy	NOUN
cimiril	VERB
cimkanboy	NOUN
cimkent	NOUN
cimla	VERB
cimmat	NOUN
cimmatoy	NOUN
cimqirqqic	NOUN
cimqorgon	NOUN
cimqortog	NOUN
cimran	NOUN,VERB
cimyon	NOUN
cimzor	NOUN
cimzorlik	NOUN
cin	ADJ,NOUN,VERB
cinadiyovo	NOUN
cinak	NOUN
cinakamiga	ADV
cinakci	NOUN
cinakcilik	NOUN
cinakoy	NOUN
cinali	NOUN
cinbarg	NOUN
cinberdi	NOUN
cinboy	NOUN
cinca	NOUN
cindan	ADV,PRT
cindavlat	NOUN
cindaxol	NOUN
cindi	NOUN
cindiyor	NOUN
cing	VERB
cingil	NOUN
cingilla	VERB
cingir	VERB
cingirla	VERB
cingiz	NOUN
cingizxon	NOUN
cingling	NOUN
ciniq	NOUN,VERB
ciniqqan	NOUN
ciniqqanlik	NOUN
ciniqtir	VERB
ciniqtiril	VERB
ciniqul	NOUN
cinitoş	NOUN
ciniy	NOUN
cinjamol	NOUN
cinjigit	NOUN
cinla	VERB
cinlik	NOUN
cinmirza	NOUN
cinmuhammad	NOUN
cinmurod	NOUN
cinni	ADJ,NOUN
cinnibahor	NOUN
cinnici	NOUN
cinnifuruş	NOUN
cinnifuruşlik	NOUN
cinnigul	NOUN
cinnipoşşa	NOUN
cinnisoz	NOUN
cinnitarbuz	NOUN
cinnitarvuz	NOUN
cinniterak	NOUN
cinnixol	NOUN
cinobod	NOUN
cinoq	NOUN
cinoqci	NOUN
cinoqlik	NOUN
cinor	NOUN
cinora	NOUN
cinorberdi	NOUN
cinorbibi	NOUN
cinorgul	NOUN
cinovnik	NOUN
cinoyoq	NOUN
cinoz	NOUN
cinpolat	NOUN
cinqir	NOUN,VERB
cinqiriq	NOUN
cinqirtir	VERB
cinqora	NOUN
cinqul	NOUN
cinsuluv	NOUN
cintemir	NOUN
cinterak	NOUN
cintoy	NOUN
cinturdi	NOUN
cintursin	NOUN
cinxoja	NOUN
cinyigit	NOUN
ciolkovskiy	NOUN
cipor	ADJ,NOUN
cippa	ADV
cippak	NOUN
cipqon	NOUN
cipta	NOUN
ciptaci	NOUN
ciq	NOUN,VERB
ciqar	NOUN
ciqaruvci	NOUN
ciqim	NOUN
ciqindi	NOUN
ciqiq	NOUN
ciqirci	NOUN
ciqit	NOUN
ciqon	NOUN
cir	ADJ
cirac	NOUN
ciran	VERB
cirbonu	NOUN
circiq	NOUN
cirgi	NOUN
cirgilik	NOUN
ciri	ADJ,NOUN,VERB
cirik	ADJ,NOUN
ciriklik	NOUN
cirildoq	ADJ
ciriq	VERB
ciriqla	VERB
ciriqlat	VERB
cirit	VERB
ciritil	VERB
cirkay	NOUN,VERB
cirkayla	VERB
cirkin	NOUN,VERB
cirkinlaş	VERB
cirkinlik	NOUN
cirkovic	NOUN
cirma	VERB
cirmal	NOUN,VERB
cirmaltir	VERB
cirmamoq	ADV
cirmanda	NOUN
cirmandaci	NOUN
cirmat	VERB
cirmaş	NOUN,VERB
cirmaştir	VERB
cirmo	NOUN
cirmov	NOUN
cirmovgul	NOUN
cirmovic	NOUN
cirmoviq	NOUN
cirmovuq	NOUN
cirog	NOUN
cirogali	NOUN
cirogbon	NOUN
ciroq	NOUN
ciroqbon	NOUN
ciroqci	NOUN
ciroqpoya	NOUN
ciroy	ADJ,NOUN
ciroygul	NOUN
ciroyina	NOUN
ciroyli	ADJ,NOUN
ciroylilik	NOUN
ciroyxol	NOUN
cirpalcin	ADJ
cirpan	VERB
cirpi	NOUN
cirpin	NOUN,VERB
cirpindi	NOUN
cirpir	VERB
cirpira	VERB
cirpirak	NOUN
cirpirat	VERB
cirq	VERB
cirqilla	VERB
cirqillat	VERB
cirqillaş	VERB
cirqira	VERB
cirqirat	VERB
cirqiraş	VERB
cirs	VERB
cirs-cirs	IMIT
cirsilla	VERB
cirsillat	VERB
cirsillaş	VERB
cirt	ADV,IMIT
cirt-cirt	IMIT
cirvon	NOUN
cista	NOUN
cistaci	NOUN
ciston	NOUN
cistonci	NOUN
cit	ADJ,NOUN,VERB
citboy	NOUN
citfuruş	NOUN
citfuruşlik	NOUN
citgar	NOUN
citgarlik	NOUN
citgaron	NOUN
citilla	VERB
citillat	VERB
citir	VERB
citirla	VERB
citirlat	VERB
cittak	NOUN
civ	VERB
civilla	VERB
civillaş	VERB
civin	NOUN
civiq	ADJ,NOUN,VERB
civiqla	VERB
cix	NOUN
cixcix	VERB
cixcixla	VERB
ciy	ADJ,NOUN,VERB
ciya	NOUN
ciyabori	NOUN
ciybaxmal	NOUN
ciyciy	VERB
ciyciyla	VERB
ciyciylaş	VERB
ciyduxoba	NOUN
ciygoz	NOUN
ciyildoq	ADJ,NOUN
ciyilla	VERB
ciyillat	VERB
ciyillaş	VERB
ciyir	NOUN
ciyla	VERB
ciylan	VERB
ciylat	VERB
ciyon	NOUN
ciyov	VERB
ciyovla	VERB
ciyovlaş	VERB
ciyq	VERB
ciyqilla	VERB
ciyra	VERB
ciyral	VERB
ciyrat	VERB
ciz	NOUN,VERB
cizdir	VERB
cizdiril	VERB
cizdirtir	VERB
cizel	VERB
cizella	VERB
cizellan	VERB
cizgi	NOUN
cizgic	NOUN,VERB
cizgicla	VERB
cizgl	NOUN
cizil	VERB
ciziliş	VERB
cizilla	VERB
cizillat	VERB
cizillaş	VERB
ciziq	NOUN,VERB
ciziqla	VERB
ciziş	VERB
cizma	NOUN
cizmacilik	NOUN
cizmakaş	NOUN
cizmakaşlik	NOUN
cobankovic	NOUN
cobanovic	NOUN
cobir	NOUN
coc	NOUN,VERB
coccay	VERB
coccaytir	VERB
coci	VERB
cocinqira	VERB
cociq	NOUN
cociqlik	NOUN
cocit	VERB
cocitil	VERB
cociş	VERB
cocoq	NOUN
cocoqboş	NOUN
cocpopuk	NOUN
cocqa	NOUN
cocqaboqar	NOUN
cocqaci	NOUN
cocqacilik	NOUN
cocqalik	NOUN
cocqaxona	NOUN
cocqi	NOUN
cocvoq	NOUN
codir	NOUN
codirxayol	NOUN
cog	NOUN,VERB
cogan	NOUN
cogi	AUX,PRT
cogil	VERB
cogir	NOUN
cogirma	NOUN
cogiş	VERB
cogiştir	VERB
cogla	VERB
coglan	VERB
coglaş	VERB
coglik	NOUN
cogol	NOUN
cogolboy	NOUN
coh	NOUN
cohatzopolos	NOUN
coijuş	NOUN
cok	NOUN,VERB
cokar	NOUN,VERB
cokarqand	NOUN
cokci	NOUN
cokcilik	NOUN
cokic	NOUN,VERB
cokicla	VERB
cokiclan	VERB
cokiclat	VERB
cokil	VERB
cokindi	NOUN
cokir	NOUN,VERB
cokirlik	NOUN
cokirtak	NOUN
cokiş	NOUN,VERB
cokka	NOUN,VERB
cokkala	VERB
cokkalat	VERB
cokkalattir	VERB
cokkalaş	VERB
cokla	VERB
coklat	VERB
coklattir	VERB
cokma	NOUN
coktir	VERB
coktiril	VERB
col	NOUN,VERB
col-kampir	NOUN
colakovic	NOUN
colakovskiy	NOUN
colbaqa	NOUN
colbibi	NOUN
colboy	NOUN
colboş	NOUN
coldevor	NOUN
colgu	NOUN
colguci	NOUN
colgucilik	NOUN
colhanov	NOUN
colhanova	NOUN
colimurod	NOUN
coliq	NOUN
coliqci	NOUN
coliston	NOUN
colla	VERB
collan	VERB
collat	VERB
colli	NOUN
colliboy	NOUN
collik	NOUN
colliq	NOUN
colmurod	NOUN
colohayev	NOUN
colohayeva	NOUN
coloq	ADJ,NOUN,VERB
coloqlan	VERB
coloqlik	NOUN
colp	VERB
colp-colp	IMIT
colpi	NOUN
colpilla	VERB
colpillat	VERB
colpon	NOUN
colponbu	NOUN
colponoy	NOUN
colponqul	NOUN
colponxon	NOUN
colquvar	NOUN
coltoq	NOUN,VERB
coltoqla	VERB
coltoqlan	VERB
coltoqlaş	VERB
coltoqlik	NOUN
colvor	NOUN
colyalpiz	NOUN
com	VERB
combagic	NOUN
combogic	NOUN
comdir	VERB
comic	NOUN,VERB
comicla	VERB
comicli	NOUN
comil	VERB
comiliş	VERB
comiltir	VERB
comiltiril	VERB
cong	NOUN
conqay	VERB
conqayt	VERB
conqaytir	VERB
contak	NOUN
cop	ADJ,NOUN,VERB
copagon	ADJ,NOUN
copagonlik	NOUN
copar	NOUN
coparboy	NOUN
copcak	NOUN
copcakci	NOUN
copil	VERB
copilla	VERB
copillat	VERB
copin	VERB
copiq	NOUN
copiqci	NOUN
copiş	VERB
copiştir	VERB
copogon	ADJ
copon	NOUN
coponlik	NOUN
coponqul	NOUN
coponzoda	NOUN
copovici	NOUN
copovul	NOUN
copqat	VERB
copqatlaş	VERB
copqi	NOUN
copqila	VERB
copqilan	VERB
copqilat	VERB
copqilaş	VERB
copqilla	VERB
copqir	ADJ,NOUN
copqirlik	NOUN
coptir	VERB
coptiriş	VERB
copxina	NOUN
coq	VERB
coqi	VERB
coqila	VERB
coqilat	VERB
coqilaş	VERB
coqim	NOUN
coqin	VERB
coqintir	VERB
coqit	VERB
coqittir	VERB
coqiş	VERB
coqiştir	VERB
coqla	VERB
coqmor	NOUN,VERB
coqmorla	VERB
coqmortoş	NOUN
coqmozor	NOUN
coqqay	VERB
coqqaytir	VERB
coqqi	NOUN,VERB
coqqila	VERB
coqqisida	NOUN
cor	NOUN
cor-atrof	NOUN
cor-nocor	ADJ,ADV
cora	ADJ,NOUN
corabzal	NOUN
coracilik	NOUN
corahol	ADJ
corak	NOUN,VERB
corakla	VERB
corakor	NOUN
corakorcilik	NOUN
corakorlik	NOUN
coralik	NOUN
corasiz	NOUN
corasizlik	NOUN
corasoz	NOUN
corbog	NOUN
corboy	NOUN
corbozor	NOUN
corbozorci	NOUN
corburcak	NOUN
corburcaklik	NOUN
corc	VERB
corcila	VERB
corcilalak	NOUN
corcup	NOUN
cordana	NOUN
cordard	NOUN
cordevor	NOUN
cordok	NOUN
cordoq	NOUN
corgoh	NOUN
corgul	NOUN
cori	NOUN
coribibi	NOUN
corikeldi	NOUN
corikor	NOUN
corikorlik	NOUN
corilik	NOUN
corimirza	NOUN
coriqul	NOUN
coriqurbon	NOUN
corivoy	NOUN
corixoja	NOUN
coriyor	NOUN
corizm	NOUN
corkoca	NOUN
corla	VERB
corlaş	VERB
corlik	NOUN
corlo	NOUN
corlov	NOUN
cormuhammad	NOUN
cornobay	NOUN
cornomorsk	NOUN
cornomorske	NOUN
cornuhi	NOUN
coroyna	NOUN
corpalak	NOUN
corpoya	NOUN
corqirra	NOUN
corraha	NOUN
corraxa	NOUN
corsi	ADJ,NOUN
corsu	NOUN
corsupa	NOUN
cort	ADV,IMIT
cortan	NOUN
cortanboy	NOUN
cortang	NOUN
cortkesar	ADJ
cortkiv	NOUN
cortoq	NOUN
cortoqboy	NOUN
corug	NOUN
corva	NOUN
corvaci	NOUN
corvacilik	NOUN
corvador	NOUN
corvadorlik	NOUN
corvoq	NOUN
corxari	NOUN
coryor	NOUN
corzarb	NOUN
corşanba	NOUN
corşanboy	NOUN
corşanbu	NOUN
corşanbuvi	NOUN
cot	NOUN,VERB
cotal	NOUN
cotalci	NOUN
cotboy	NOUN
coti	NOUN
cotir	ADJ,NOUN,VERB
cotirlan	VERB
cotirlaş	VERB
cotka	NOUN,VERB
cotkala	VERB
cotkalat	VERB
cotkalaş	VERB
cotla	VERB
cotmamat	NOUN
cotmat	NOUN
cotmuhammad	NOUN
cotpolat	NOUN
cotqol	NOUN
cov	NOUN,VERB
covdi	NOUN
covdir	NOUN
covdur	NOUN
covgum	NOUN
covgun	NOUN
covic	NOUN
covla	VERB
covlaş	VERB
covli	VERB
covlila	VERB
covlisoy	NOUN
covqay	NOUN
cox	NOUN
coy	NOUN,VERB
coy-poy	NOUN
coyan	ADJ,NOUN
coyanbek	NOUN
coyanboy	NOUN
coyanqul	NOUN
coyanturdi	NOUN
coycaqa	NOUN
coycop	NOUN
coydiş	NOUN
coydon	NOUN
coyfuruş	NOUN
coyfuruşlik	NOUN
coygul	NOUN
coygum	NOUN
coyinci	NOUN
coykor	NOUN
coylaş	VERB
coynak	NOUN
coyon	NOUN
coypoya	NOUN
coypuli	NOUN
coyra	NOUN
coyrak	NOUN
coyrakor	NOUN
coyxona	NOUN
coyxonaci	NOUN
coyxonanişin	NOUN
coyxor	NOUN
coyxorlik	NOUN
coyşab	NOUN
coz	ADJ,NOUN,VERB
cozil	NOUN
coziluv	NOUN
coziluvcan	NOUN
coziluvcanlik	NOUN
cozincoq	ADJ
coziq	NOUN
coziqlik	NOUN
cozma	NOUN
coş	ADV,NOUN,VERB
coş-coş	ADV
coşgoh	NOUN
coşgohlik	NOUN
coşka	NOUN
coşkoh	NOUN
coşkohlik	NOUN
coşkox	NOUN
coşla	VERB
coşnigir	NOUN
coştepa	NOUN
cris	NOUN
cristian	NOUN
cristo	NOUN
cu	INTJ,NOUN
cubarov	NOUN
cubarova	NOUN
cubavov	NOUN
cubavova	NOUN
cubrov	NOUN
cubrova	NOUN
cubur	NOUN
cuc	VERB
cucevic	NOUN
cuci	VERB
cucic	NOUN
cucit	VERB
cucitil	VERB
cuckur	VERB
cuckurtir	VERB
cucmal	NOUN,VERB
cucmalla	VERB
cucmallat	VERB
cucmallaş	VERB
cucmallik	NOUN
cucmoma	NOUN
cucu	ADJ,VERB
cucuk	ADJ,NOUN,VERB
cucukgul	NOUN
cucukla	VERB
cucuklan	VERB
cucuklaş	VERB
cucuklaştir	VERB
cucuklik	NOUN
cucukmiya	NOUN
cucukoy	NOUN
cucukxon	NOUN
cucula	VERB
cucvara	NOUN
cucvaraxona	NOUN
cudniv	NOUN
cuengo	NOUN
cuengu	NOUN
cugunnikov	NOUN
cugunnikova	NOUN
cugur	NOUN,VERB
cugur-cugur	ADV,IMIT
cugurciq	NOUN
cugurcugur	VERB
cugurcugurla	VERB
cugurcugurlaş	VERB
cugurcuq	NOUN
cugurla	VERB
cugurlat	VERB
cugurlaş	VERB
cugz	NOUN
cuh	INTJ,VERB
cuhcuh	VERB
cuhcuhla	VERB
cuhla	VERB
cuk	NOUN
cukanovic	NOUN
cukaric	NOUN
cukri	NOUN
cukurca	NOUN
culdir	VERB
culdira	VERB
culdirat	VERB
culdiraş	VERB
culga	VERB
culgan	VERB
culgat	VERB
culgaş	VERB
culiq	NOUN
culki	NOUN
culon	NOUN
cuma	NOUN
cumak	NOUN
cumaki	NOUN
cumcuq	NOUN
cumcuqkoz	NOUN
cumcuqtil	NOUN
cumoli	ADV,NOUN
cumolica	ADV
cumolicasiga	ADV
cun	NOUN
cunki	CNJ
cunon	ADV,NOUN
cunonmirza	NOUN
cuqula	VERB
cuqur	ADJ,NOUN,VERB
cuqurak	NOUN
cuqurca	NOUN
cuqurla	VERB
cuqurlan	VERB
cuqurlat	VERB
cuqurlaş	VERB
cuqurlaştir	VERB
cuqurlik	NOUN
cuqurqoq	NOUN
cur	VERB
curq	VERB
curqcurq	VERB
curqcurqla	VERB
curqcurqlaş	VERB
curqulla	VERB
curqullaş	VERB
curqura	VERB
curuk	ADJ
curulla	VERB
curullat	VERB
curvaqa	NOUN
cuv	VERB
cuva	VERB
cuvak	NOUN,VERB
cuvakcang	NOUN
cuvaklaş	VERB
cuval	VERB
cuvala	VERB
cuvalac	NOUN
cuvalan	VERB
cuvalat	VERB
cuvalaş	VERB
cuvalaştir	VERB
cuvalcang	NOUN
cuvaliş	VERB
cuvallcang	NOUN
cuvaltir	VERB
cuvat	VERB
cuvatil	VERB
cuvattir	VERB
cuvaş	NOUN,VERB
cuvaşlar	NOUN
cuvaştir	VERB
cuvcuv	VERB
cuvcuvla	VERB
cuvcuvlaş	VERB
cuvi	VERB
cuvit	VERB
cuvla	VERB
cuvlaş	VERB
cuvoq	NOUN,VERB
cuvoqla	VERB
cuvoqlan	VERB
cuvra	VERB
cuvran	VERB
cuvrat	VERB
cuvri	NOUN
cuvrindi	NOUN
cuvulla	VERB
cuvullaş	VERB
cuvulloq	NOUN
cuvur	VERB
cuvurla	VERB
cuvurlat	VERB
cuvurlaş	VERB
cuvvos	NOUN
cuy	VERB
cuyut	NOUN
dabba	ADJ
dabdaba	ADJ,NOUN
dabdababoz	NOUN
dabdababozlik	NOUN
dabdabali	ADJ
dabdala	ADJ
dabdurust	ADV
dabdurustdan	ADV
dabir	NOUN
dabla	NOUN
dada	NOUN
dadaahmad	NOUN
dadaali	NOUN
dadaasal	NOUN
dadaberdi	NOUN
dadaboy	NOUN
dadafarid	NOUN
dadajon	NOUN
dadakeldi	NOUN
dadamat	NOUN
dadamaşrab	NOUN
dadamirza	NOUN
dadamuhammad	NOUN
dadamurod	NOUN
dadan	NOUN
dadanazar	NOUN
dadaortiq	NOUN
dadaqobil	NOUN
dadaqozi	NOUN
dadaqul	NOUN
dadaqurbon	NOUN
dadasardor	NOUN
dadavali	NOUN
dadaxoja	NOUN
dadaxol	NOUN
dadaxon	NOUN
dadayev	NOUN
dadayeva	NOUN
dadayoldoş	NOUN
dadaş	NOUN
dadaşarif	NOUN
dadaşaydo	NOUN
dadaşayx	NOUN
dadic	NOUN
dadil	ADJ,ADV,NOUN,VERB
dadila	NOUN
dadilboy	NOUN
dadilla	VERB
dadillan	VERB
dadillantir	VERB
dadillantiril	VERB
dadillaş	VERB
dadillik	NOUN
dadilona	ADV
daf	NOUN
dafatan	ADV
dafn	NOUN
daftar	NOUN
daftarca	NOUN
daftardor	NOUN
daftardorlik	NOUN
dagal	ADJ
dagala	NOUN
dagar	NOUN
dagci	NOUN
dagdag	IMIT
dahaboy	NOUN
dahaboşi	NOUN
dahan	NOUN
dahana	NOUN
dahanasoy	NOUN
dahbet	NOUN
dahliz	NOUN
daho	NOUN
daholik	NOUN
dahr	NOUN
dahriboy	NOUN
dahriy	NOUN
dahriylik	NOUN
dahyak	NOUN
dahyakci	NOUN
dahşat	VERB
dahşatla	VERB
dahşatlan	VERB
daianu	NOUN
dain	NOUN
dair	NOUN
dairabot	NOUN
dajeng	NOUN
dajjol	NOUN
dak	NOUN
daka	NOUN
dakan	NOUN
dakana	NOUN
dakang	VERB
dakangla	VERB
dakanglat	VERB
dakar	NOUN
dakic	NOUN
dakir	VERB
dakirla	VERB
dakirlat	VERB
dakka	NOUN
dakki	VERB
dakkila	VERB
dakota	NOUN
dakron	NOUN
daktil	NOUN
daktilografiya	NOUN
daktilologiya	NOUN
daktiloskopiya	NOUN
dal	NOUN
dala	NOUN
dalaboy	NOUN
dalaci	NOUN
dalacilik	NOUN
dalacoy	NOUN
dalak	NOUN
dalan	NOUN
dalanboy	NOUN
dalasicqon	NOUN
dalaxon	NOUN
dalay	NOUN
dalboy	NOUN
dalda	NOUN,VERB
daldalan	VERB
daldalantir	VERB
daler	NOUN
dalgin	NOUN
dali	NOUN
daliguli	ADJ
daliboy	NOUN
dalic	NOUN
dalil	NOUN,VERB
dalilla	VERB
dalillan	VERB
dalillantir	VERB
dalillantiril	VERB
dalillaş	VERB
dalir	NOUN
dalla	NOUN
dallas	NOUN
dalli	NOUN
dalliboy	NOUN
dallik	NOUN
dallok	NOUN
dallol	NOUN
dallolboşi	NOUN
dallolcilik	NOUN
dallollik	NOUN
dalmacya	NOUN
dalolat	NOUN
dalolatnoma	NOUN
dalon	NOUN
daloyil	NOUN
daloyilxona	NOUN
daltonizm	NOUN
dalv	NOUN
dalvarzin	NOUN
dam	CNJ,NOUN,VERB
dam-badam	ADV
dam-dam	CNJ
damariq	NOUN
damavboy	NOUN
damba	NOUN,VERB
dambala	VERB
dambalat	VERB
damboy	NOUN
damcop	NOUN
damgar	NOUN
damgarlik	NOUN
damgir	NOUN
damin	NOUN
damina	NOUN
damir	NOUN
damira	NOUN
damirali	NOUN
damirjon	NOUN
damjanovskiy	NOUN
damjoy	NOUN
damka	NOUN
damkol	NOUN
damla	NOUN,VERB
damlama	NOUN
damlan	VERB
damlantir	VERB
damlat	VERB
damlattir	VERB
damlik	NOUN
damlog	NOUN
damloglik	NOUN
damodam	ADV
damovboy	NOUN
damqisma	NOUN
damyanovic	NOUN
damyanovskiy	NOUN
dan	NOUN
danak	NOUN
dandana	NOUN,VERB
dandanala	VERB
dandon	NOUN
dandonboz	NOUN
dandonbozlik	NOUN
dandonsop	NOUN
dang	ADJ,IMIT,NOUN,VERB
dang-dung	IMIT
dangal	NOUN
dangalci	NOUN
dangalcilik	NOUN
dangallik	NOUN
dangasa	ADJ,NOUN
dangasalik	NOUN
dangilla	ADJ,VERB
dangillama	ADJ
dangillat	VERB
daniel	NOUN
danielsson	NOUN
danilenko	NOUN
danilo	NOUN
danilov	NOUN
danilova	NOUN
danilovic	NOUN
danimarka	NOUN
daniyela	NOUN
danqa	NOUN
danyel	NOUN
daosizm	NOUN
dapic	NOUN
daqiq	VERB
daqiqa	NOUN
daqiqalik	NOUN
daqiqlaş	VERB
daqqi	NOUN,VERB
daqqila	VERB
daqqilan	VERB
dar	NOUN
dara	NOUN
daraja	NOUN,VERB
daraja-badaraja	ADV
darajala	VERB
darajalan	VERB
darajama-daraja	ADV
darak	NOUN,VERB
darakla	VERB
daraklat	VERB
daraknoma	NOUN
darang	VERB
darangla	VERB
daranglat	VERB
daraxt	NOUN
daraxtzor	NOUN
daraxtzorlik	NOUN
darbadar	NOUN,VERB
darbadarlaş	VERB
darbadarlik	NOUN
darband	NOUN
darbeşmuhammad	NOUN
darbon	NOUN
darbor	NOUN
darboy	NOUN
darboz	NOUN
darboza	NOUN
darbozabegi	NOUN
darbozabon	NOUN
darca	NOUN
dard	ADJ,NOUN,VERB
dardcil	ADJ
darddoş	NOUN
darddoşlik	NOUN
dardisar	ADJ
dardkaş	ADJ
dardlan	VERB
dardlantir	VERB
dardlaş	VERB
dardli	ADJ
dardlik	NOUN
dardmand	ADJ,NOUN
dardmandlik	NOUN
dardsin	VERB
darga	NOUN
dargazab	ADJ,VERB
dargazablan	VERB
dargoh	NOUN
dargom	NOUN
dargumon	ADV
darhaqiqat	PRT
darhol	ADV
darica	NOUN
darig	NOUN
darigey	NOUN
dariqa	NOUN
darius	NOUN
darjon	NOUN
darkor	NOUN,PRT
darmana	NOUN
darmanovic	NOUN
darmon	NOUN,VERB
darmonjon	NOUN
darmonla	VERB
darmonlan	VERB
darmonqul	NOUN
darmonsiz	NOUN,VERB
darmonsizla	VERB
darmonsizlan	VERB
darmonsizlantir	VERB
darmonsizlik	NOUN
darob	NOUN
daromad	ADJ,NOUN
daromadli	ADJ
darosat	NOUN
daroyi	NOUN
daroz	VERB
darozlaş	VERB
darparda	NOUN
darra	NOUN,VERB
darrala	VERB
darralan	VERB
darralat	VERB
darralattir	VERB
darranda	NOUN
darrov	ADV,NOUN
dars	NOUN
darslik	NOUN
darsxona	NOUN
darveş	ADJ,NOUN
darveşali	NOUN
darveşlik	NOUN
darveşmirza	NOUN
darveşnamo	ADJ
darveşona	ADJ
darveşsifat	ADJ
darvin	NOUN
darvinizm	NOUN
darvoqe	ADV,PRT
darvoz	NOUN
darvoza	NOUN
darvozabegi	NOUN
darvozabon	NOUN
darvozabonlik	NOUN
darvozaxona	NOUN
darxan	NOUN
darxon	NOUN
darxonmirza	NOUN
darxonxoja	NOUN
daryo	NOUN
daryoboy	NOUN
daryoci	NOUN
daryogul	NOUN
daryoliq	NOUN
daryoqul	NOUN
daryosoy	NOUN
daryoxon	NOUN
darz	NOUN
dast	ADJ
dasta	NOUN,VERB
dastagul	NOUN
dastak	NOUN,VERB
dastakla	VERB
dastaklat	VERB
dastala	VERB
dastalan	VERB
dastalaş	VERB
dastalik	NOUN
dastarra	NOUN
dastavval	ADV
dastgir	NOUN
dastgoh	NOUN
dastgohsoz	NOUN
dastgohsozlik	NOUN
dastkola	NOUN
dastlab	ADJ,ADV,NOUN
dastlabki	ADJ
dastmoya	NOUN
dastpanja	NOUN
dastromol	NOUN
dastur	NOUN,VERB
dasturboy	NOUN
dasturla	VERB
dasturxon	NOUN
dasturxonci	NOUN
dasturxonlik	NOUN
dastxat	NOUN
dastyor	NOUN
dastyorcilik	NOUN
dastyorlik	NOUN
dastşu	NOUN
datsenko	NOUN
daudov	NOUN
daudova	NOUN
daugava	NOUN
daugavpils	NOUN
dautovskiy	NOUN
dav	NOUN
davat	NOUN
davatkor	NOUN
davatnoma	NOUN
davbeka	NOUN
davboq	NOUN
davboy	NOUN
davdon	NOUN
david	NOUN
davidcenko	NOUN
davidov	NOUN
davidova	NOUN
davidovic	NOUN
davidson	NOUN
davinic	NOUN
davir	NOUN
davison	NOUN
davivic	NOUN
davjon	NOUN
davkan	NOUN
davkar	NOUN
davlat	ADJ,NOUN
davlatafzo	NOUN
davlatali	NOUN
davlatbaxt	NOUN
davlatbegim	NOUN
davlatbek	NOUN
davlatbeka	NOUN
davlatberdi	NOUN
davlatbibi	NOUN
davlatbika	NOUN
davlatboqdi	NOUN
davlatboşi	NOUN
davlatcilik	NOUN
davlatdiyor	NOUN
davlatgul	NOUN
davlatjahon	NOUN
davlatjamol	NOUN
davlatjon	NOUN
davlatkarim	NOUN
davlatkeldi	NOUN
davlatlar	ADJ
davlatlararo	ADJ
davlatlik	NOUN
davlatmamat	NOUN
davlatmand	ADJ,NOUN
davlatmandlik	NOUN
davlatmirza	NOUN
davlatmomo	NOUN
davlatmuhammad	NOUN
davlatmurod	NOUN
davlatnafas	NOUN
davlatnazar	NOUN
davlatniso	NOUN
davlatniyoz	NOUN
davlatnur	NOUN
davlatomon	NOUN
davlatoroz	NOUN
davlatoy	NOUN
davlatpanoh	NOUN
davlatpoşşa	NOUN
davlatqadam	NOUN
davlatqilic	NOUN
davlatqul	NOUN
davlatqurbon	NOUN
davlatsafar	NOUN
davlatsihat	NOUN
davlatsiz	ADJ
davlatturdi	NOUN
davlatxoh	NOUN
davlatxoja	NOUN
davlatxon	NOUN
davlatxona	NOUN
davlatyor	NOUN
davlatyoz	NOUN
davlatyusuf	NOUN
davlatşo	NOUN
davlatşoh	NOUN
davo	ADJ,NOUN,VERB
davogar	NOUN
davola	NOUN,VERB
davolan	NOUN,VERB
davolanuvci	NOUN
davolat	VERB
davolo	NOUN
davolovci	NOUN
davom	NOUN
davomat	NOUN
davomci	NOUN
davomida	AUX
davomiy	NOUN
davomiylik	NOUN
davor	NOUN
davot	NOUN
davotxona	NOUN
davoxona	NOUN
davqora	NOUN
davr	NOUN,VERB
davra	NOUN,VERB
davrala	VERB
davralat	VERB
davrapoya	NOUN
davrbek	NOUN
davrboy	NOUN
davriy	NOUN
davriya	NOUN
davriylik	NOUN
davrla	VERB
davrlaş	VERB
davrlaştir	VERB
davrlaştiril	VERB
davron	NOUN
davronali	NOUN
davrongul	NOUN
davronkeldi	NOUN
davronoy	NOUN
davronqul	NOUN
davronxoja	NOUN
davrqul	NOUN
davrxon	NOUN
davson	NOUN
davtoş	NOUN
davudovic	NOUN
davurci	NOUN
davutbasic	NOUN
davutbaşic	NOUN
davutogli	NOUN
davutovic	NOUN
davvor	NOUN
davxon	NOUN
davşan	NOUN
daxl	ADJ,NOUN
daxldor	ADJ,NOUN
daxldorlik	NOUN
daxlsiz	NOUN,VERB
daxlsizlan	VERB
daxlsizlantir	VERB
daxlsizlik	NOUN
daxşat	ADJ
daxşatli	ADJ
dayak	NOUN
daydi	ADJ,NOUN
daydilik	NOUN
dayev	NOUN
dayovboy	NOUN
dayrabekov	NOUN
dayrabekova	NOUN
dayus	NOUN
dayyor	NOUN
dazgir	NOUN
dazmol	NOUN
dazmolci	NOUN
daşava	NOUN
daşiv	NOUN
daşna	NOUN
daşnaboy	NOUN
daşnom	NOUN
daşnovot	NOUN
daşqol	NOUN
daşqozon	NOUN
daşt	NOUN
daştak	NOUN
daştakibolo	NOUN
daştboy	NOUN
daştigoz	NOUN
daştlik	NOUN
daştobod	NOUN
de	VERB
dean	NOUN
death	NOUN
deb	AUX
debaltseve	NOUN
debet	NOUN
debitor	NOUN
debitorlik	NOUN
deboca	NOUN
debodom	NOUN
debohxon	NOUN
debolo	NOUN
deboxon	NOUN
debre	NOUN
debrecen	NOUN
decani	NOUN
dedetsilllion	NUM
dedetsilllionda	NUM
dedetsillliondaman	NUM
dedetsillliondan	NUM
dedetsilllionga	NUM
dedetsilllioninci	NUM
dedetsilllionni	NUM
dedetsilllionning	NUM
dedetsilllionta	NUM
dedetsillliontaca	NUM
dedetsillliontadan	NUM
dedkov	NOUN
dedkova	NOUN
dedovic	NOUN
dedpul	NOUN
defektolog	NOUN
defektologiya	NOUN
defoliatsiya	VERB
defoliatsiyala	VERB
deformatsiya	VERB
deformatsiyala	VERB
deformatsiyalan	VERB
degan	AUX
degiz	VERB
degizdir	VERB
degosiyo	NOUN
degradatsiya	VERB
degradatsiyala	VERB
degrez	NOUN
degtarenko	NOUN
dehibolo	NOUN
dehli	NOUN
dehoji	NOUN
dehqalandar	NOUN
dehqon	ADV,NOUN,VERB
dehqonali	NOUN
dehqonbol	NOUN
dehqonbola	NOUN
dehqonbu	NOUN
dehqonbuvi	NOUN
dehqoncasiga	ADV
dehqoncilik	NOUN
dehqonlaş	VERB
dehqonlik	NOUN
dehqonobod	NOUN
dehqonqul	NOUN
dehqonxoja	NOUN
dejan	NOUN
dejanovic	NOUN
dejur	NOUN
dejurlik	NOUN
dekabr	NOUN
dekabristov	NOUN
dekabristova	NOUN
dekadent	NOUN
dekadentlik	NOUN
dekan	NOUN
dekanat	NOUN
dekani	NOUN
dekanic	NOUN
dekca	NOUN
dekmoron	NOUN
dekod	VERB
dekodla	VERB
dekoratsiya	NOUN
dekovic	NOUN
dekret	NOUN,VERB
dekretlaş	VERB
dekretlaştir	VERB
delalic	NOUN
delaney	NOUN
delatin	NOUN
delaware	NOUN
delegat	NOUN
delegatlik	NOUN
delevic	NOUN
delfi	NOUN
delfin	NOUN
delic	NOUN
delimustafic	NOUN
delo	NOUN
delta	NOUN
demagog	NOUN,VERB
demagogiya	NOUN
demagoglaş	VERB
demagoglik	NOUN
demak	PRT
demartinov	NOUN
demartinova	NOUN
demcenko	NOUN
dementyev	NOUN
dementyeva	NOUN
demetris	NOUN
demidivka	NOUN
demidov	NOUN
demidova	NOUN
demircic	NOUN
demirovic	NOUN
demirovskiy	NOUN
demokrat	VERB
demokratlaş	VERB
demokratlaştir	VERB
demokratlaştiril	VERB
demopolos	NOUN
demoqci	PRT
demyanenko	NOUN
dendrologiya	NOUN
dendropark	NOUN
dengiz	NOUN
dengizboy	NOUN
dengizci	NOUN
dengizkol	NOUN
denis	NOUN
denisenko	NOUN
denisov	NOUN
denisova	NOUN
deniz	NOUN
denizlispor	NOUN
denonsatsiya	NOUN
denov	NOUN
denovbolo	NOUN
denovsayyot	NOUN
depara	VERB
deparala	VERB
deparalaş	VERB
deparalaştir	VERB
departament	NOUN
depeşa	NOUN
depilyasiya	NOUN
depo	NOUN
depsa	VERB
depsan	VERB
depsi	VERB
depsin	VERB
deputat	NOUN
deputatlik	NOUN
derajna	NOUN
deratizatsiya	NOUN
deraza	ADJ,NOUN
derazali	ADJ
derazatokca	NOUN
derdarov	NOUN
derdarova	NOUN
derek	NOUN
derevyansk	NOUN
deric	NOUN
derivatsion	ADJ
derivatsiya	NOUN
derkovic	NOUN
dermatin	NOUN
dermatit	NOUN
dermatolog	NOUN
dermatologiya	NOUN
dermenci	NOUN
deronjic	NOUN
derviş	NOUN
dervişalidovic	NOUN
dervişevic	NOUN
dervişovic	NOUN
desant	NOUN
desantci	NOUN
desert	NOUN
deskovskiy	NOUN
deslo	NOUN
desna	NOUN
desorb	VERB
desorbla	VERB
despanic	NOUN
despotovic	NOUN
destabil	VERB
destabillaş	VERB
destabillaştir	VERB
detal	NOUN,VERB
detallaş	VERB
detallaştir	VERB
detektiv	ADJ
deti	NOUN
detonatsiya	VERB
detonatsiyala	VERB
detroit	NOUN
dev	ADJ,NOUN
devcic	NOUN
devdil	NOUN
devic	NOUN
deviz	NOUN
devkar	ADV
devkarona	ADV
devlet	NOUN
devloh	NOUN
devlohci	NOUN
devman	NOUN
devol	NOUN
devon	NOUN
devona	ADJ,ADV,NOUN
devonalik	NOUN
devonavaş	ADJ
devonavor	ADV
devonbegi	NOUN
devonboy	NOUN
devoniyen	NOUN
devonmamat	NOUN
devonmuhammad	NOUN
devonqul	NOUN
devonxoja	NOUN
devonxona	NOUN
devor	ADJ,NOUN
devoriy	ADJ,ADV
devorsoat	NOUN
devortagi	NOUN
devorzan	NOUN
devorzanlik	NOUN
devotcenko	NOUN
devpecak	NOUN
devqomat	ADJ
devrim	NOUN
devsifat	ADJ
devvaş	ADJ
devxona	NOUN
devzira	NOUN
deya	AUX
deyarli	ADV
deybaland	NOUN
deylik	PRT
dezintegratsiya	VERB
dezintegratsiyala	VERB
deşifir	VERB
deşifirla	VERB
di-dit	IMIT
diabet	NOUN
diafragma	VERB
diafragmala	VERB
diagnostika	NOUN
diagnoz	NOUN
diagramma	NOUN
diakonesku	NOUN
dialekt	NOUN
dialektika	NOUN
dialektizm	NOUN
dialektolog	NOUN
dialektologiya	NOUN
diaonesku	NOUN
dias	NOUN
dibrova	NOUN
dicic	NOUN
dick	NOUN
dicle	NOUN
did	NOUN,VERB
didbon	NOUN
didbonlik	NOUN
didla	VERB
didlan	VERB
dielektrik	ADJ
differensiatsiya	VERB
differensiatsiyala	VERB
differensiatsiyalan	VERB
differensiatsiyalaş	VERB
diffuziya	NOUN,VERB
diffuziyala	VERB
diffuziyalan	VERB
diftong	NOUN
digar	NOUN
digtari	NOUN
dijbulga	NOUN
dijmaresku	NOUN
dijon	NOUN
dik	IMIT,NOUN,VERB
dik-dik	IMIT
dikang	VERB
dikang-dikang	IMIT
dikangla	VERB
dikanglat	VERB
dikanka	NOUN
dikdik	IMIT
dikic	NOUN
dikilla	VERB
dikillat	VERB
dikinson	NOUN
dikir	VERB
dikir-dikir	IMIT
dikirla	VERB
dikirlat	VERB
dikirlaş	VERB
dikk	VERB
dikka	VERB
dikkala	VERB
dikkay	VERB
dikkaytir	VERB
diklic	NOUN
dikray	VERB
dikraytir	VERB
dikson	NOUN
diktant	NOUN
diktator	NOUN,VERB
diktatorlaş	VERB
diktatorlik	NOUN
diktatura	NOUN
diktofon	NOUN
diktor	NOUN
diktovka	NOUN
diktovkaci	NOUN
dikulesku	NOUN
dil	ADJ,NOUN,VERB
diladruz	NOUN
dilaferuz	NOUN
dilafgor	NOUN
dilafgorlik	NOUN
dilafroz	NOUN
dilafroza	NOUN
dilafruz	NOUN
dilafza	NOUN
dilafzoxon	NOUN
dilara	NOUN
dilaso	NOUN
dilaş	NOUN
dilband	ADJ,NOUN
dilbar	ADJ,NOUN
dilbarali	NOUN
dilbarbek	NOUN
dilbarniso	NOUN
dilbaşir	NOUN
dilbaşira	NOUN
dilbek	NOUN
dilberovic	NOUN
dilboz	NOUN
dilboza	NOUN
dilda	NOUN
dildagul	NOUN
dildir	VERB
dildira	VERB
dildirat	VERB
dildiraş	VERB
dildoda	NOUN
dildor	ADJ,NOUN,VERB
dildora	NOUN
dildorali	NOUN
dildorbek	NOUN
dildorlaş	VERB
diler	NOUN
dilerlik	NOUN
dilfarib	NOUN
dilfer	NOUN
dilfido	NOUN
dilfikr	NOUN
dilfiruza	NOUN
dilfuza	NOUN
dilgir	ADJ,NOUN,VERB
dilgirla	VERB
dilgirlan	VERB
dilgirlik	NOUN
dilhavas	NOUN
dilhayo	NOUN
dili	NOUN
dilimir	NOUN
diliş	NOUN
dilkaş	ADJ,NOUN
dilkor	NOUN
dilkuşo	NOUN
dillaş	VERB
dilli	NOUN
dilliboy	NOUN
dillik	ADJ,NOUN
dilmon	NOUN
dilmura	NOUN
dilmurod	NOUN
dilnahor	NOUN
dilnavoz	ADJ,NOUN
dilnazar	NOUN
dilnazir	NOUN
dilnigor	NOUN
dilniyoz	NOUN
dilnora	NOUN
dilnoz	NOUN
dilnoza	NOUN
dilnozik	NOUN
dilnur	NOUN
dilnura	NOUN
dilobar	NOUN
dilor	NOUN
dilora	NOUN
diloro	NOUN
dilorom	ADJ,NOUN
diloso	NOUN
dilovar	NOUN
dilovarxoja	NOUN
dilovoz	NOUN
dilozor	ADJ,VERB
dilozorlaş	VERB
dilparic	NOUN
dilpora	ADJ
dilqiz	NOUN
dilrabo	ADJ,NOUN
dilrozabonu	NOUN
dilruba	NOUN
dilruh	NOUN
dilruz	NOUN
dilsiyoh	NOUN
dilsiyohlik	NOUN
dilsora	NOUN
dilsoz	NOUN
dilsozbibi	NOUN
dilsozlik	NOUN
diltang	NOUN,VERB
diltangla	VERB
diltanglan	VERB
diltanglik	NOUN
dilufar	NOUN
diluzar	NOUN
dilxasta	ADJ,NOUN
dilxastalik	NOUN
dilxira	NOUN
dilxiralik	NOUN
dilxiroj	NOUN
dilxoh	NOUN
dilxon	NOUN
dilxona	NOUN
dilxumor	NOUN
dilxun	NOUN
dilxunlik	NOUN
dilxuş	NOUN
dilxuşbek	NOUN
dilyana	NOUN
dilyayra	NOUN
dilyob	NOUN
dilyobbek	NOUN
dilyor	NOUN
dilyora	NOUN
dilyozar	NOUN
dilzod	NOUN
dilzoda	NOUN
dilzor	NOUN
dilşahriz	NOUN
dilşod	NOUN
dilşoda	NOUN
dilşodlik	NOUN
dilşunos	NOUN
dim	VERB
dimana	NOUN
dimer	NOUN
dimiq	VERB
dimiqtir	VERB
dimitar	NOUN
dimitresku	NOUN
dimitrij	NOUN
dimitris	NOUN
dimitriyevic	NOUN
dimitrov	NOUN
dimitrova	NOUN
dimitrove	NOUN
dimitrovskiy	NOUN
dimla	ADJ,VERB
dimlama	ADJ,NOUN
dimlan	VERB
dimlat	VERB
dimlattir	VERB
dimog	ADJ,NOUN,VERB
dimogdor	ADJ,NOUN
dimogdorlik	NOUN
dimogla	VERB
dimoglan	VERB
dimoglaş	VERB
dimovskiy	NOUN
din	ADJ,NOUN
dinahmad	NOUN
dinali	NOUN
dinamik	ADJ
dinamika	NOUN
dinamit	NOUN
dinamitci	NOUN
dinamomaşina	NOUN
dinamometr	NOUN
dinara	NOUN
dinasl	NOUN
dinastiya	NOUN
dinci	NOUN
dindor	NOUN
dindora	NOUN
dindorlik	NOUN
dindorxon	NOUN
dinesku	NOUN
ding	IMIT,VERB
dingilla	VERB
dingir	VERB
dingirla	VERB
dingirlat	VERB
dinislom	NOUN
diniy	ADJ
dink	NOUN
dinkic	NOUN
dinmamat	NOUN
dinmat	NOUN
dinmuhammad	NOUN
dinmurod	NOUN
dinnura	NOUN
dinor	NOUN
dinora	NOUN
dinorboy	NOUN
dinovar	NOUN
dinozavr	NOUN
dinoş	NOUN
dinulla	NOUN
dinşo	NOUN
din�r�	NOUN
diogen	NOUN
diplom	NOUN
diplomant	NOUN
diplomatiya	NOUN
diqqat	NOUN
diqqatboz	NOUN
diqqatbozlik	NOUN
diqqatci	NOUN
diqqatcilik	NOUN
diqqatlik	NOUN
diqqatpaz	NOUN
diqqatpazlik	NOUN
diqqatsiz	NOUN
diqqatsizlik	NOUN
diqqinafas	NOUN
diqqinafaslik	NOUN
dir	ADJ,VERB
dir-dir	IMIT
diram	NOUN
dirdir	VERB
dirdira	VERB
direktor	NOUN
direktorlik	NOUN
dirijyor	NOUN
dirildoq	ADJ
dirilla	VERB
dirillat	VERB
diring	VERB
diringla	VERB
dirk	NOUN,VERB
dirkilla	VERB
dirkillat	VERB
dirr	INTJ
dirxam	NOUN
disk	NOUN
disketa	NOUN
diskont	NOUN
diskoteka	NOUN
diskovod	NOUN
diskussiya	VERB
diskussiyala	VERB
diskussiyalaş	VERB
disney	NOUN
dispanser	VERB
dispanserla	VERB
dispanserlaş	VERB
dispanserlaştir	VERB
dispetcer	NOUN
dispetcerlik	NOUN
displey	NOUN
dissertant	NOUN
dissertatsiya	NOUN
dissotsiatsiya	VERB
dissotsiatsiyala	VERB
distansiya	NOUN
distil	VERB
distilla	VERB
distillan	VERB
distillyatsiya	VERB
distillyatsiyala	VERB
divan	NOUN
diversiya	NOUN
diversiyaci	NOUN
diversiyacilik	NOUN
divic	NOUN
dividend	NOUN
divizion	NOUN
diviziya	NOUN
dixotom	VERB
dixotomla	VERB
dixotomlan	VERB
diyana	NOUN
diyarbakir	NOUN
diyarbakirspor	NOUN
diyarbakrspor	NOUN
diyda	NOUN
diydir	VERB
diydira	VERB
diydor	NOUN,VERB
diydorlaş	VERB
diyeta	NOUN
diyonat	ADJ,NOUN
diyonatli	ADJ
diyor	NOUN
diyora	NOUN
diyorbek	NOUN
dizayn	NOUN
dizayner	NOUN
dizdarevic	NOUN
dizel	NOUN
diş	NOUN
djelic	NOUN
djeric	NOUN
djordjevic	NOUN
djukanovic	NOUN
djurkovic	NOUN
djurovic	NOUN
dme	NOUN
dmitri	NOUN
dmitris	NOUN
dmitrivka	NOUN
dmitriy	NOUN
dmitriyev	NOUN
dmitro	NOUN
dmitry	NOUN
dnepropetrovsk	NOUN
dneprovsk	NOUN
dnestryani	NOUN
dnevnik	NOUN
dnipropetrovsk	NOUN
dobil	NOUN
dobranka	NOUN
dobric	NOUN
dobricic	NOUN
dobrodeyev	NOUN
dobrodeyeva	NOUN
dobromil	NOUN
dobroslav	NOUN
dobrotvir	NOUN
dobrovelickivka	NOUN
dobruca	NOUN
dod	NOUN,VERB
dodali	NOUN
dodar	NOUN
dodbaxş	NOUN
dodboy	NOUN
dodgar	NOUN
dodho	NOUN
dodigul	NOUN
dodik	NOUN
dodla	VERB
dodlat	VERB
dodlattir	VERB
dodlaş	VERB
dodlik	NOUN
dodmehr	NOUN
dodmuhammad	NOUN
dodovskiy	NOUN
dodras	NOUN
dodvand	NOUN
dodvor	NOUN
dodxoh	NOUN
dodxudo	NOUN
dog	NOUN,VERB
dogac	NOUN
dogiston	NOUN
dogla	VERB
doglan	VERB
doglat	NOUN,VERB
doglik	NOUN
dogma	NOUN
dogmaca	NOUN
dogmatik	ADJ
dogmatoy	NOUN
dogob	NOUN
dogov	VERB
dogovla	VERB
dogovor	NOUN
dogujiyev	NOUN
dogujiyeva	NOUN
doha	NOUN
dohiy	ADV,NOUN
dohiya	NOUN
dohiylik	NOUN
dohiyona	ADV
doim	ADJ,ADV
doimgidek	ADV
doimiy	ADJ,VERB
doimiylaş	VERB
doimiylaştir	VERB
doimo	ADV
doir	AUX
doira	ADJ,NOUN
doiraci	NOUN
doiraviy	ADJ
doker	NOUN
dokic	NOUN
doklad	NOUN
dokladci	NOUN
dokladnoma	NOUN
dokmanovic	NOUN
dokon	NOUN
dokonci	NOUN
dokondor	NOUN
dokondorlik	NOUN
dokonxona	NOUN
dokovic	NOUN
doktor	NOUN
doktorant	NOUN
doktorantura	NOUN
doktorlik	NOUN
doktorxona	NOUN
doktrina	NOUN
dokucayevsk	NOUN
dokument	VERB
dokumentla	VERB
dokumentlaş	VERB
dokumentlaştir	VERB
dol	ADV,NOUN,VERB
dolan	VERB
dolana	NOUN
dolanboy	NOUN
dolay	VERB
dolaytir	VERB
dolbor	NOUN
dolboy	NOUN
dolci	NOUN
dolcin	NOUN
dolga	VERB
dolgala	VERB
dolgalan	VERB
dolgopolov	NOUN
dolgopolova	NOUN
dolgorukov	NOUN
dolgorukova	NOUN
dolgov	NOUN
dolgova	NOUN
doli	NOUN
doliboy	NOUN
dolim	NOUN
dolina	NOUN
doliniso	NOUN
dolinska	NOUN
doljenkov	NOUN
doljenkova	NOUN
dolla	VERB
dollar	NOUN
dollaş	VERB
dolma	NOUN
dolmon	NOUN
dolob	NOUN,VERB
dolobla	VERB
doloblaş	VERB
dolomit	VERB
dolomitla	VERB
dolomitlaş	VERB
dolta	NOUN
doltaboy	NOUN
doltoy	NOUN
dolzarb	ADJ
dom	NOUN
doman	NOUN
domana	NOUN
domangir	NOUN
domb	VERB
dombay	VERB
dombilla	VERB
dombir	NOUN,VERB
dombira	NOUN
dombiraci	NOUN
dombirla	VERB
dombirlat	VERB
domboq	ADJ
dominant	NOUN
dominantlik	NOUN
dominik	NOUN
dominika	NOUN
dominion	NOUN
dominiqe	NOUN
dominkovic	NOUN
domino	NOUN
domkrat	NOUN
domla	NOUN
domlajon	NOUN
domna	NOUN
domnaci	NOUN
domod	NOUN
domon	NOUN
domovoy	NOUN
dompay	VERB
dompaytir	VERB
domulla	NOUN
domullajon	NOUN
don	NOUN,VERB
dona	ADJ,ADV,NOUN,VERB
dona-dona	ADV
donabai	NOUN
donajon	NOUN
donala	VERB
donalab	ADV
donald	NOUN
donaş	NOUN
donaşor	NOUN
donaşurak	NOUN
donaşxon	NOUN
donbas	NOUN
dondi	NOUN
dondiq	ADJ,NOUN
dondiqca	NOUN
dondir	VERB
dondirtir	VERB
donets	NOUN
donetsk	NOUN
dong	ADJ,NOUN,VERB
dongboy	NOUN
dongilla	VERB
dongillat	VERB
donglik	NOUN
dongsa	NOUN
dongsalik	NOUN
doni	NOUN
doniislom	NOUN
donijon	NOUN
doniqul	NOUN
doniyor	NOUN
doniyorjon	NOUN
doniş	NOUN
donişmand	ADJ,NOUN
donişmandlik	NOUN
donjuan	NOUN
donjuanlik	NOUN
donla	VERB
donlat	VERB
donlaş	VERB
donmas	NOUN
dono	ADJ,NOUN
donoberdi	NOUN
donobibi	NOUN
donogozal	NOUN
donogul	NOUN
donojamol	NOUN
donojon	NOUN
donokeldi	NOUN
donolik	NOUN
donomamad	NOUN
donomurod	NOUN
donon	NOUN
dononmirza	NOUN
donoqul	NOUN
donoqurbon	NOUN
donor	NOUN
donorlik	NOUN
donoxoja	NOUN
donoxol	NOUN
donoxon	NOUN
donuzlav	NOUN
donxorak	NOUN
dopi	VERB
dopila	VERB
dopilat	VERB
doppay	VERB
doppaytir	VERB
doppi	ADJ,NOUN
doppici	NOUN
doppidoz	NOUN
doppidozlik	NOUN
doppili	ADJ
doppilik	NOUN
doppos	VERB
dopposla	VERB
dopposlaş	VERB
dopur	IMIT
doq	VERB
doqang	VERB
doqangla	VERB
doqanglat	VERB
doqilla	VERB
doqillat	VERB
doqir	VERB
doqirla	VERB
doqla	VERB
doqqi	VERB
doqqila	VERB
doqqilat	VERB
dor	NOUN,VERB
dora	NOUN
doray	VERB
doraytir	VERB
dorboz	NOUN
dorbozlik	NOUN
dorci	NOUN
dorcin	NOUN
dorcop	NOUN
dorday	VERB
dordogne	NOUN
dordoq	VERB
dordoqla	VERB
dordoqlan	VERB
dori	ADJ,NOUN
dorifuruş	NOUN
dorifuruşlik	NOUN
dorilla	VERB
dorillat	VERB
dorinoma	NOUN
dorissaltana	NOUN
doritomizgic	NOUN
dorivor	ADJ
dorixona	NOUN
dorişunos	NOUN
dorişunoslik	NOUN
dorişşifo	NOUN
dorman	NOUN
dormanca	NOUN
dormon	NOUN
dormonxoja	NOUN
doro	NOUN
dorob	NOUN
dorobek	NOUN
dorojnoye	NOUN
doroyi	NOUN
doroşenko	NOUN
dortmund	NOUN
doru	NOUN
doruga	NOUN
dosan	NOUN
dosanjon	NOUN
dosat	NOUN
dosatboy	NOUN
dosboy	NOUN
dosim	NOUN
doska	NOUN
doslidnitske	NOUN
dosmat	NOUN
dost	ADJ,ADV,NOUN,VERB
dostali	NOUN
dostanic	NOUN
dostberdi	NOUN
dostbol	NOUN
dostdor	NOUN
dosti	NOUN
dostim	NOUN
dostiyor	NOUN
dostkeldi	NOUN
dostlarca	ADV
dostlaş	VERB
dostlaştir	VERB
dostlik	NOUN
dostmamat	NOUN
dostmir	NOUN
dostmirza	NOUN
dostmuhammad	NOUN
dostmulla	NOUN
dostmurod	NOUN
dostnazar	NOUN
dostniyoz	NOUN
dostnoz	NOUN
doston	NOUN
dostona	ADV
dostonbol	NOUN
dostonci	NOUN
dostoncilik	NOUN
dostonqul	NOUN
dostonşunos	NOUN
dostqobil	NOUN
dostqor	NOUN
dostqora	NOUN
dostqul	NOUN
dostquvvat	NOUN
dostyor	NOUN
dotatsiya	NOUN
dotsenko	NOUN
dotsent	NOUN
dou	NOUN
doubs	NOUN
douglas	NOUN
dov	NOUN,VERB
dovar	NOUN
dovbiş	NOUN
dovdir	ADJ,NOUN
dovdirlik	NOUN
dovjenko	NOUN
dovla	VERB
dovlaş	VERB
dovon	NOUN
dovonboy	NOUN
dovonmirza	NOUN
dovot	NOUN
dovucca	NOUN
dovud	NOUN
dovudqul	NOUN
dovul	NOUN
dovulboy	NOUN
dovulli	NOUN
dovur	AUX,NOUN
dovuş	NOUN
down	NOUN
doxil	NOUN
doxunda	NOUN
doya	NOUN
doyaca	NOUN
doyaci	NOUN
doyacilik	NOUN
doyalik	NOUN
doynikov	NOUN
doynikova	NOUN
doyran	NOUN
doza	NOUN,VERB
dozala	VERB
dozanda	NOUN
dozandalik	NOUN
dozator	NOUN
dozatorci	NOUN
dozax	NOUN
doş	NOUN
doşqozon	NOUN
dr	NOUN
drabiv	NOUN
dragalic	NOUN
dragan	NOUN
dragic	NOUN
dragicevic	NOUN
dragisic	NOUN
dragoljb	NOUN
dragoljub	NOUN
dragomanov	NOUN
dragomanova	NOUN
dragovic	NOUN
dragulesku	NOUN
dragutinovic	NOUN
drahma	NOUN
drakula	NOUN
drakulic	NOUN
drama	NOUN
dramatizm	NOUN
dramaturg	NOUN
dramaturgiya	NOUN
dramma	VERB
drammalaş	VERB
drammalaştir	VERB
draskovic	NOUN
drava	NOUN
drazenovic	NOUN
drekovic	NOUN
drel	NOUN
drenaj	VERB
drenajla	VERB
drenajlan	VERB
dresden	NOUN
dresevic	NOUN
drina	NOUN
drlyevic	NOUN
drme	NOUN
drohobyc	NOUN
drojji	NOUN
dropulic	NOUN
drozdov	NOUN
drozdova	NOUN
drujba	NOUN
drujina	NOUN
drujinaci	NOUN
druzenko	NOUN
drzic	NOUN
dsan	NOUN
dsko	NOUN
dsseldorf	NOUN
dualizm	NOUN
dub	NOUN
dubay	NOUN
dubayic	NOUN
dublani	NOUN
dublin	NOUN
dublyor	NOUN
dubove	NOUN
dubovyazivka	NOUN
dubrovnik	NOUN
dubulga	NOUN
duc	VERB
duclaş	VERB
duclaştir	VERB
dud	NOUN,VERB
duda	NOUN,VERB
dudak	NOUN
dudakov	NOUN
dudakova	NOUN
dudakovic	NOUN
dudam	NOUN
dudayev	NOUN
dudayeva	NOUN
duddud	VERB
duddudla	VERB
duddudlat	VERB
dudesku	NOUN
dudic	NOUN
dudkaş	NOUN
dudla	NOUN,VERB
dudlama	NOUN
dudlan	VERB
dudmol	VERB
dudmolla	VERB
dudmollan	VERB
dudoq	NOUN
duduq	NOUN,VERB
duduqlan	VERB
duduqlik	NOUN
dudxona	NOUN
duel	NOUN
duet	NOUN
dugalic	NOUN
dugci	NOUN
dugob	NOUN
dugoba	NOUN
dugoh	NOUN
dugona	NOUN,VERB
dugonalaş	VERB
duhuk	NOUN
duic	NOUN
duikulesku	NOUN
dujarric	NOUN
dujkovic	NOUN
dujovic	NOUN
duk	NOUN,VERB
duk-duk	IMIT
dukci	NOUN
dukcilik	NOUN
dukduk	VERB
dukdukla	VERB
dukent	NOUN
dukic	NOUN
dukkak	NOUN,VERB
dukkakdoş	NOUN
dukkakdoşlar	NOUN
dukkakla	VERB
dukovskiy	NOUN
dukulla	VERB
dukullat	VERB
dukur	VERB
dukur-dukur	IMIT
dukurla	VERB
dukurlaş	VERB
duldul	NOUN
duldulbek	NOUN
dulic	NOUN
dum	NOUN
dum-dumaloq	ADJ
duma	NOUN
dumak	NOUN
dumalo	ADJ
dumaloq	ADJ
dumancic	NOUN
dumar	NOUN
dumaxona	NOUN
dumba	NOUN
dumbul	ADJ,NOUN
dumbullik	NOUN
dumic	NOUN
dumitresku	NOUN
dunboy	NOUN
dungalak	NOUN
dunic	NOUN
dunyo	ADV,NOUN
dunyobegim	NOUN
dunyodor	NOUN
dunyogozal	NOUN
dunyogul	NOUN
dunyolarca	ADV
dunyolik	NOUN
dunyonur	NOUN
dunyoxol	NOUN
dunyoxon	NOUN
duo	NOUN
duob	NOUN
duoxon	NOUN
duoxonlik	NOUN
dup-dup	IMIT
dupnitsa	NOUN
dupuli	NOUN
dupur	VERB
dupur-dupur	IMIT
dupurla	VERB
dupurlat	VERB
dupurlaş	VERB
duqci	NOUN
duradgor	NOUN
duradgorcilik	NOUN
duradgorlik	NOUN
duragay	VERB
duragayla	VERB
duragaylan	VERB
duragaylaş	VERB
duragaylaştir	VERB
durakovic	NOUN
duraxşon	NOUN
duraza	NOUN
durban	NOUN
durbek	NOUN
durbeka	NOUN
durbibi	NOUN
durbin	NOUN
durbon	NOUN
durbor	NOUN
durbotir	NOUN
durdevic	NOUN
durdigul	NOUN
durdijon	NOUN
durdinor	NOUN
durdipoşşa	NOUN
durdixol	NOUN
durdona	NOUN
durgozal	NOUN
durgul	NOUN
duri	NOUN
duric	NOUN
durijahonbek	NOUN
durixon	NOUN
duriya	NOUN
durjahon	NOUN
durjamol	NOUN
durjon	NOUN
durkunoy	NOUN
durmamat	NOUN
durman	NOUN
durmat	NOUN
durmirza	NOUN
durmomo	NOUN
durmuhammad	NOUN
durmurod	NOUN
durnabot	NOUN
durnazar	NOUN
durniso	NOUN
durniyoz	NOUN
durovic	NOUN
durpolat	NOUN
durpoş	NOUN
durpoşşa	NOUN
durra	NOUN
durres	NOUN
durronii	NOUN
durroniilar	NOUN
durroniy	NOUN
durroniylar	NOUN
durs	VERB
dursaboh	NOUN
dursadaf	NOUN
dursanam	NOUN
dursihat	NOUN
dursoat	NOUN
dursulla	VERB
dursulton	NOUN
durust	NOUN,VERB
durustboy	NOUN
durustla	VERB
durustlan	VERB
durustlaş	VERB
durustlik	NOUN
durustmuhammad	NOUN
durustqul	NOUN
durustxon	NOUN
duruşt	VERB
duruştla	VERB
duruştlan	VERB
durxoja	NOUN
durxol	NOUN
durxon	NOUN
durxonim	NOUN
durzoda	NOUN
dusan	NOUN
dusanic	NOUN
dusko	NOUN
dut	VERB
dutdut	VERB
dutdutla	VERB
dutla	VERB
duto	NOUN
dutolik	NOUN
dutor	NOUN
dutorboz	NOUN
dutorci	NOUN
duv	VERB
duv-duv	IMIT
duvarak	VERB
duvarakla	VERB
duvla	NOUN
duvlat	NOUN
duvlon	NOUN
duvlonqul	NOUN
duvulla	VERB
duvullat	VERB
duvullaş	VERB
duvur	VERB
duvurla	VERB
duvurlat	VERB
duvurlaş	VERB
duvva	ADV
duxoba	NOUN
duxobagul	NOUN
duxovka	NOUN
duxtar	NOUN
duyarric	NOUN
duymat	NOUN
duyul	NOUN
duyşan	NOUN
duyşanmuhammad	NOUN
duş	NOUN
duşan	NOUN
duşanali	NOUN
duşanba	NOUN
duşanbe	NOUN
duşanboy	NOUN
duşanqul	NOUN
duşanxoja	NOUN
duşman	ADV,NOUN,VERB
duşmancilik	NOUN
duşmanlarca	ADV
duşmanlaş	VERB
duşmanlik	NOUN
dvigatel	NOUN
dvijok	NOUN
dvina	NOUN
dvoranenko	NOUN
dvoryan	NOUN
dyelic	NOUN
dyordyevic	NOUN
dyuim	NOUN
dyuimlik	NOUN
dyukanovic	NOUN
dyukic	NOUN
dyurovic	NOUN
dzhungarian	NOUN
dzinic	NOUN
dzoic	NOUN
dzyudo	NOUN
dzyudoci	NOUN
e	INTJ
e-ha	INTJ
ea	NOUN
ear	NOUN
east	NOUN
ebilmecin	NOUN
ebonit	NOUN
ebrd	NOUN
ebru	NOUN
ebulisov	NOUN
ebulisova	NOUN
ecb	NOUN
ecevit	NOUN
eckemar	NOUN
ecki	NOUN
eckici	NOUN
eckicilik	NOUN
eckiemar	NOUN
eco	NOUN
eden	NOUN
edib	NOUN
edige	NOUN
edil	NOUN
edinburg	NOUN
edirne	NOUN
edison	NOUN
ediyev	NOUN
ediyeva	NOUN
edom	NOUN
edouard	NOUN
edvard	NOUN
efax	NOUN
efemer	NOUN
efendic	NOUN
efendikoy	NOUN
efes	NOUN
effekt	NOUN
effektiv	NOUN
effektivlik	NOUN
efiopiya	NOUN
efir	NOUN
efod	NOUN
eg	ADJ,NOUN,VERB
ega	NOUN
egaca	NOUN
egaci	NOUN
egacilik	NOUN
egalik	NOUN
egalla	VERB
egallan	VERB
egallat	VERB
egallaş	VERB
egam	NOUN
egamberdi	NOUN
egambergan	NOUN
egammirza	NOUN
egammurod	NOUN
egamnazar	NOUN
egamniyoz	NOUN
egamoy	NOUN
egamqul	NOUN
egamtoy	NOUN
egamxoja	NOUN
egamyor	NOUN
egamşukur	NOUN
egar	NOUN,VERB
egarci	NOUN
egarcilik	NOUN
egarla	VERB
egarlan	VERB
egarlat	VERB
egarlattir	VERB
egarlog	NOUN
egarloglik	NOUN
egarlogliq	NOUN
egarqoş	NOUN
egasiz	NOUN,VERB
egasizla	VERB
egasizlan	VERB
egasizlantir	VERB
egasizlantiril	VERB
egasizlik	NOUN
egat	NOUN,VERB
egatboy	NOUN
egatla	VERB
egaş	NOUN
egaşxon	NOUN
egdir	VERB
egdiril	VERB
egdirtir	VERB
ege	NOUN
egik	ADJ
egil	NOUN,VERB
egilboy	NOUN
egilik	NOUN
egiliş	VERB
egiltir	VERB
egiluv	NOUN
egiluvcan	NOUN
egiluvcanlik	NOUN
egiluvci	NOUN
egin	NOUN
egiz	NOUN
egizak	NOUN
egizbek	NOUN
egizboy	NOUN
egoist	NOUN
egoistlik	NOUN
egoizm	NOUN
egosentrizm	NOUN
egov	NOUN,VERB
egovla	VERB
egovlat	VERB
egovlattir	VERB
egovlaş	VERB
egri	ADJ,NOUN,VERB
egri-bugri	ADJ
egrila	VERB
egrilan	VERB
egrilik	NOUN
egrisuv	NOUN
eh	INTJ
ehe	INTJ
ehrom	NOUN
ehrombek	NOUN
ehson	NOUN
ehsonali	NOUN
ehsonoy	NOUN
ehsonqul	NOUN
ehsontoy	NOUN
ehsonulla	NOUN
ehsonxoja	NOUN
ehtimol	NOUN,PRT
ehtimollik	NOUN
ehtirom	NOUN
ehtiros	ADJ,NOUN
ehtirosli	ADJ
ehtiyoj	NOUN
ehtiyot	ADJ,NOUN,VERB
ehtiyotkor	ADJ,ADV,NOUN
ehtiyotkorlik	NOUN
ehtiyotkorona	ADV
ehtiyotla	VERB
ehtiyotlan	VERB
ehtiyotlik	NOUN
ehtiyotsiz	NOUN
ehtiyotsizlik	NOUN
ehtiyotxon	NOUN
ehzon	NOUN
eib	NOUN
ek	ADJ,NOUN,VERB
ekan	NOUN
ekanlik	NOUN
ekibastuz	NOUN
ekil	VERB
ekilmoq-tikil	VERB
ekim	NOUN
ekin	NOUN
ekinboy	NOUN
ekinci	NOUN
ekincilik	NOUN
ekinzor	NOUN
ekipaj	NOUN
ekiş	VERB
eklektik	NOUN
eklektiklik	NOUN
eklektizm	NOUN
ekliptika	NOUN
ekma	ADJ
ekologiya	NOUN
ekonomika	NOUN
ekonomist	NOUN
ekonomiya	NOUN
ekonomizm	NOUN
ekran	NOUN,VERB
ekranla	VERB
ekranlan	VERB
ekranlaş	VERB
ekranlaştir	VERB
ekranlaştiril	VERB
eksgumaniya	NOUN
ekskavator	NOUN
ekskavatorci	NOUN
ekskurs	NOUN
ekskursant	NOUN
ekskursiya	NOUN
ekskursiyaci	NOUN
ekspansiv	NOUN
ekspansivlik	NOUN
ekspansiy	NOUN
ekspansiya	NOUN
ekspansiyaci	NOUN
ekspedisiya	NOUN
ekspedisiyaci	NOUN
ekspeditor	NOUN
ekspeditorlik	NOUN
ekspeditsiya	NOUN
eksperiment	NOUN
eksperimental	NOUN
eksperimentci	NOUN
ekspert	NOUN
ekspertiza	NOUN
ekspluatator	NOUN
ekspluatatorlik	NOUN
ekspluatatsiya	NOUN
ekspluatatsiyaci	NOUN
ekspluatsiya	NOUN
ekspluatsiyaci	NOUN
eksplutator	NOUN
eksponat	NOUN
eksponometr	NOUN
eksport	NOUN
ekspozisiya	NOUN
ekspozitsiya	NOUN,VERB
ekspozitsiyala	VERB
ekspress	NOUN
ekspropriasiya	NOUN
ekspropriatsiya	NOUN
ekstaz	NOUN
ekstern	NOUN
eksternat	NOUN
eksterritoria	NOUN
eksterritorial	NOUN
eksterritoriallik	NOUN
ekstra	NOUN
ekstraksiya	NOUN
ekstrakt	NOUN
ekstremist	NOUN
ekstremistik	NOUN
ekstremizm	NOUN
ektir	VERB
ektirtin	VERB
ekuv	NOUN
ekvador	NOUN
ekvator	NOUN
ekvivalent	ADJ,NOUN
ekzema	NOUN
ekzotik	ADJ
ekzotika	NOUN
el	NOUN
ela	NOUN,VERB
elak	NOUN
elakci	NOUN
elakiş	NOUN,VERB
elali	NOUN
elaltboy	NOUN
elam	NOUN
elama	NOUN
elan	VERB
elan-qaran	ADV
elantir	VERB
elarslon	NOUN
elas	VERB
elasla	VERB
elastik	NOUN
elastiklik	NOUN
elat	NOUN,VERB
elatboy	NOUN
elatci	NOUN
elatcilik	NOUN
elatdoş	NOUN
elatil	VERB
elatlik	NOUN
elaton	NOUN
elattir	VERB
elazig	NOUN
elazigspor	NOUN
elazspor	NOUN
elaş	VERB
elbai	NOUN
elbani	NOUN
elbegi	NOUN
elbek	NOUN
elbeka	NOUN
elberdi	NOUN
elbezar	NOUN
elbibi	NOUN
elbir	NOUN
elbobo	NOUN
elbolsin	NOUN
elbon	NOUN
elboq	NOUN
elbota	NOUN
elbotir	NOUN
elboy	NOUN
elburz	NOUN
elbuviş	NOUN
elce	NOUN
elcecak	NOUN
elci	NOUN
elcibek	NOUN
elciboy	NOUN
elcilik	NOUN
elcin	NOUN
elciqul	NOUN
elcixon	NOUN
elcixona	NOUN
eldarov	NOUN
eldarova	NOUN
eldengiz	NOUN
eldono	NOUN
eldor	NOUN
eldora	NOUN
eldorxon	NOUN
eldos	NOUN
eldost	NOUN
eldoş	NOUN
elektr	ADJ,NOUN,VERB
elektrci	NOUN
elektricka	NOUN
elektrifikatsiya	NOUN,VERB
elektrifikatsiyala	VERB
elektrifikatsiyalan	VERB
elektrik	NOUN
elektrla	VERB
elektrlan	VERB
elektrlaş	VERB
elektrlaştir	VERB
elektrlaştiril	VERB
elektrod	NOUN
elektrodinamika	NOUN
elektroditik	NOUN
elektrodoyka	NOUN
elektrokardiograf	NOUN
elektrokardiografiya	NOUN
elektrokardiogramma	NOUN
elektrokimyo	NOUN
elektrolit	NOUN
elektroliz	NOUN
elektromagnit	NOUN
elektrometr	NOUN
elektrometriya	NOUN
elektromexanik	NOUN
elektromexanika	NOUN
elektromonter	NOUN
elektromontyor	NOUN
elektromotor	NOUN
elektron	NOUN
elektropecka	NOUN
elektroskop	NOUN
elektrostaitsiya	NOUN
elektrostansiya	NOUN
elektrostatika	NOUN
elektrosvarka	NOUN
elektroterapiya	NOUN
elektrotexnik	NOUN
elektrotexnika	NOUN
elektrovoz	NOUN
elektroximik	NOUN
elektroximiya	NOUN
elektrpayvand	NOUN
elektrpayvandci	NOUN
element	NOUN
elementar	NOUN
elevator	NOUN
elfan	NOUN
elfiruz	NOUN
elfuruş	NOUN
elgakayev	NOUN
elgakayeva	NOUN
elgiz	NOUN
elgiza	NOUN
elgozal	NOUN
elias	NOUN
eliasson	NOUN
eliboy	NOUN
elif	NOUN
elifoz	NOUN
elihu	NOUN
elik	NOUN
elinur	NOUN
eliqul	NOUN
elizabet	NOUN
eljon	NOUN
eljora	NOUN
elkeldi	NOUN
elkez	NOUN
elkezar	NOUN
elkomak	NOUN
ella	NOUN
elli	NOUN
ellik	NUM
ellikboy	NOUN
ellikboşi	NOUN
ellikboşilik	NOUN
ellikda	NUM
ellikdaman	NUM
ellikdan	NUM
ellikga	NUM
ellikinci	NUM
elliklab	NUM
elliklamci	NUM
elliklarca	NUM
ellikni	NUM
ellikning	NUM
ellikqala	NOUN
ellikta	NUM
elliktaca	NUM
elliktadan	NUM
elliot	NOUN
ellips	NOUN
elmamat	NOUN
elman	NOUN
elmat	NOUN
elmira	NOUN
elmirza	NOUN
elmomin	NOUN
elmon	NOUN
elmuhammad	NOUN
elmurod	NOUN
elnara	NOUN
elnavkar	NOUN
elnazar	NOUN
elniyoz	NOUN
elnor	NOUN
elnora	NOUN
elnoz	NOUN
elnoza	NOUN
elnur	NOUN
elnura	NOUN
elnuri	NOUN
elogli	NOUN
elomon	NOUN
elon	NOUN
elonnoma	NOUN
elpatak	NOUN
elpok	NOUN
elqozi	NOUN
elqul	NOUN
elqurbon	NOUN
elrayi	NOUN
elroz	NOUN
elsari	NOUN
elsas	NOUN
elsen	NOUN
elsevar	NOUN
elsoat	NOUN
elsuluv	NOUN
elsur	NOUN
elsuyar	NOUN
elt	VERB
eltamgali	NOUN
eltemir	NOUN
eltirak	NOUN
eltoj	NOUN
eltojli	NOUN
eltong	NOUN
eltora	NOUN
eltoy	NOUN
eltoydi	NOUN
elturdi	NOUN
elturk	NOUN
eltutmiş	NOUN
elxoja	NOUN
elxon	NOUN
elyesa	NOUN
elyor	NOUN
elyorbek	NOUN
elzara	NOUN
elzas	NOUN
elzaxon	NOUN
elzod	NOUN
elzoda	NOUN
elzodbek	NOUN
elşat	NOUN
elşod	NOUN
elşon	NOUN
em	NOUN,VERB
emak	NOUN
emakdoş	NOUN
emakla	NOUN
emal	NOUN
eman	NOUN
emansipatsiya	NOUN
emanzor	NOUN
emblema	NOUN
embriogenez	NOUN
embriolog	NOUN
embriologiya	NOUN
embrion	NOUN
embrional	NOUN
embryon	NOUN
emcak	NOUN
emcakdoş	NOUN
emci	NOUN
emcilik	NOUN
emdir	VERB
emdirtir	VERB
emek	NOUN
emel	NOUN
emerson	NOUN
emfaza	NOUN
emfizema	NOUN
emgak	NOUN,VERB
emgakci	NOUN
emgakla	VERB
emigrant	NOUN
emigratsiya	NOUN
emik	NOUN
emikdoş	NOUN
emil	NOUN,VERB
emilia	NOUN
emily	NOUN
emin	NOUN
emin-erkin	ADV
emina	NOUN
eminefendic	NOUN
eminesku	NOUN
eminov	NOUN
eminova	NOUN
emir	NOUN
emirajiyev	NOUN
emirajiyeva	NOUN
emiraliyev	NOUN
emiraliyeva	NOUN
emirov	NOUN
emirova	NOUN
emirsaliyev	NOUN
emirsaliyeva	NOUN
emirvaliyev	NOUN
emirvaliyeva	NOUN
emirzoda	NOUN
emissiya	NOUN
emiz	NOUN,VERB
emizdir	VERB
emizdiril	VERB
emizgic	NOUN
emizik	NOUN
emizikli	NOUN
emizil	VERB
emizuvci	NOUN
emiş	VERB
emla	VERB
emlak	NOUN
emlan	VERB
emlat	VERB
emlattir	VERB
emotsional	NOUN
emotsionallik	NOUN
emotsiya	NOUN
emotsiyali	NOUN
emotsiyalilik	NOUN
empirik	NOUN
empiriklik	NOUN
empiriokrititsizm	NOUN
empirizm	NOUN
emran	NOUN
emre	NOUN
emulsiya	NOUN
en	ADJ,NOUN,VERB
ena	NOUN
enaga	NOUN
enagar	NOUN
enagul	NOUN
enajon	NOUN
enamgul	NOUN
enamxol	NOUN
enannov	NOUN
enannova	NOUN
enaqiz	NOUN
enasulton	NOUN
enaxol	NOUN
enaxon	NOUN
enaş	NOUN
enaşxon	NOUN
enci	NOUN
endemik	NOUN
endi	ADV
endir	VERB
endls	NOUN
endokrinolog	NOUN
endokrinologiya	NOUN
endoskopiya	NOUN
endşpil	NOUN
eneolit	NOUN
ener	NOUN
energetik	NOUN
energetika	NOUN
energiya	NOUN
energoblok	NOUN
energy	NOUN
enes	NOUN
enesku	NOUN
engak	NOUN
engaş	VERB
engaştir	VERB
enkay	VERB
enkaytir	VERB
enkutesku	NOUN
enla	VERB
enlat	VERB
enley	NOUN
enlik	NOUN
ennanov	NOUN
ennanova	NOUN
ensa	NOUN
ensefalogramma	NOUN
ensiklopedist	NOUN
ensiklopediya	NOUN
ensiklopediyaci	NOUN
ensiz	ADJ,VERB
ensizlaş	VERB
entak-tentak	ADJ
entik	VERB
entiktir	VERB
entomolog	NOUN
entomologiya	NOUN
enver	NOUN
enşteyn	NOUN
ep	ADJ,NOUN,VERB
epaqa	NOUN
epaşang	NOUN
epaşanglik	NOUN
epcil	ADJ,NOUN
epcillik	NOUN
epidemiolog	NOUN
epidemiologik	NOUN
epidemiologiya	NOUN
epidemiya	NOUN
epigraf	NOUN
epigrafik	NOUN
epigrafika	NOUN
epigramma	NOUN
epigrammatik	NOUN
epik	NOUN
epilepsiya	NOUN
epilog	NOUN
epitelial	NOUN
epiteliy	NOUN
epitet	NOUN
epitsentr	NOUN
epizod	NOUN
epizootiya	NOUN
epkin	NOUN
epkinboy	NOUN
epla	VERB
eplan	VERB
eplaş	VERB
eplaştir	VERB
eplo	VERB
eplol	VERB
epopeya	NOUN
epos	NOUN
epoxa	NOUN
epsiz	NOUN
epsizlik	NOUN
er	NOUN,VERB
era	NOUN
erahmad	NOUN
eraj	NOUN
erali	NOUN
eram	NOUN
eran	NOUN
eran-qaran	ADV
erantoy	NOUN
erasil	NOUN
erbacca	NOUN
erbek	NOUN
erbil	NOUN
erbol	NOUN
erbola	NOUN
erbolsin	NOUN
erboy	NOUN
erbuga	NOUN
erciyesspor	NOUN
erdal	NOUN
erdam	NOUN
erdavlat	NOUN
erdemovic	NOUN
erdogan	NOUN
erdon	NOUN
erdonca	NOUN
erdono	NOUN
erdoş	NOUN
ergaş	NOUN,VERB
ergaşali	NOUN
ergaşgul	NOUN
ergaşmirza	NOUN
ergaşoy	NOUN
ergaşqozi	NOUN
ergaştir	VERB
ergaşuvci	NOUN
ergaşxoja	NOUN
ergenekon	NOUN
ergozi	NOUN
eri	NOUN,VERB
ericsen	NOUN
eriha	NOUN
erik	NOUN
erikson	NOUN
erin	ADJ,NOUN,VERB
erincak	NOUN
erincaklik	NOUN
erincoq	ADJ
eriniş	VERB
erintir	VERB
erit	NOUN,VERB
eritil	VERB
eritkic	NOUN
eritma	NOUN
eritre	NOUN
eritrotsit	NOUN
eritrotsitlar	NOUN
erituvci	NOUN
eriş	VERB
erişil	VERB
eriştir	VERB
erjigit	NOUN
erjon	NOUN
erjonbek	NOUN
erjuma	NOUN
erk	ADJ,NOUN
erka	NOUN,VERB
erkagul	NOUN
erkak	NOUN,VERB
erkakcilik	NOUN
erkakla	VERB
erkaklik	NOUN
erkala	VERB
erkalan	VERB
erkalat	VERB
erkalik	NOUN
erkan	NOUN
erkaoy	NOUN
erkaoyim	NOUN
erkaqozi	NOUN
erkasari	NOUN
erkasuluv	NOUN
erkatoy	NOUN
erkatoş	NOUN
erkaxoja	NOUN
erkaş	NOUN
erkenov	NOUN
erkenova	NOUN
erketam	NOUN
erkin	ADJ,NOUN,VERB
erkina	NOUN
erkinlaş	VERB
erkinlaştir	VERB
erkinlik	NOUN
erkinoy	NOUN
erkiyesspor	NOUN
erkiyor	NOUN
erkli	NOUN
erklik	NOUN
erksevar	ADJ
erksiz	NOUN
erksizlik	NOUN
erlan	NOUN
erlik	NOUN
erlis	NOUN
erlon	NOUN
ermak	NOUN,VERB
ermakci	NOUN
ermakla	VERB
ermamat	NOUN
erman	NOUN
ermana	NOUN
ermat	NOUN
ermatali	NOUN
ermirza	NOUN
ermomin	NOUN
ermonjon	NOUN
ermuhammad	NOUN
ermurod	NOUN
ernafas	NOUN
ernazar	NOUN
erni	NOUN
erniyoz	NOUN
ernor	NOUN
ernoz	NOUN
erogli	NOUN
eromon	NOUN
eron	NOUN
eroncasiga	ADV
eronlik	NOUN
eronliklar	NOUN
eronşunos	NOUN
eronşunoslik	NOUN
erovul	NOUN
eroziya	NOUN
erpolat	NOUN
erqobil	NOUN
erqozi	NOUN
erqul	NOUN
errahim	NOUN
errajab	NOUN
errayim	NOUN
errayimlik	NOUN
errizo	NOUN
ersari	NOUN
ersira	VERB
ersiz	NOUN
ersoat	NOUN
ersoli	NOUN
erta	ADJ,ADV,NOUN
erta-indin	ADV
ertaboy	NOUN
ertaga	ADV,NOUN
ertagi	ADJ,NOUN
ertak	NOUN
ertakci	NOUN
ertalab	ADJ,ADV
ertalabki	ADJ
ertalik	NOUN
ertamatan	NOUN
ertan	ADV
ertan-kecin	ADV
ertapişar	ADJ
ertasiga	ADV
ertogon	NOUN
ertogrul	NOUN
ertoji	NOUN
ertora	NOUN
ertoy	NOUN
ertoş	NOUN
ertugan	NOUN
ertugdi	NOUN
eru	NOUN
eruditsiya	NOUN
eruv	NOUN
eruvcan	NOUN
eruvcanlik	NOUN
eruvcilik	NOUN
eruvgar	NOUN
eruvgarcilik	NOUN
ervali	NOUN
ervan	NOUN
erwan	NOUN
erxoja	NOUN
erxon	NOUN
eryigit	NOUN
erzincan	NOUN
erziyo	NOUN
erzot	NOUN
erzurum	NOUN
erzurumspor	NOUN
erşod	NOUN
es	ADJ,NOUN,VERB
es-es	ADV
esa	CNJ
esaboy	NOUN
esad	NOUN
esak	NOUN
esankira	VERB
esankirat	VERB
esat	NOUN
esavoy	NOUN
esay	NOUN
esayboy	NOUN
esbol	NOUN
esbolsin	NOUN
esbota	NOUN
esda	NOUN
esdalik	NOUN
esfan	NOUN
esirgadi	NOUN
esirgal	NOUN
esirgan	NOUN
esirgap	NOUN
esiz	INTJ
esjon	NOUN
eskadra	NOUN
eskadrilya	NOUN
eskadron	NOUN
eskalator	NOUN
eskalatsiya	NOUN
eskart	VERB
eski	ADJ,ADV,NOUN,VERB
eski-tuski	ADJ,NOUN
eskibog	NOUN
eskica	ADJ,ADV
eskici	NOUN
eskidan	ADV
eskidoz	NOUN
eskidozlik	NOUN
eskiehirspor	NOUN
eskifuruş	NOUN
eskifuruşlik	NOUN
eskijova	NOUN
eskila	VERB
eskilan	VERB
eskilik	NOUN
eskimo	NOUN
eskimos	NOUN
eskimoslar	NOUN
eskir	VERB
eskirt	VERB
eskiz	NOUN
eskişahar	NOUN
eskişaharspor	NOUN
esla	NOUN,VERB
eslamas	NOUN
eslan	VERB
eslat	NOUN,VERB
eslat\tir	VERB
eslatil	VERB
eslatma	NOUN
eslaş	VERB
esli	ADJ
esli-huşli	ADJ
esliyor	NOUN
esma	NOUN
esman	NOUN
esmanur	NOUN
esmina	NOUN
esminets	NOUN
esmira	NOUN
esmon	NOUN
esna	VERB
esnat	VERB
esnaş	VERB
esodavlat	NOUN
eson	NOUN,VERB
eson-omon	ADV
esonali	NOUN
esonbeka	NOUN
esonberdi	NOUN
esonboldi	NOUN
esonboy	NOUN
esonbu	NOUN
esonbuvi	NOUN
esonci	NOUN
esoncilik	NOUN
esongul	NOUN
esonkeldi	NOUN
esonlaş	VERB
esonlik	NOUN
esonmamat	NOUN
esonmat	NOUN
esonmisiz	INTJ
esonmomo	NOUN
esonmuhammad	NOUN
esonmurod	NOUN
esonnazar	NOUN
esonniyoz	NOUN
esonomon	NOUN
esonpolat	NOUN
esonqilic	NOUN
esonqul	NOUN
esontemir	NOUN
esontoş	NOUN
esontur	NOUN
esonturdi	NOUN
esonxoja	NOUN
esonyoz	NOUN
espanyol	NOUN
esperanto	NOUN
esse	NOUN
essen	NOUN
essensiya	NOUN
essiz	NOUN,PRT
essizlik	NOUN
esta	ADJ
estafeta	NOUN
estakada	NOUN
estalik	ADJ
estet	NOUN
estetik	NOUN
estetika	NOUN
estetizm	NOUN
esteziologiya	NOUN
eston	NOUN
estonca	NOUN
estoniya	NOUN
estonlar	NOUN
estoy	NOUN
estrada	NOUN
esvos	NOUN
esvoslik	NOUN
esxoja	NOUN
esxon	NOUN
esxona	NOUN
esyor	NOUN
et	NOUN,VERB
etaj	NOUN
etajerka	NOUN
etak	NOUN,VERB
etakla	VERB
etakovul	NOUN
etalon	NOUN,VERB
etalonla	VERB
etan	NOUN
etap	NOUN
ethemov	NOUN
ethemova	NOUN
etibor	ADJ,NOUN
etiborli	ADJ,NOUN
etiborlilik	NOUN
etiborsiz	NOUN
etiborsizlik	NOUN
etidol	NOUN
etik	NOUN
etika	NOUN
etikci	NOUN
etikdoz	NOUN
etikdozlik	NOUN
etiket	NOUN
etiketka	NOUN
etilen	NOUN
etimod	NOUN
etimodnoma	NOUN
etimologiya	NOUN
etiologiya	NOUN
etiqod	ADJ,NOUN
etiqodli	ADJ
etiqodsiz	NOUN
etiqodsizlik	NOUN
etirof	NOUN
etiroz	NOUN,VERB
etirozlan	VERB
etnik	NOUN
etnogenez	NOUN
etnograf	NOUN
etnografik	NOUN
etnografiya	NOUN
etnonim	NOUN
ettir	VERB
ettiril	VERB
etuvci	NOUN
etyud	NOUN
eucom	NOUN
eufor	NOUN
eulex	NOUN
euobserver	NOUN
eupolitix	NOUN
euractiv	NOUN
eure	NOUN
euronews	NOUN
europe	NOUN
eurovision	NOUN
eusebio	NOUN
ev	NOUN
evakuasiya	NOUN
evakuatsiya	NOUN
evangelos	NOUN
evara	NOUN
evaz	NOUN
evaziga	AUX
even	NOUN
evenk	NOUN
everton	NOUN
evfemizm	NOUN
evfoniya	NOUN
evkalipt	NOUN
evoh	INTJ
evolyusion	ADJ
evolyusiya	NOUN
evolyutsiya	NOUN
evril	VERB
evtanaziya	NOUN
exinokokk	NOUN
exinokokkoz	NOUN
ey	INTJ
eynşteyniy	NOUN
ez	ADJ,NOUN,VERB
ezdir	VERB
ezdirtir	VERB
ezgic	NOUN
ezgila	VERB
ezgilat	VERB
ezgilattir	VERB
ezgin	NOUN
ezginlik	NOUN
ezgu	ADJ,NOUN
ezgulik	NOUN
ezher	NOUN
ezibicki	NOUN
ezid	NOUN
ezidbaxş	NOUN
eziddin	NOUN
eziddod	NOUN
ezidyor	NOUN
ezikel	NOUN
ezil	VERB
eziliş	VERB
eziltir	VERB
ezma	ADJ,NOUN
ezmagarcilik	NOUN
ezmalik	NOUN
eznoza	NOUN
ezoz	NOUN,VERB
ezoza	NOUN
ezozaxon	NOUN
ezozla	VERB
ezozlan	VERB
ezozxon	NOUN
ezra	NOUN
eş	NOUN,VERB
eşak	NOUN
eşakmaydon	NOUN
eşakmiya	NOUN
eşakqurt	NOUN
eşakvoy	NOUN
eşali	NOUN
eşbadal	NOUN
eşbek	NOUN
eşbeka	NOUN
eşberdi	NOUN
eşbobo	NOUN
eşbol	NOUN
eşbola	NOUN
eşboldi	NOUN
eşbolsin	NOUN
eşbolta	NOUN
eşbori	NOUN
eşbota	NOUN
eşbotir	NOUN
eşboy	NOUN
eşcon	NOUN
eşdavlat	NOUN
eşdoş	NOUN
eşelon	NOUN
eşeri	NOUN
eşgul	NOUN
eşhamid	NOUN
eşik	NOUN
eşim	NOUN
eşimmirza	NOUN
eşimqul	NOUN
eşimxoja	NOUN
eşit	NOUN,VERB
eşitgac	NOUN
eşituv	NOUN
eşituvci	NOUN
eşjon	NOUN
eşjora	NOUN
eşkak	NOUN
eşkakci	NOUN
eşkel	NOUN
eşkeldi	NOUN
eşlik	NOUN
eşmahammad	NOUN
eşmamat	NOUN
eşman	NOUN
eşmaqsad	NOUN
eşmat	NOUN
eşmirza	NOUN
eşmomin	NOUN
eşmuhammad	NOUN
eşmurod	NOUN
eşmuxtor	NOUN
eşnazar	NOUN
eşnazir	NOUN
eşniyoz	NOUN
eşnor	NOUN
eşnoz	NOUN
eşnur	NOUN
eşomon	NOUN
eşon	NOUN
eşonali	NOUN
eşonbek	NOUN
eşonberdi	NOUN
eşonboy	NOUN
eşonbuva	NOUN
eşonca	NOUN
eşondada	NOUN
eşonjon	NOUN
eşonkeldi	NOUN
eşonlik	NOUN
eşonmirza	NOUN
eşonmuhammad	NOUN
eşonmurod	NOUN
eşonnafas	NOUN
eşonnazar	NOUN
eşonniyoz	NOUN
eşonomon	NOUN
eşonoyim	NOUN
eşonpolat	NOUN
eşonqul	NOUN
eşontogon	NOUN
eşontora	NOUN
eşontoy	NOUN
eşonxoja	NOUN
eşonxon	NOUN
eşonzoda	NOUN
eşparda	NOUN
eşpolat	NOUN
eşpolvon	NOUN
eşqobil	NOUN
eşqora	NOUN
eşqozi	NOUN
eşqozoq	NOUN
eşqul	NOUN
eşqurbon	NOUN
eşquvvat	NOUN
eşsavlat	NOUN
eşsulton	NOUN
eştalab	NOUN
eştemir	NOUN
eştirak	NOUN
eştogon	NOUN
eştora	NOUN
eştoxta	NOUN
eştoxtar	NOUN
eştoy	NOUN
eştoş	NOUN
eştuqqan	NOUN
eştur	NOUN
eşturdi	NOUN
eştursun	NOUN
eşvoy	NOUN
eşxoja	NOUN
eşxon	NOUN
eşyigit	NOUN
eşyor	NOUN
eşyoz	NOUN
fa	NOUN
fabkom	NOUN
fabrika	NOUN
fabrikaci	NOUN
fabrikant	NOUN
fabrikat	NOUN
fabula	NOUN
fabzavqom	NOUN
facebook	NOUN
fadic	NOUN
fadime	NOUN
fadl	NOUN
faeton	NOUN
fagot	NOUN
fagotsit	NOUN
fahima	NOUN
fahm	ADJ,NOUN
fahm-farosat	NOUN
fahmiddin	NOUN
fahmli	ADJ
fahmlik	NOUN
fahmsiz	NOUN
fahmsizlik	NOUN
fahriyev	NOUN
fahriyeva	NOUN
fahriyor	NOUN
fahrulloh	NOUN
fahruzbek	NOUN
fahş	NOUN
fahşiy	NOUN
fahşiyat	NOUN
fahşxona	NOUN
faideşin	NOUN
faina	NOUN
faiz	NOUN
faizov	NOUN
faizova	NOUN
faje	NOUN
faks	NOUN
fakt	NOUN
faktik	ADJ
faktor	NOUN
faktura	NOUN
fakulta	NOUN
fakultet	NOUN
falaj	NOUN
falajlik	NOUN
falak	NOUN
falakiyet	NOUN
falakiyot	NOUN
falaq	NOUN
falastin	NOUN
falloh	NOUN
falloq	NOUN
falmina	NOUN
falokat	NOUN
falokatxona	NOUN
falon	NOUN
falonci	NOUN
falsaf	ADJ
falsafa	NOUN
falsafiy	ADJ,NOUN
falsafiylik	NOUN
falsifikator	NOUN
falsifikatsiya	NOUN
falsovka	NOUN
falsovkaci	NOUN
famil	NOUN
familiya	NOUN
fan	NOUN
fanatik	ADJ,NOUN
fanatizm	NOUN
faner	NOUN,VERB
fanera	NOUN
fanerla	VERB
fanner	NOUN
fano	NOUN
fanoali	NOUN
fanoboy	NOUN
fanohiddin	NOUN
fanor	NOUN
fanoulla	NOUN
fantastik	ADJ
fantastika	NOUN
fantaziya	NOUN
fanuza	NOUN
faol	ADJ,NOUN,VERB
faola	NOUN
faoliyat	NOUN
faoliyatsiz	NOUN
faoliyatsizlik	NOUN
faollaş	VERB
faollaştir	VERB
faollik	NOUN
faqat	ADV,PRT
faqih	NOUN
faqir	ADJ,ADV,NOUN,VERB
faqir-fuqaro	NOUN
faqirali	NOUN
faqiriddin	NOUN
faqirlan	VERB
faqirlaş	VERB
faqirlik	NOUN
faqirmuhammad	NOUN
faqirona	ADV
faqirulla	NOUN
faqr	NOUN
far	NOUN
fara	NOUN
farah	NOUN
farahani	NOUN
farahmand	NOUN
farahnoz	NOUN
faraj	NOUN
farajulla	NOUN
farang	NOUN
farangis	NOUN
farangiston	NOUN
farangiz	NOUN
farax	NOUN
faraxlik	NOUN
faraxnok	NOUN
faraz	ADV,NOUN
farazan	ADV
faraziya	NOUN
farbud	NOUN
fard	NOUN
farda	NOUN
fardiniso	NOUN
fardis	NOUN
fardod	NOUN
fardona	NOUN
farenj	NOUN
farez	NOUN
farfi	NOUN
farfor	NOUN
fargona	ADJ,NOUN
fargonaca	ADJ
fargonalik	NOUN
farhid	NOUN
farhod	NOUN
fariba	NOUN
farid	NOUN
farida	NOUN
fariddin	NOUN
farididdin	NOUN
faridulla	NOUN
faridun	NOUN
faridxoja	NOUN
fariga	NOUN
fariha	NOUN
farina	NOUN
faringit	NOUN
farisa	NOUN
farixa	NOUN
fariya	NOUN
fariz	NOUN
fariza	NOUN
farişta	NOUN
fariştamoh	NOUN
farjad	NOUN
farmad	NOUN
farmakolog	NOUN
farmakologiya	NOUN
farmand	NOUN
farmatsevt	NOUN
farmatsevtika	NOUN
farmatsiya	NOUN
farmoiyş	NOUN
farmon	NOUN
farmona	NOUN
farmonaci	NOUN
farmonbar	NOUN
farmonbardor	NOUN
farmonbardorlik	NOUN
farmonnoma	NOUN
farmonqul	NOUN
farmonxoja	NOUN
farmoyiş	NOUN
farmuda	NOUN
farnus	NOUN
farobiy	NOUN
farodis	NOUN
farodisa	NOUN
farog	NOUN
farogat	NOUN
farohiddin	NOUN
faromarz	NOUN
faromuş	NOUN
faromuşlik	NOUN
faromuşxotir	NOUN
farona	NOUN
farosat	ADJ,NOUN
farosatli	ADJ
farosatlik	NOUN
farosatsiz	ADJ,NOUN
farosatsizlik	NOUN
farovon	ADJ,NOUN
farovonlik	NOUN
farq	ADJ,NOUN,VERB
farqimomo	NOUN
farqiniso	NOUN
farqiya	NOUN
farqla	VERB
farqlik	NOUN
farqlo	NOUN
farqlovci	NOUN
farrah	NOUN
farroh	NOUN
farroş	NOUN
farroşlik	NOUN
farruh	NOUN
farruhjamol	NOUN
farrux	NOUN
farruxbaxt	NOUN
farruxfol	NOUN
farruxjamol	NOUN
farruxzod	NOUN
farsang	NOUN
farsax	NOUN
fartuk	NOUN
faruq	NOUN
farvardin	NOUN
farvaz	NOUN
farvez	NOUN
farviz	NOUN
farxi	NOUN
farxiddin	NOUN
farxod	NOUN
farxuddin	NOUN
farxunda	NOUN
farxundaxol	NOUN
faryob	NOUN
faryod	NOUN
faryoz	NOUN
faryozbek	NOUN
farz	NOUN
farzali	NOUN
farzan	NOUN
farzand	ADJ,NOUN
farzandlik	NOUN
farzandsiz	NOUN
farzandsizlik	NOUN
farzi	NOUN
farziddin	NOUN
farzinxon	NOUN
farziulla	NOUN
farzixon	NOUN
farziya	NOUN
farzod	NOUN
farzona	NOUN
farzulla	NOUN
farzuna	NOUN
farş	NOUN
fas	NOUN
fasad	NOUN
fashiya	NOUN
fasih	NOUN
fasiha	NOUN
fasihat	NOUN
fasihiddin	NOUN
fasl	NOUN
fasliddin	NOUN
fasod	NOUN,VERB
fasodci	NOUN
fasodla	VERB
fasodlan	VERB
fasohat	NOUN
fason	NOUN
fasona	NOUN
fasoxat	NOUN
fasoxon	NOUN
fastiv	NOUN
fastov	NOUN
fastova	NOUN
fatalist	NOUN
fatalizm	NOUN
fath	NOUN
fath-nusrat	NOUN
fatha	NOUN
fathali	NOUN
fathi	NOUN
fathiddin	NOUN
fathiya	NOUN
fathmuhammad	NOUN
fathulla	NOUN
fathxon	NOUN
fatih	NOUN
fatiha	NOUN
fatila	NOUN
fatmir	NOUN
fatonat	NOUN
fatos	NOUN
fattoh	NOUN
fattohqozi	NOUN
fatton	NOUN
fattona	NOUN
fatulla	NOUN
fatvo	NOUN
fatvoxon	NOUN
fauna	NOUN
favqiya	NOUN
favqulodda	ADV
favriya	NOUN
favt	NOUN
favvora	NOUN
favzi	NOUN
faxim	NOUN
faxir	NOUN
faxira	NOUN
faxm	NOUN
faxr	NOUN,VERB
faxri	NOUN
faxridavla	NOUN
faxridavlat	NOUN
faxriddin	NOUN
faxriislom	NOUN
faxrijon	NOUN
faxrimomo	NOUN
faxriniso	NOUN
faxrinoz	NOUN
faxrinur	NOUN
faxrioy	NOUN
faxrixon	NOUN
faxriya	NOUN
faxriyor	NOUN
faxriz	NOUN
faxrlan	VERB
faxrlantir	VERB
faxruz	NOUN
fayaz	NOUN
fayl	NOUN
faylasuf	ADJ,NOUN
faylasuflik	NOUN
fayod	NOUN
fayoz	NOUN
fayoza	NOUN
fayoziddin	NOUN
fayroza	NOUN
fayruz	NOUN
fayton	NOUN
faytonci	NOUN
fayyoz	NOUN
fayyoza	NOUN
fayyozbek	NOUN
fayz	NOUN
fayzahmad	NOUN
fayzali	NOUN
fayzbek	NOUN
fayzi	NOUN
fayzibek	NOUN
fayzibibi	NOUN
fayzicevar	NOUN
fayziddin	NOUN
fayzigul	NOUN
fayziislom	NOUN
fayzikarim	NOUN
fayzillo	NOUN
fayzimamat	NOUN
fayzimat	NOUN
fayzimuhammad	NOUN
fayzimurod	NOUN
fayzinabi	NOUN
fayziniso	NOUN
fayziqul	NOUN
fayzirahmon	NOUN
fayziraxmon	NOUN
fayziyazdon	NOUN
fayziyob	NOUN
fayzqul	NOUN
fayzulhaq	NOUN
fayzulla	NOUN
fayzulloh	NOUN
fayzxon	NOUN
faza	NOUN,VERB
fazala	VERB
fazil	NOUN
fazilat	NOUN
fazilov	NOUN
fazilova	NOUN
faziya	NOUN
fazl	NOUN
fazla	NOUN
fazli	NOUN
fazlic	NOUN
fazliddin	NOUN
fazlihaq	NOUN
fazliniso	NOUN
fazlirahmon	NOUN
fazlirasul	NOUN
fazlixon	NOUN
fazo	ADJ,NOUN
fazogir	NOUN
fazogirlik	NOUN
fazokor	NOUN
fazolat	NOUN
fazometr	NOUN
fazotron	NOUN
fazoviy	ADJ
faşist	ADJ,NOUN,VERB
faşistik	ADJ
faşistlaş	VERB
faşizm	NOUN
fc	NOUN
feadal	ADV
feadallarca	ADV
federal	NOUN
federalist	NOUN
federalizatsiya	NOUN
federalizm	NOUN
federativ	VERB
federativlaş	VERB
federativlaştir	VERB
federatsiya	NOUN
fedorov	NOUN
fedorova	NOUN
fedotov	NOUN
fedotova	NOUN
fehruz	NOUN
fel	ADJ,ADV,NOUN
fel-atvor	NOUN
felan	ADV
feldmarşal	NOUN
feldşer	NOUN
feldşerlik	NOUN
feleton	NOUN
feletonci	NOUN
fellik	NOUN
felura	NOUN
fen	NOUN
fenerbahce	NOUN
fenerbahe	NOUN
fenike	NOUN
fenolog	NOUN
fenologiya	NOUN
fenomen	NOUN
feodal	ADV,NOUN
feodallarca	ADV
feodosiya	NOUN
ferangiz	NOUN
ferdava	NOUN
ferdavs	NOUN
ferenc	NOUN
ferguson	NOUN
feride	NOUN
ferikoy	NOUN
feriky	NOUN
ferma	NOUN
ferment	NOUN
fermentatsiya	NOUN
fermer	NOUN
ferngeym	NOUN
ferrara	NOUN
ferro	NOUN
ferromagnit	NOUN
ferroqotişma	NOUN
ferroqotişmalar	NOUN
ferrosplav	NOUN
ferrum	NOUN
feruz	NOUN
feruza	NOUN
feruzbek	NOUN
feruzşo	NOUN
fesenko	NOUN
festival	NOUN
festus	NOUN
fetic	NOUN
fetislamov	NOUN
fetislamova	NOUN
fetiyev	NOUN
fetiyeva	NOUN
fetiş	NOUN
fetişizm	NOUN
fevral	NOUN
fexruz	NOUN
feyerbax	NOUN
feyerbaxci	NOUN
feyerbaxcilik	NOUN
feyzic	NOUN
feyzivat	NOUN
feşcenko	NOUN
fibra	NOUN
fibroma	NOUN
fideist	NOUN
fideizm	NOUN
fido	ADJ,ADV,NOUN
fidoali	NOUN
fidoii	NOUN
fidoiilik	NOUN
fidoiy	ADJ
fidokor	ADJ,ADV,NOUN
fidokorlik	NOUN
fidokorona	ADV
fidomuhammad	NOUN
fidoyat	NOUN
fidoyi	ADV,NOUN
fidoyilarca	ADV
fidoyilik	NOUN
fifa	NOUN
figon	NOUN
figura	NOUN
figuraci	NOUN
fiji	NOUN
fikr	ADJ,ADV,NOUN,VERB
fikran	ADV
fikrat	NOUN
fikrdoş	ADJ,NOUN
fikriy	ADJ
fikriya	NOUN
fikrla	VERB
fikrlaş	NOUN,VERB
fikrlaşuv	NOUN
fikrlik	NOUN
fikrlo	NOUN
fikrlovci	NOUN
fiksaj	NOUN
fil	NOUN
filadelfiya	NOUN
filantrop	NOUN
filantropiya	NOUN
filarmoniya	NOUN
filateliya	NOUN
filatov	NOUN
filatova	NOUN
filbon	NOUN
fildekos	NOUN
fildepers	NOUN
filhaqiqat	ADV,NOUN,PRT
filhol	ADV,NOUN
filial	NOUN
filip	NOUN
filipov	NOUN
filipova	NOUN
filipovic	NOUN
filipovskiy	NOUN
filippe	NOUN
filippin	NOUN
filippov	NOUN
filippova	NOUN
filistimlik	NOUN
fillipov	NOUN
fillipova	NOUN
fillippov	NOUN
fillippova	NOUN
film	NOUN
filmoskop	NOUN
filmoteka	NOUN
filmoy	NOUN
filogenez	NOUN
filogeniya	NOUN
filolog	NOUN
filologik	ADJ
filologiya	NOUN
filonov	NOUN
filonova	NOUN
filosof	NOUN
filosofiya	NOUN
filosoflik	NOUN
filton	NOUN
filtr	NOUN
filtratsiya	NOUN
fin	NOUN
final	NOUN
finca	NOUN
finistre	NOUN
finiş	NOUN
finjon	NOUN
finka	NOUN
finland	NOUN
finlandiya	NOUN
finlar	NOUN
fiorentina	NOUN
fiqh	NOUN
fiqr	NOUN
firat	NOUN
firavn	NOUN
firaz	NOUN
firdavs	NOUN
firdavsiy	NOUN
firdavsxon	NOUN
firib	ADJ,NOUN
firibgar	ADJ,NOUN
firibgarlik	NOUN
firka	NOUN
firkov	NOUN
firma	NOUN
firoq	NOUN
firqa	NOUN
firqum	NOUN
firuz	NOUN
firuza	NOUN
firuzan	NOUN
firuzanda	NOUN
firuziddin	NOUN
firuzxoja	NOUN
firuzşo	NOUN
fisih	NOUN
fisq	NOUN
fisq-fasod	NOUN
fisq-fasodci	NOUN
fitna	NOUN
fitna-fasod	NOUN
fitnaci	NOUN
fitnacilik	NOUN
fitnagar	NOUN
fitnakor	NOUN
fitnakorlik	NOUN
fitnalik	NOUN
fito	NOUN
fitobar	NOUN
fitofag	NOUN
fitofaglar	NOUN
fitomeliorativ	NOUN
fitopatologiya	NOUN
fitoterapiya	NOUN
fitr	NOUN
fitrat	NOUN
fitzgerald	NOUN
fizik	NOUN
fizika	NOUN
fiziolog	NOUN
fiziologiya	NOUN
fizioterapevt	NOUN
fizioterapiya	NOUN
fizkultura	NOUN
fizkulturaci	NOUN
fizul	NOUN
fişt	INTJ
flagman	NOUN
flakon	NOUN
flamingo	NOUN
flang	NOUN
flatness	NOUN
fleksiya	NOUN
flektiv	NOUN
fleyta	NOUN
fleytaci	NOUN
flomaster	NOUN
flora	NOUN
florensiya	NOUN
floricic	NOUN
florida	NOUN
florin	NOUN
florogenetika	NOUN
flot	NOUN
flotci	NOUN
flotiliya	NOUN
flrazan	NOUN
flux	NOUN
flyaga	NOUN
flyuger	NOUN
flyuorografiya	NOUN
fm	NOUN
foca	NOUN
fohiş	NOUN
fohişa	NOUN
fohişaboz	NOUN
fohişabozlik	NOUN
fohişalik	NOUN
fohişaxona	NOUN
foida	NOUN
foidasiz	NOUN
foidasizlik	NOUN
foidaxur	NOUN
foidaxurlik	NOUN
foila	NOUN
foiq	NOUN
foiqa	NOUN
foitun	NOUN
foitunci	NOUN
foiye	NOUN
foiz	NOUN
foji	ADV,NOUN
fojia	NOUN
fojiona	ADV
fojir	NOUN
fokiha	NOUN
fokiya	NOUN
fokstrot	NOUN
fokus	NOUN,VERB
fokusci	NOUN
fokusla	VERB
fokussiz	VERB
fokussizla	VERB
fol	NOUN
folbin	NOUN
folbincilik	NOUN
folbinlik	NOUN
folci	NOUN
folga	NOUN
folklor	NOUN
folklorci	NOUN
folklorist	NOUN
folkloristika	NOUN
folklorşunos	NOUN
folklorşunoslik	NOUN
fomenko	NOUN
fon	NOUN
fonar	NOUN
fond	NOUN
fonema	NOUN
fonendoskop	NOUN
fonetika	NOUN
fonetist	NOUN
foniya	NOUN
fono	NOUN
fonograf	NOUN
fonogramma	NOUN
fonologiya	NOUN
fonometr	NOUN
fonoskop	NOUN
fonoteka	NOUN
fontan	NOUN,VERB
fontanla	VERB
fontanlan	VERB
fonus	NOUN
fonusci	NOUN
foqiya	NOUN
ford	NOUN
forid	NOUN
forig	NOUN
forigbol	NOUN
foriha	NOUN
forint	NOUN
forma	NOUN
formal	NOUN
formalin	NOUN,VERB
formalinla	VERB
formalist	NOUN
formalizm	NOUN
formant	NOUN
format	NOUN,VERB
formatla	VERB
formatsiya	NOUN
formovka	NOUN
formovkam	NOUN
formula	NOUN
formulirovka	NOUN
formulyar	NOUN
foros	NOUN
fors	NOUN,VERB
forsca	VERB
forscala	VERB
forsi	NOUN
forsixon	NOUN
forslar	NOUN
forsunka	NOUN
fort	NOUN
fortepyano	NOUN
fortocka	NOUN
foruh	NOUN
forum	NOUN
fosfat	NOUN,VERB
fosfatla	VERB
fosfatlar	NOUN
fosfor	NOUN,VERB
fosforit	NOUN
fosforitlar	NOUN
fosforla	VERB
fosgen	NOUN
fosid	NOUN
fosiq	NOUN
fosiqlik	NOUN
fota	NOUN
fotih	NOUN
fotiha	NOUN
fotihaci	NOUN
fotihali	NOUN
fotihaxon	NOUN
fotihboy	NOUN
fotihkamol	NOUN
fotima	NOUN
fotiq	NOUN
fotix	NOUN
fotixa	NOUN
fotixaci	NOUN
fotixaxon	NOUN
fotixaxonlik	NOUN
fotixlik	NOUN
fotmacumcuq	NOUN
foto	NOUN
fotoapparat	NOUN
fotobiologiya	NOUN
fotoci	NOUN
fotoelement	NOUN
fotoetyud	NOUN
fotogazeta	NOUN
fotograf	NOUN
fotografiya	NOUN
fotohavas	NOUN
fotohavaskor	NOUN
fotohujjat	NOUN
fotokamera	NOUN
fotokimyo	NOUN
fotokogoz	NOUN
fotokopiya	NOUN
fotokorgazma	NOUN
fotolaboratoriya	NOUN
fotolampa	NOUN
fotolenta	NOUN
fotolitografiya	NOUN
fotomaterial	NOUN
fotometr	NOUN,VERB
fotometriya	NOUN
fotometrla	VERB
fotomontaj	NOUN
fotomuxbir	NOUN
foton	NOUN
fotonusxa	NOUN
fotoplastinka	NOUN
fotoqogoz	NOUN
fotorasm	NOUN
fotoreportaj	NOUN
fotoreporter	NOUN
fotoreportyor	NOUN
fotosessiya	NOUN
fotosintez	NOUN
fotosurat	NOUN
fotosyomka	NOUN
fototelegraf	NOUN
fototelegramma	NOUN
fototerapiya	NOUN
fotoximiya	NOUN
fotoxronika	NOUN
fox	NOUN
foxira	NOUN
foxta	NOUN
foyda	ADJ,NOUN,VERB
foydalan	VERB
foydalanil	VERB
foydalantir	VERB
foydali	ADJ
foye	NOUN
foytun	NOUN
fozil	NOUN
fozila	NOUN
fozilahmad	NOUN
fozilakbar	NOUN
fozilbek	NOUN
fozilhaq	NOUN
fozilkaram	NOUN
fozilkarim	NOUN
fozillik	NOUN
fozilxoja	NOUN
fozilxon	NOUN
foş	NOUN,VERB
foşla	VERB
fragment	NOUN
fraksioner	NOUN
fraksiya	NOUN
fraksiyaboz	NOUN
fraksiyabozlik	NOUN
france	NOUN
francis	NOUN
francois	NOUN
franconia	NOUN
frangovskiy	NOUN
franic	NOUN
franjic	NOUN
franjo	NOUN
frank	NOUN
frankfurt	NOUN
franklin	NOUN
franko	NOUN
frankovsk	NOUN
franovic	NOUN
frans	NOUN
fransisko	NOUN
fransiya	NOUN
fransuz	NOUN,VERB
fransuzca	VERB
fransuzcala	VERB
fransuzlar	NOUN
franz	NOUN
frasier	NOUN
frattini	NOUN
fraza	NOUN
frazema	NOUN
frazeologik	NOUN
frazeologiya	NOUN
frazeologizm	NOUN
frederiksen	NOUN
frederix	NOUN
fredriksen	NOUN
freeman	NOUN
freska	NOUN
freza	NOUN
frezer	NOUN,VERB
frezerci	NOUN
frezerla	VERB
frezerovka	NOUN
frezerovkaci	NOUN
friscic	NOUN
frits	NOUN
friuli	NOUN
frkovic	NOUN
frkovskiy	NOUN
front	ADV,NOUN
frontcasiga	ADV
frontci	NOUN
frontdoş	NOUN
frontovik	NOUN
frosinone	NOUN
fruktoza	NOUN
frunze	NOUN
frunzivka	NOUN
fsb	NOUN
ft	NOUN
ftiziatr	NOUN
ftiziatriya	NOUN
ftor	NOUN
fuad	NOUN
fufayka	NOUN
fugas	NOUN
fugaska	NOUN
fujer	NOUN
fujyen	NOUN
fule	NOUN
fulham	NOUN
fulxem	NOUN
fundament	NOUN
fundamental	NOUN
fundamentalist	NOUN
fundamentalizm	NOUN
funksional	ADJ
funksiya	NOUN,VERB
funksiyalaş	VERB
funksiyalaştir	VERB
funt	NOUN
funun	NOUN
fuod	NOUN
fuqaro	NOUN
fuqarolik	NOUN
fuqaroparvar	NOUN
fuqaroparvarlik	NOUN
furajka	NOUN
furfurol	NOUN
furgon	NOUN
furiddin	NOUN
furmanov	NOUN
furmanova	NOUN
furqat	NOUN
furqon	NOUN
fursat	NOUN
fursenko	NOUN
furuş	NOUN
furuşanda	NOUN
furxan	NOUN
fusaho	NOUN
fusun	NOUN
fusungar	NOUN
fusunkor	NOUN
fusunkorlik	NOUN
futa	NOUN
futbol	NOUN
futbolci	NOUN
futbolistov	NOUN
futbolistova	NOUN
futbolka	NOUN
futuhatxon	NOUN
futur	NOUN
futurist	NOUN
futurizm	NOUN
futurologiya	NOUN
futurustik	NOUN
futuvvat	NOUN
fuzail	NOUN
fuzalo	NOUN
fuzayl	NOUN
fuzayliddin	NOUN
fuzliddin	NOUN
fuzul	NOUN
fuzulboy	NOUN
fuzuliy	NOUN
fuzun	NOUN
fylatelist	NOUN
fyodor	NOUN
fyodorov	NOUN
fyodorova	NOUN
fyodrovic	NOUN
fyon	NOUN
fyurer	NOUN
fyuzelyaj	NOUN
ga-ga	IMIT
gabardin	NOUN
gabarit	NOUN
gabbro	NOUN
gabiiylik	NOUN
gabr	NOUN
gaca	NOUN
gacca	NOUN
gacir	VERB
gacirla	VERB
gacirlat	VERB
gadab	NOUN,VERB
gadabla	VERB
gadablo	NOUN
gadablov	NOUN
gadang	NOUN
gaddor	NOUN,VERB
gaddorlan	VERB
gaddorlik	NOUN
gadir	VERB
gadir-budur	ADJ
gadirla	VERB
gadirlan	VERB
gadirlat	VERB
gadirlaş	VERB
gado	ADJ,NOUN
gadoali	NOUN
gadolik	NOUN
gadoliniy	NOUN
gadom	NOUN
gadoy	NOUN
gadoybegim	NOUN
gadoyci	NOUN
gadoycilik	NOUN
gadoygul	NOUN
gadoylik	NOUN
gadoymuhammad	NOUN
gadoymurod	NOUN
gadoyniyoz	NOUN
gadoyqul	NOUN
gadoytopmas	ADJ
gadoyturdi	NOUN
gadoyvacca	NOUN
gadzic	NOUN
gafarov	NOUN
gafarova	NOUN
gaffor	NOUN
gafforberdi	NOUN
gafforbergan	NOUN
gafforca	NOUN
gafforqul	NOUN
gaffortoy	NOUN
gafforxoja	NOUN
gafil	NOUN
gafila	NOUN
gafiyat	NOUN
gaflat	NOUN
gafnii	NOUN
gafur	NOUN
gafura	NOUN
gafurali	NOUN
gag	VERB
gaga	VERB
gagala	VERB
gagara	NOUN
gagaralar	NOUN
gagarin	NOUN
gagauz	NOUN
gagic	NOUN
gagilla	VERB
gagillat	VERB
gagillaş	VERB
gagloyev	NOUN
gagloyeva	NOUN
gagovic	NOUN
gagovskiy	NOUN
gagu	VERB
gagula	VERB
gagulat	VERB
gah	INTJ,NOUN
gahramanov	NOUN
gahramanova	NOUN
gairat	NOUN
gaiti	NOUN
gaj	NOUN
gajak	ADJ,NOUN
gajakgul	NOUN
gaji	VERB
gajila	VERB
gajilan	VERB
gajilaş	VERB
gajim	NOUN
gajir	NOUN,VERB
gajirboy	NOUN
gajirgujur	NOUN
gajirla	VERB
gajirlat	VERB
gajirlaş	VERB
gajirlik	NOUN
gajit	VERB
gajitakapaba	NOUN
gajiş	VERB
gajovic	NOUN
gal	NOUN,VERB
gala	NOUN
gala-govur	IMIT,NOUN
galaba	NOUN
galabaytal	NOUN
galabek	NOUN
galadon	NOUN
galagov	NOUN
galakapa	NOUN
galaktik	NOUN
galaktika	NOUN
galamis	NOUN
galamislik	NOUN
galanskov	NOUN
galanskova	NOUN
galantereya	NOUN
galaoşyo	NOUN
galaqa	NOUN
galat	NOUN
galata	NOUN
galatasaray	NOUN
galati	ADJ,NOUN
galatilik	NOUN
galayon	NOUN
galayonci	NOUN
galazovskiy	NOUN
galca	NOUN
galdagi	NOUN
galdir	ADJ,VERB
galdir-guldur	VERB
galdir-guldurla	VERB
galdira	VERB
galdirak	VERB
galdirakla	VERB
galdirat	VERB
galdiraş	VERB
galereya	NOUN
galibarenko	NOUN
galic	NOUN
galicia	NOUN
galife	NOUN
galil	NOUN
galila	NOUN
galileo	NOUN
galiz	NOUN,VERB
galizlan	VERB
galizlaş	VERB
galizlaştir	VERB
galizlik	NOUN
galla	NOUN,VERB
gallacilik	NOUN
galladon	NOUN
gallakor	NOUN
gallakorlik	NOUN
gallaorol	NOUN
gallaxona	NOUN
gallazor	NOUN
gallaş	VERB
gallipoli	NOUN
galliy	NOUN
galma-gal	ADV
galogen	NOUN
galovic	NOUN
galoş	NOUN
galstuk	NOUN
galtak	NOUN
galtakarava	NOUN
galtakmaşina	NOUN
galtakmola	NOUN
galva	NOUN
galvaci	NOUN
galvani	NOUN
galvanizatsiya	NOUN,VERB
galvanizatsiyala	VERB
galvanometr	NOUN
galvars	NOUN
galvasoy	NOUN
galvaxona	NOUN
galvay	NOUN,VERB
galvaytir	VERB
galvir	NOUN,VERB
galvirak	NOUN
galvirci	NOUN
galvirla	VERB
gam	ADJ,NOUN,VERB
gamadril	NOUN
gamak	NOUN
gambit	NOUN
gambiya	NOUN
gamboda	NOUN
gambur	NOUN
gamburg	NOUN
gamburger	NOUN
gamgin	ADJ,NOUN
gamginlik	NOUN
gamguzor	NOUN
gamkaş	NOUN
gamla	VERB
gamlan	VERB
gamlat	VERB
gamlattir	VERB
gamlaş	VERB
gamli	ADJ
gamlik	NOUN
gamloq	NOUN
gamloqlik	NOUN
gamma	NOUN
gammoz	NOUN
gammozlik	NOUN
gamnok	ADJ
gamxona	NOUN
gamxor	ADJ,NOUN
gamxorlik	NOUN
gamza	NOUN
gamzada	NOUN
gamzatov	NOUN
gamzatova	NOUN
gamzaxon	NOUN
gamzayev	NOUN
gamzayeva	NOUN
gan	NOUN
gana	NOUN
ganak	NOUN
ganay	NOUN
ganayjon	NOUN
ganc	ADJ,NOUN,VERB
ganckor	ADJ,NOUN
ganckorlik	NOUN
gancla	VERB
ganclan	VERB
ganclat	VERB
ganclaş	VERB
ganda	NOUN
gandbol	NOUN
gandir	VERB
gandirak	VERB
gandirakla	VERB
gandiraklat	VERB
gandum	NOUN
ganetsovskiy	NOUN
gang	NOUN
gangi	VERB
gangir-gungur	IMIT
gangira	VERB
gangit	VERB
gangra	VERB
gangrat	VERB
gangrena	NOUN
gangster	NOUN
gani	NOUN
ganiakbar	NOUN
ganic	NOUN
ganigul	NOUN
ganiishoq	NOUN
ganim	NOUN
ganimat	NOUN
ganimirza	NOUN
ganimlik	NOUN
ganiqul	NOUN
ganitoy	NOUN
ganixoja	NOUN
ganiyev	NOUN
ganizoda	NOUN
ganişer	NOUN
ganişo	NOUN
ganj	NOUN
ganja	NOUN
ganjaboy	NOUN
ganjali	NOUN
ganjatoy	NOUN
ganji	NOUN
ganjim	NOUN
ganjina	NOUN
ganjur	NOUN
ganjurboy	NOUN
gannover	NOUN
gap	ADJ,NOUN,VERB
gapboz	NOUN
gapbozlik	NOUN
gapci	NOUN
gapcil	NOUN
gapdon	ADJ,NOUN
gapdonlik	NOUN
gapir	VERB
gapira	VERB
gapiraver	VERB
gapirgiz	VERB
gapiril	VERB
gapirin	VERB
gapiriş	VERB
gapirt	VERB
gapirtir	VERB
gaplaş	VERB
gaplaştir	VERB
gaplik	NOUN
gapxona	NOUN
gaq	NOUN,VERB
gaqilla	VERB
gaqillat	VERB
gar	CNJ,NOUN,VERB
gar-gar	IMIT
gara	NOUN
garaj	NOUN
garam	NOUN,VERB
garamci	NOUN
garamla	NOUN,VERB
garamlagic	NOUN
garamlan	VERB
garamlat	VERB
garamlattir	VERB
garamlaş	VERB
garanfil	NOUN
garang	ADJ,NOUN,VERB
garangla	VERB
garanglan	VERB
garanglat	VERB
garanglik	NOUN
garangsi	VERB
garangsit	VERB
garant	NOUN
garantiya	NOUN,VERB
garantiyala	VERB
garay	NOUN
garaz	ADJ,NOUN
garazci	NOUN
garazgoy	NOUN
garazgoylik	NOUN
garazguy	NOUN
garazguylik	NOUN
garazli	ADJ
garazlik	NOUN
garb	NOUN
garbci	NOUN
garbcilik	NOUN
garc	IMIT,VERB
garc-gurc	IMIT
garcand	CNJ
garcca	NOUN
garci	CNJ
garcilla	VERB
garcillat	VERB
gard	NOUN
gardan	NOUN
gardankaş	NOUN
garderob	NOUN
garderobci	NOUN
garderobxona	NOUN
gardigul	NOUN
gardiş	NOUN,VERB
gardişla	VERB
gardişlan	VERB
gardkam	NOUN
gardun	NOUN
garelyic	NOUN
garga	NOUN
gargar	NOUN
gargara	NOUN
gargaşa	NOUN
garib	ADJ,NOUN,VERB
gariba	NOUN
gariblan	VERB
gariblaş	VERB
gariblik	NOUN
garibsin	VERB
garibuddiyor	NOUN
garibşo	NOUN
garic	NOUN
garifulla	NOUN
garilla	VERB
garillat	VERB
garkavenko	NOUN
garlik	NOUN
garma	NOUN
garmdori	NOUN
garmiyen	NOUN
garmiyon	NOUN
garmon	NOUN
garmonci	NOUN
garmoniya	NOUN,VERB
garmoniyalaştir	VERB
garmsa	NOUN
garmsar	NOUN
garmsel	NOUN
garnitur	NOUN
garnitura	NOUN
garnizon	NOUN
garon	NOUN
garonboy	NOUN
garov	NOUN
garovll	NOUN
garovxona	NOUN
garoyib	ADJ
garoyibot	NOUN
garq	PRT
garqob	NOUN
gars	VERB
garsilla	VERB
garsillat	VERB
gart	IMIT,VERB
gart-gurt	IMIT
gartilla	VERB
gartillat	VERB
garzan	NOUN
gasb	NOUN
gasovic	NOUN
gasparovic	NOUN
gaspira	NOUN
gaspirali	NOUN
gasprinskaya	NOUN
gasprinski	NOUN
gassol	NOUN
gassollik	NOUN
gastrit	NOUN
gastroenterit	NOUN
gastroenterologiya	NOUN
gastrol	NOUN
gastroler	NOUN
gastrolyor	NOUN
gastronom	NOUN
gastronomiya	NOUN
gat	IMIT,NOUN,VERB
gatgat	IMIT
gatilla	NOUN,VERB
gatillat	VERB
gaubitsa	NOUN
gauptvaxta	NOUN
gavai	NOUN
gavan	NOUN
gavana	NOUN
gavara	NOUN
gavda	ADJ,NOUN,VERB
gavdalan	VERB
gavdalantir	VERB
gavdalantiril	VERB
gavdali	ADJ
gavgo	NOUN
gavgoci	NOUN
gavhar	NOUN
gavhara	NOUN
gavharafşon	NOUN
gavharbibi	NOUN
gavharbonu	NOUN
gavhargul	NOUN
gavharmomo	NOUN
gavharnigor	NOUN
gavharniso	NOUN
gavharoro	NOUN
gavharoyim	NOUN
gavharpoşşa	NOUN
gavhartoş	NOUN
gavharzod	NOUN
gavharşod	NOUN
gavharşodbegim	NOUN
gavharşunos	NOUN
gavir	NOUN
gavirlik	NOUN
gavjum	ADJ,NOUN,VERB
gavjumlaş	VERB
gavrancic	NOUN
gavrankapetanovic	NOUN
gavrapoş	NOUN
gavric	NOUN
gavrilov	NOUN
gavrilova	NOUN
gavrilovic	NOUN
gavron	NOUN,VERB
gavronla	VERB
gavvos	NOUN
gavvoslik	NOUN
gayb	NOUN
gaybiddin	NOUN
gaybulla	NOUN
gaydarbekov	NOUN
gaydarbekova	NOUN
gayir	ADJ,NOUN
gayirlik	NOUN
gayiukayev	NOUN
gayiukayeva	NOUN
gayka	NOUN,VERB
gaykala	VERB
gaymorit	NOUN
gayniddin	NOUN
gaynijahon	NOUN
gaynijamol	NOUN
gayniniso	NOUN
gayniya	NOUN
gaynoli	NOUN
gaynutdinov	NOUN
gaynutdinova	NOUN
gayovic	NOUN
gayr	NOUN
gayrat	ADJ,NOUN
gayratcan	NOUN
gayratli	ADJ
gayratoy	NOUN
gayratsiz	ADJ,NOUN
gayratsizlik	NOUN
gayriadabiy	ADJ
gayriaxloqiy	ADJ
gayridin	ADJ
gayridiniy	ADJ
gayriilmiy	ADJ
gayriinsoniy	ADJ
gayriixtiyoriy	ADJ
gayrijins	ADJ
gayrijinsiy	ADJ
gayrimaşru	ADJ
gayriqonuniy	ADJ
gayrirasmiy	ADJ
gayritabiiy	ADJ
gayrişariy	ADJ
gayrişuuriy	ADJ
gaysin	NOUN
gaytayev	NOUN
gaytayeva	NOUN
gayur	NOUN
gayurlik	NOUN
gayvoron	NOUN
gaz	NOUN,VERB
gaza	NOUN
gazab	ADJ,NOUN
gazabkor	NOUN
gazabli	ADJ
gazabnok	ADJ
gazak	NOUN,VERB
gazakla	VERB
gazaklat	VERB
gazal	NOUN
gazalcilik	NOUN
gazalguy	NOUN
gazalguylik	NOUN
gazali	NOUN
gazaliyot	NOUN
gazalkent	NOUN
gazalnavis	NOUN
gazalnavislik	NOUN
gazaloy	NOUN
gazalxon	NOUN
gazalxonlik	NOUN
gazan	NOUN
gazanda	NOUN
gazanfar	NOUN
gazar	NOUN
gazarak	NOUN
gazci	NOUN
gazcup	NOUN
gazdic	NOUN
gazela	NOUN
gazet	NOUN
gazeta	NOUN
gazetaci	NOUN
gazetacilik	NOUN
gazetxon	NOUN
gazetxonlik	NOUN
gaziantep	NOUN
gaziantepspor	NOUN
gazifikatsiya	NOUN
gazila	NOUN
gazima	NOUN
gazira	NOUN
gaziyev	NOUN
gaziyeva	NOUN
gazla	VERB
gazlama	NOUN
gazlamafuruş	NOUN
gazlan	VERB
gazlaş	VERB
gazlaştir	VERB
gazlaştiril	VERB
gazli	NOUN
gazmanov	NOUN
gazmanova	NOUN
gazmol	NOUN
gazna	NOUN
gaznabibi	NOUN
gaznaboy	NOUN
gaznaci	NOUN
gaznahit	NOUN
gaznaxon	NOUN
gazniqob	NOUN
gaznoq	NOUN
gazocoq	NOUN
gazogenerator	NOUN
gazogeneratorli	NOUN
gazol	NOUN
gazola	NOUN
gazolin	NOUN
gazomer	NOUN
gazon	NOUN
gazoprovod	NOUN
gazot	NOUN
gazovot	NOUN
gazovotjn	NOUN
gazoyev	NOUN
gazoyeva	NOUN
gazplita	NOUN
gazprom	NOUN
gazsuv	NOUN
gazze	NOUN
gazzol	NOUN
gaş	NOUN,VERB
gaşan	NOUN
gaşava	NOUN
gaşgaşa	NOUN
gaşir	NOUN
gaşla	VERB
gaşlan	VERB
gaşlik	NOUN
gaşt	ADV,NOUN
gaştak	NOUN
gaşti	ADV,NOUN
gdansk	NOUN
gecelev	NOUN
geceleva	NOUN
gegemon	NOUN
gegemoniya	NOUN
gegemonlik	NOUN
gegic	NOUN
geiger	NOUN
geim	NOUN
gekisci	NOUN
gekiscilik	NOUN
gekkon	NOUN
geksaedr	NOUN
geksaxloran	NOUN
gektar	NOUN
gektarci	NOUN
gektograf	NOUN
gektografik	NOUN
gektolitr	NOUN
gel	NOUN
gelagay	NOUN
gelazitdinov	NOUN
gelazitdinova	NOUN
gelio	NOUN
geliofizika	NOUN
gelioterapiya	NOUN
geliotexnika	NOUN
geliotrop	NOUN
geliotsentrik	NOUN
geliy	NOUN
gelmint	NOUN
gelmintologiya	NOUN
gelmintoz	NOUN
gem	NOUN
gematit	NOUN
gematogen	NOUN
gemi	NOUN
gemoglobin	NOUN
gemometr	NOUN
gemorroy	NOUN
gen	NOUN
genclerbirligi	NOUN
genealogiya	NOUN
general	NOUN
generalissimus	NOUN
generalitet	NOUN
generator	NOUN
generatsiya	VERB
generatsiyala	VERB
genesis	NOUN
genetik	ADJ
genetika	NOUN
genezis	NOUN
genial	NOUN
geniallik	NOUN
genicesk	NOUN
geniy	NOUN
geniylik	NOUN
genlerbirlii	NOUN
gennadi	NOUN
genoa	NOUN
genofon	NOUN
genotsid	NOUN
genry	NOUN
genryx	NOUN
genter	NOUN
genuya	NOUN
geo	NOUN
geoana	NOUN
geobotanika	NOUN
geodezik	NOUN
geodeziya	NOUN
geofizik	NOUN
geofizika	NOUN
geofon	NOUN
geograf	NOUN
geografik	NOUN
geografiya	NOUN
geokimyo	NOUN
geolog	NOUN
geologik	ADJ
geologiya	NOUN
geomagnetizm	NOUN
geometr	NOUN
geometriya	NOUN
geomorfologiya	NOUN
georgakopolos	NOUN
george	NOUN
georgesku	NOUN
georgi	NOUN
georgia	NOUN
georgiev	NOUN
georgievskiy	NOUN
georgiyev	NOUN
geoximik	NOUN
geoximiya	NOUN
geoyeraf	NOUN
gepatit	NOUN
geraldika	NOUN
gerasimov	NOUN
gerasimova	NOUN
gerastrat	NOUN
geraşcenko	NOUN
geraşenko	NOUN
gerb	NOUN
gerbariy	NOUN
gerbitsid	NOUN
gerbşunos	NOUN
gerbşunoslik	NOUN
gerdaiyş	NOUN
gerday	VERB
gerdzhikov	NOUN
gerdzhikova	NOUN
geremeyev	NOUN
geremeyeva	NOUN
gerhard	NOUN
gerjikov	NOUN
gerjikova	NOUN
gerjov	NOUN
gerjova	NOUN
germa	NOUN
germain	NOUN
german	NOUN
germaniy	NOUN
germaniya	NOUN
germanizm	NOUN
germanovna	NOUN
germetik	NOUN,VERB
germetikla	VERB
germezir	NOUN
gerodes	NOUN
geroin	NOUN
gerontologiya	NOUN
geroyev	NOUN
geroyeva	NOUN
gerritsen	NOUN
gers	NOUN
gersegovina	NOUN
gersog	NOUN
gersoglik	NOUN
gert	NOUN
gertsa	NOUN
gestakovskiy	NOUN
gestapo	NOUN
gestapoci	NOUN
getafe	NOUN
geterodin	VERB
geterodinla	VERB
getman	NOUN
getmanlik	NOUN
getra	NOUN
gevgeliya	NOUN
geyzer	NOUN
geyşa	NOUN
gezar	NOUN,VERB
gezariş	VERB
gezart	VERB
gezartir	VERB
geştakovskiy	NOUN
ggaraşyutizm	NOUN
ggatsifist	NOUN
gggemon	NOUN
gggemonlik	NOUN
giannissopolos	NOUN
gibbon	NOUN
gibiskus	NOUN
gibrid	NOUN,VERB
gibridizatsiya	NOUN
gibridla	VERB
gibridlan	VERB
gibridlaştir	VERB
gicir	VERB
gicirla	VERB
gicirlat	VERB
gid	NOUN,VERB
gideon	NOUN
gidgid	VERB
gidgidla	VERB
gidilla	VERB
gidillaş	VERB
giding	VERB
gidingla	VERB
gidinglaş	VERB
gidir	NOUN
gido	NOUN
gidrav	NOUN
gidravlik	NOUN
gidravlika	NOUN
gidro	NOUN
gidrobiologiya	NOUN
gidrod	NOUN
gidrodi	NOUN
gidrodinamika	NOUN
gidroelektrostansiya	NOUN
gidroenergetik	NOUN
gidroenergetika	NOUN
gidrofizika	NOUN
gidrogen	VERB
gidrogenerator	NOUN
gidrogenla	VERB
gidrogeologiya	NOUN
gidroinşoot	NOUN
gidrokimyo	NOUN
gidroliz	NOUN
gidrolog	NOUN
gidrologik	NOUN
gidrologiya	NOUN
gidromeliorator	NOUN
gidromelioratsiya	NOUN
gidrometr	NOUN
gidromexanika	NOUN
gidronasos	NOUN
gidronim	NOUN
gidroponika	NOUN
gidropult	NOUN
gidrosamolet	NOUN
gidrosamolyot	NOUN
gidrosfera	NOUN
gidrostansiya	NOUN
gidrostat	NOUN
gidrostatika	NOUN
gidrotexnik	NOUN
gidrotexnika	NOUN
gidroturbina	NOUN
gigant	ADJ,NOUN
gigiyena	NOUN
gigiyenik	NOUN
gigrometr	NOUN
gigroskop	NOUN
gij-gij	IMIT
gijbang	IMIT,VERB
gijbangla	VERB
gijbanglat	VERB
gijda	NOUN
gijdapaz	NOUN
gijdljvon	NOUN
gijgij	VERB
gijgijla	VERB
gijgijlat	VERB
giji	ADJ
gijim	ADJ
gijing	NOUN,VERB
gijingla	VERB
gijinglat	VERB
gijja	NOUN
gijjak	NOUN
gijjakc	NOUN
gijjakci	NOUN
gijjalar	NOUN
gijmalos	NOUN
gil	NOUN
gilam	NOUN
gilambof	NOUN
gilamci	NOUN
gilamcilik\	NOUN
gilamdoz	NOUN
gilamdozlik	NOUN
gilamduz	NOUN
gilamduzlik	NOUN
gilamgul	NOUN
gilay	ADJ,NOUN
gilaylik	NOUN
gildir	NOUN,VERB
gildira	NOUN,VERB
gildirak	NOUN
gildirakca	NOUN
gildiraksoz	NOUN
gildiraksozlik	NOUN
gildirat	VERB
gildiraş	VERB
gilgit	NOUN
gilkor	NOUN
gilkorlik	NOUN
gilmon	NOUN
gilmoya	NOUN
gilniyoz	NOUN
gilof	NOUN
gilofci	NOUN
gilon	NOUN
gilos	NOUN
giloszor	NOUN
gilq	NOUN
gilsifat	NOUN
gilt	NOUN
gilvata	NOUN
gilza	NOUN
gim-girc	IMIT
gimatdinov	NOUN
gimatdinova	NOUN
gimgij	IMIT
gimn	NOUN
gimnasterka	NOUN
gimnastika	NOUN
gimnastikaci	NOUN
gimnazist	NOUN
gimnazistka	NOUN
gimnaziya	NOUN
gina	NOUN,VERB
ginaci	NOUN
ginacilik	NOUN
ginala	VERB
ginaxon	NOUN
ginaxonlik	NOUN
ginc	NOUN
gincsiz	NOUN
gincsizlik	NOUN
ginekolog	NOUN
ginekologiya	NOUN
ging	NOUN,VERB
gingilla	VERB
gingillat	VERB
gingillaş	VERB
gingir	VERB
gingirla	VERB
gingirlat	VERB
gingirlaş	VERB
gingşi	VERB
gingşit	VERB
ginjak	NOUN
giotopolos	NOUN
gip	VERB
giperbola	NOUN
giperboloid	NOUN
giperfazo	NOUN
gipertermiya	NOUN
gipertoniya	NOUN
gipertrofiya	NOUN
gipilla	VERB
gipillat	VERB
gipnotizm	NOUN
gipnoz	NOUN,VERB
gipnozci	NOUN
gipnozla	VERB
gipnozlan	VERB
gipofiz	NOUN
giposulfit	NOUN
gipotenuza	NOUN
gipotermiya	NOUN
gipoteza	NOUN
gipotoniya	NOUN
gipotrofiya	NOUN
gipotsentr	NOUN
gippopotam	NOUN
gips	NOUN,VERB
gipsla	VERB
gipslan	VERB
gipslat	VERB
gipslaş	VERB
giq	NOUN,VERB
giqilla	VERB
giqillat	VERB
giqillaş	VERB
gir	IMIT,NOUN,VERB
gir-gir	IMIT
gir-gir (aylanmoq)	IMIT
gira	NOUN
girak	NOUN,VERB
girakla	VERB
giranda	NOUN
giray	NOUN
girc	NOUN,VERB
gircca	NOUN
gircilla	VERB
gircillat	VERB
gird	NOUN
girdigum	NOUN
girdikapalak	NOUN
girdob	NOUN
girena	NOUN
giresun	NOUN
giresunspor	NOUN
girgitton	NOUN
giribon	NOUN
giriftor	NOUN
girih	NOUN,VERB
girihla	VERB
girihlan	VERB
girilla	VERB
girillat	VERB
giring	NOUN,VERB
giringla	VERB
giringlat	VERB
giringlaş	VERB
giriş	NOUN,VERB
girişla	VERB
girişlan	VERB
girmay	VERB
girne	NOUN
girnik	NOUN
girona	NOUN
gironde	NOUN
girq	VERB
girqilla	VERB
girqillat	VERB
girqira	VERB
girqirat	VERB
girqiraş	VERB
girra	NOUN
girrom	NOUN
girromcilik	NOUN
girromlik	NOUN
girt	PRT,VERB
girt-gart	IMIT
girtilla	VERB
girtillat	VERB
girvat	NOUN
girvay	VERB
girvaytir	VERB
girya	NOUN
giryon	ADJ,NOUN
gistolog	NOUN
gistologiya	NOUN
git	NOUN,VERB
gitara	NOUN
gitaraci	NOUN
gitgit	VERB
gitgitla	VERB
gitilla	VERB
gitillat	VERB
gitir	VERB
gitirla	VERB
gitirlat	VERB
gitler	NOUN
giv	VERB
givak	NOUN
givilla	VERB
givir	VERB
givir-givir	IMIT
givirla	VERB
givirlaş	VERB
givirsi	VERB
giybat	NOUN
giybatci	NOUN
giybatxona	NOUN
giyo	NOUN
giyoh	NOUN
giyohvand	NOUN
giyohvandlik	NOUN
giyos	NOUN
giyosberdi	NOUN
giyosiddin	NOUN
giyoskeldi	NOUN
giyosmamat	NOUN
giyosmuhammad	NOUN
giyosqul	NOUN
giyosturdi	NOUN
giyosxoja	NOUN
giyosxon	NOUN
giyq	VERB
giyqilla	VERB
giyqillat	VERB
giyqillaş	VERB
giyt	VERB
giytilla	VERB
giytillat	VERB
giz	IMIT,VERB
gizgiz	NOUN,VERB
gizgizak	NOUN
gizgizla	VERB
gizgizlat	VERB
gizilla	VERB
gizillat	VERB
gizillaş	VERB
gizo	NOUN,VERB
gizol	NOUN
gizola	NOUN
gizolan	VERB
gişa	NOUN
gişava	NOUN
gişavaci	NOUN
gişazor	NOUN
gişgişa	NOUN
gişman	NOUN
gişt	ADJ,NOUN,VERB
giştband	NOUN
giştci	NOUN
gişti	NOUN
giştin	ADJ
giştla	VERB
giştli	NOUN
gjegojevskaya	NOUN
gjegojevskiy	NOUN
gjurovskiy	NOUN
gladiolus	NOUN
glazgo	NOUN
glazkov	NOUN
glazkova	NOUN
glazunov	NOUN
glazunova	NOUN
glazyev	NOUN
glazyeva	NOUN
glebnikov	NOUN
glebnikova	NOUN
glevaha	NOUN
gliboka	NOUN
gligoric	NOUN
gligorovic	NOUN
glinani	NOUN
glisic	NOUN
glisser	NOUN
glisserin	NOUN
glitseri	NOUN
glitserin	NOUN
glivice	NOUN
globine	NOUN
globus	NOUN
glossariy	NOUN
glrdiqorgon	NOUN
gluhiv	NOUN
gluhivitsi	NOUN
gluhov	NOUN
gluhova	NOUN
glustikov	NOUN
glustikova	NOUN
glyasiologiya	NOUN
glyukoza	NOUN
gneydou	NOUN
gnivan	NOUN
gnizdiciv	NOUN
gnoseologiya	NOUN
go	NOUN
gob	NOUN
gocci	NOUN
god	VERB
godak	NOUN
godaklik	NOUN
goday	ADJ,VERB
godaygan	ADJ
godaytir	VERB
godilla	VERB
godir	VERB
godirla	VERB
gofil	NOUN
gofillik	NOUN
gofir	NOUN
gofirjon	NOUN
gofurxoja	NOUN
gog	VERB
gogilla	VERB
gogillat	VERB
gogillaş	VERB
gogoleve	NOUN
goh	CNJ,NOUN
goh-goh	ADV
goh-gohida	CNJ
gohi	ADV
gohida	ADV,NOUN
goho	NOUN
goj	NOUN
goja	NOUN
gojiboy	NOUN
gojkovic	NOUN
gojlik	NOUN
gokceogli	NOUN
gokirmak	NOUN
gol	ADJ,NOUN,VERB
gola	NOUN,VERB
golak	NOUN
golala	VERB
golax	NOUN
golaxxona	NOUN
golay	VERB
golayt	VERB
golaytir	VERB
goldir	VERB
goldira	VERB
goldirat	VERB
goldiraş	VERB
goldstein	NOUN
golf	NOUN
golib	ADJ,NOUN
goliba	NOUN
golibiyat	NOUN
golibjon	NOUN
golibkor	NOUN
goliblik	NOUN
golibşo	NOUN
goliya	NOUN
golla	VERB
golland	NOUN
gollandiya	NOUN
gollaş	VERB
gollik	NOUN
gollivud	NOUN
golos	NOUN
goloseyev	NOUN
goloseyeva	NOUN
golovanivsk	NOUN
golovaşenko	NOUN
golovine	NOUN
golubovic	NOUN
gomel	NOUN
gomgilak	NOUN
gomma	NOUN
gomogen	VERB
gomogenlaş	VERB
gomogenlaştir	VERB
gomorre	NOUN
gomoseksualizm	NOUN
gon	NOUN
goncarenko	NOUN
goncarivske	NOUN
goncarov	NOUN
goncarova	NOUN
gonduras	NOUN
gong	NOUN,VERB
gongilla	VERB
gongillaş	VERB
gongir	VERB
gongir-gongir	IMIT
gongirla	VERB
gongirlaş	VERB
gongla	VERB
gongqarga	NOUN
gongxona	NOUN
goniya	NOUN,VERB
goniyala	VERB
gonon	NOUN
gonorar	NOUN
goodison	NOUN
google	NOUN
gop	NOUN
gopsangi	NOUN
gopur	NOUN
goq	VERB
goqgoq	VERB
goqgoqla	VERB
goqilla	VERB
goqillat	VERB
gor	ADJ,NOUN,PRT,VERB
gora	NOUN,VERB
gorala	VERB
goralik	NOUN
goran	NOUN
gorat	NOUN
goratci	NOUN
goratgar	NOUN
gorati	NOUN
gorcamberdi	NOUN
gorcicnik	NOUN
gorcitsa	NOUN
gorcitsadon	NOUN
gordan	NOUN
gordeyev	NOUN
gordeyeva	NOUN
gordlevskaya	NOUN
gordlevskiy	NOUN
gordon	NOUN
gorelka	NOUN
gorev	NOUN
goreva	NOUN
gorga	PRT
gorilla	NOUN,VERB
goriston	NOUN
goristonlik	NOUN
gorizont	ADJ,NOUN
gorizontal	ADJ,NOUN
gorki	NOUN
gorkov	NOUN
gorkovci	NOUN
gorkovlik	NOUN
gorlik	NOUN
gorlov	NOUN
gorlova	NOUN
gormon	NOUN
gorn	NOUN
gornci	NOUN
gorodenka	NOUN
gorodişce	NOUN
gorodki	NOUN
gorodna	NOUN
gorodnicenko	NOUN
gorodnitsa	NOUN
gorodok	NOUN
gorodovoy	NOUN
gorogli	NOUN
gorohov	NOUN
gorohova	NOUN
goroskop	NOUN
gorpişcenko	NOUN
gorq	VERB
gorqilla	VERB
gorqillaş	VERB
gorstov	NOUN
gorstova	NOUN
gorut	NOUN
gos	NOUN,VERB
gosfand	NOUN
gospic	NOUN
gospital	NOUN
gostivar	NOUN
gostomel	NOUN
gostovic	NOUN
gosxor	VERB
gosxorla	VERB
gosxorlan	VERB
got	VERB
gotgot	VERB
gotgotla	VERB
gotilla	VERB
gotillat	VERB
gotov	NOUN
gotova	NOUN
gotovalnya	NOUN
gotovina	NOUN
gov	NOUN,VERB
gova	NOUN
govak	NOUN
govasoy	NOUN
govdil	NOUN
govga	NOUN
govgum	NOUN
govkurmak	NOUN
govla	VERB
govlat	VERB
govmicca	NOUN
govmiş	NOUN
govranuş	NOUN
govron	NOUN,VERB
govronla	VERB
govsagon	NOUN
govur	NOUN,VERB
govur-govur	IMIT
govur-guvur	IMIT
govurla	VERB
govurlaş	VERB
govuş	NOUN
govxona	NOUN
goya	ADJ,NOUN
goyal	NOUN
goyanda	NOUN
goyasiz	NOUN
goyasizlik	NOUN
goyat	ADJ,ADV,NOUN
goyaviy	NOUN
goyaviylik	NOUN
goyib	NOUN
goyibali	NOUN
goyibberdi	NOUN
goyibca	NOUN
goyibkeldi	NOUN
goyibnazar	NOUN
goyibniyoz	NOUN
goyibqul	NOUN
goyibxoja	NOUN
goyiston	NOUN
goykovic	NOUN
goyo	CNJ,PRT
goyoki	CNJ,PRT
goyoxon	NOUN
goz	NOUN,VERB
goza	NOUN
gozal	ADJ,NOUN,VERB
gozalbeka	NOUN
gozalbika	NOUN
gozalbonu	NOUN
gozalgul	NOUN
gozaljon	NOUN
gozallan	VERB
gozallaş	VERB
gozallaştir	VERB
gozallik	NOUN
gozaloy	NOUN
gozalpoşşa	NOUN
gozaltoj	NOUN
gozalxon	NOUN
gozapocoq	NOUN
gozar	NOUN
gozbek	NOUN
gozgon	NOUN
gozi	NOUN
goziali	NOUN
gozibek	NOUN
gozibola	NOUN
goziddin	NOUN
goziislom	NOUN
gozimuhammad	NOUN
gozinazar	NOUN
goziniso	NOUN
goziobod	NOUN
goziolim	NOUN
goziqul	NOUN
gozitora	NOUN
goziulla	NOUN
gozixoja	NOUN
gozixon	NOUN
goziya	NOUN
gozkaptar	NOUN
gozlan	VERB
gozlev	NOUN
gozliq	NOUN
gozoti	NOUN
gozoyoq	NOUN
gozpanja	NOUN
goztepe	NOUN
goş	NOUN
goşa	NOUN
goşanga	NOUN
goşanişin	NOUN
goşanişinlik	NOUN
goşt	ADJ,NOUN
goştdor	ADJ
goştgir	NOUN
goştgirlik	NOUN
goştli	ADJ
goştxor	ADJ
gradizk	NOUN
gradus	NOUN
gradusnik	NOUN
graf	NOUN
grafa	NOUN,VERB
grafala	VERB
grafik	NOUN
grafika	NOUN
grafin	NOUN
grafinya	NOUN
grafit	NOUN
graflik	NOUN
grafolog	NOUN
grafologiya	NOUN
grajdan	NOUN
grajdanlik	NOUN
gramm	NOUN
grammatika	NOUN
grammofon	NOUN
grammy	NOUN
granada	NOUN
granata	NOUN
granatomet	NOUN
granatometci	NOUN
granatomyot	NOUN
granatomyotci	NOUN
grandic	NOUN
granic	NOUN
granit	NOUN
granitne	NOUN
granka	NOUN
grant	NOUN
grastic	NOUN
graubnden	NOUN
gravyura	NOUN
grbic	NOUN
grcic	NOUN
grebennikov	NOUN
grebennikova	NOUN
grebinka	NOUN
grebinki	NOUN
grecixa	NOUN
green	NOUN
gregoresku	NOUN
gregorian	NOUN
grek	NOUN,VERB
grekca	VERB
grekcala	VERB
grelka	NOUN
grenada	NOUN
grenader	NOUN
grenlandiya	NOUN
grenobl	NOUN
grenoble	NOUN
gresovskiy	NOUN
gretsiya	NOUN
grgic	NOUN
grifel	NOUN
grigorenko	NOUN
grigoresku	NOUN
grigoriy	NOUN
grigoropolos	NOUN
grigorov	NOUN
grigorova	NOUN
grigoryev	NOUN
grigoryeva	NOUN
grikorenko	NOUN
grim	NOUN,VERB
grimason	NOUN
grimayliv	NOUN
grimci	NOUN
grimla	VERB
grimlat	VERB
grimxona	NOUN
grinenko	NOUN
gripp	NOUN
gritsenko	NOUN
gritsiv	NOUN
grivicic	NOUN
grişcenko	NOUN
grişkivtsi	NOUN
grlic	NOUN
gromenko	NOUN
gromov	NOUN
gromova	NOUN
groothousen	NOUN
grossi	NOUN
grossmeyster	NOUN
group	NOUN
grozdanovskiy	NOUN
grozniy	NOUN
grubesic	NOUN
grubisic	NOUN
gruevskiy	NOUN
grujic	NOUN
grunt	NOUN
gruntşunos	NOUN
gruntşunoslik	NOUN
gruppa	NOUN,VERB
gruppaboz	NOUN
gruppabozlik	NOUN
gruppala	VERB
gruppalan	VERB
gruppalaştir	VERB
gruppami	NOUN
gruzdov	NOUN
gruzdova	NOUN
gruzin	NOUN,VERB
gruzinca	VERB
gruzincala	VERB
gruzinov	NOUN
gruzinova	NOUN
gruziya	NOUN
gruzovik	NOUN
gruzovoy	NOUN
gruşevskaya	NOUN
gruşevskiy	NOUN
gu	NOUN,VERB
guam	NOUN
guangdung	NOUN
guaş	NOUN
gubalak	NOUN
guber	NOUN
guberna	NOUN
gubernator	NOUN
guberniya	NOUN
gubir	NOUN
gubor	ADJ,NOUN,VERB
guborla	VERB
guborlan	VERB
guborlat	VERB
guborlik	NOUN
gud	VERB
gudak	NOUN
gudaklik	NOUN
gudarboy	NOUN
guday	NOUN
gudda	NOUN,VERB
guddala	VERB
gudic	NOUN
gudkov	NOUN
gudkova	NOUN
gudok	NOUN
gudra	VERB
gudran	NOUN,VERB
gudraş	VERB
gudraşa	NOUN
gudron	NOUN,VERB
gudronla	VERB
gudulla	VERB
gudullan	VERB
gudullaş	VERB
gudullaşiş	VERB
gudung	VERB
gudungla	VERB
gudur	NOUN,VERB
guduric	NOUN
gudurla	VERB
gudurlan	VERB
gudurlat	VERB
gudurlaş	VERB
guenter	NOUN
gufron	NOUN
guftgu	NOUN
guftugo	NOUN
gugurt	NOUN
gugurtcup	NOUN
guhar	NOUN
guharboqi	NOUN
guhruza	NOUN
guj	NOUN,VERB
guj-guj	IMIT
guja	NOUN
gujanak	NOUN,VERB
gujanakla	VERB
gujanaklan	VERB
gujgon	NOUN
gujja	NOUN
gujla	VERB
gujlan	VERB
gujmak	VERB
gujmakla	VERB
gujmaklan	VERB
gujmay	VERB
gujmayiş	VERB
gujulla	VERB
gujum	NOUN,VERB
gujumboy	NOUN
gujumla	VERB
gujumlan	VERB
gujur	VERB
gujurboy	NOUN
gujurla	VERB
gujurlaş	VERB
gul	ADJ,NOUN,VERB
gul-gul	ADV
gula	NOUN
gulabardor	NOUN
gulabur	NOUN
gulabza	NOUN
gulafroz	NOUN
gulafzo	NOUN
gulafşon	NOUN
gulahmad	NOUN
gulali	NOUN
gulambar	NOUN
gulamza	NOUN
gulan	NOUN
gulanbar	NOUN
gulanda	NOUN
gulandom	NOUN
gulandoz	NOUN
gulangizu	NOUN
gulanor	NOUN
gulanvar	NOUN
gulaq	NOUN
gularo	NOUN
gulasal	NOUN
gulasar	NOUN
gulasir	NOUN
gulasma	NOUN
gulassar	NOUN
gulavzo	NOUN
gulay	NOUN
gulayev	NOUN
gulayeva	NOUN
gulazam	NOUN
gulaş	NOUN
gulbacca	NOUN
gulbadan	NOUN
gulbahor	NOUN
gulbahra	NOUN
gulbahrom	NOUN
gulband	NOUN
gulbanot	NOUN
gulbar	NOUN
gulbarcin	NOUN
gulbarg	NOUN
gulbarno	NOUN
gulbarra	NOUN
gulbasar	NOUN
gulbaston	NOUN
gulbaxmal	NOUN
gulbaxt	NOUN
gulbayna	NOUN
gulbayon	NOUN
gulbayoz	NOUN
gulbaşira	NOUN
gulbegim	NOUN
gulbek	NOUN
gulbeka	NOUN
gulbeor	NOUN
gulbezak	NOUN
gulbezar	NOUN
gulbibi	NOUN
gulbiddin	NOUN
gulbika	NOUN
gulbin	NOUN
gulbinoz	NOUN
gulbiyoz	NOUN
gulbobak	NOUN
gulbodom	NOUN
gulbog	NOUN
gulbogda	NOUN
gulbola	NOUN
gulbon	NOUN
gulbong	NOUN
gulbonu	NOUN
gulbor	NOUN
gulboston	NOUN
gulbota	NOUN
gulboy	NOUN
gulboz	NOUN
gulboza	NOUN
gulbozor	NOUN
gulbuloq	NOUN
gulbuta	NOUN
gulbuvi	NOUN
gulca	NOUN
gulcaman	NOUN
gulcambar	NOUN
gulcecak	NOUN
gulcehra	NOUN
gulcelak	NOUN
gulcevar	NOUN
gulci	NOUN
gulcilik	NOUN
gulcin	NOUN
gulcina	NOUN
gulcinor	NOUN
gulciroy	NOUN
guldara	NOUN
guldast	NOUN
guldasta	NOUN
guldavlat	NOUN
gulday	NOUN
guldek	NOUN
guldiyor	NOUN
guldom	NOUN
guldon	NOUN
guldona	NOUN
guldono	NOUN
guldor	ADJ,NOUN
guldoston	NOUN
guldoş	NOUN
guldun	NOUN
guldur	ADJ,IMIT,VERB
guldur-guldur	IMIT
guldura	VERB
gulduran	VERB
guldurat	VERB
gulduraş	VERB
guldurguldur	VERB
guldurguldurla	VERB
gulduros	ADJ
gulen	NOUN
gulfazilat	NOUN
gulferuz	NOUN
gulferuza	NOUN
gulfido	NOUN
gulfira	NOUN
gulfizo	NOUN
gulfom	NOUN
gulfuruş	NOUN
gulfuruşlik	NOUN
gulgavhar	NOUN
gulgay	NOUN
gulgaz	NOUN
gulgina	NOUN
gulginam	NOUN
gulgozal	NOUN
gulgun	ADJ,NOUN
gulguna	NOUN
gulgunca	NOUN
gulhabira	NOUN
gulhamişab	NOUN
gulhaydar	NOUN
gulhayo	NOUN
gulhayot	NOUN
gulhida	NOUN
gulhur	NOUN
guli	NOUN
gulibek	NOUN
gulibonu	NOUN
gulica	NOUN
gulida	NOUN
gulifor	NOUN
gulifora	NOUN
gulim	NOUN
gulimdona	NOUN
gulimjon	NOUN
gulimmat	NOUN
gulin	NOUN
gulina	NOUN
gulinabonu	NOUN
guliniso	NOUN
gulinor	NOUN
gulinoz	NOUN
gulioy	NOUN
gulipoşşa	NOUN
gulirano	NOUN
gulirayhon	NOUN
guliston	NOUN
gulisumbul	NOUN
gulitoj	NOUN
gulixandon	NOUN
gulixol	NOUN
gulixon	NOUN
guliyora	NOUN
gulizar	NOUN
gulizora	NOUN
gulişaxduna	NOUN
gulişaydo	NOUN
guljabin	NOUN
guljahon	NOUN
guljamil	NOUN
guljamila	NOUN
guljamol	NOUN
guljannat	NOUN
guljavhar	NOUN
guljayron	NOUN
guljon	NOUN
guljora	NOUN
gulkabira	NOUN
gulkar	NOUN
gulkaram	NOUN
gulkay	NOUN
gulkor	NOUN
gulkorlik	NOUN
gulkosa	NOUN
gulkurpa	NOUN
gulla	NOUN,VERB
gullar	NOUN
gullarbas	NOUN
gullat	VERB
gullatil	VERB
gullattir	VERB
gulli	ADJ,NOUN
gullik	ADJ
gullola	NOUN
gulmamat	NOUN
gulman	NOUN
gulmarjon	NOUN
gulmaston	NOUN
gulmat	NOUN
gulmaysa	NOUN
gulmehr	NOUN
gulmemmedov	NOUN
gulmemmedova	NOUN
gulmengiz	NOUN
gulmengli	NOUN
gulmiddin	NOUN
gulmina	NOUN
gulminur	NOUN
gulmir	NOUN
gulmira	NOUN
gulmirza	NOUN
gulmoh	NOUN
gulmohi	NOUN
gulmohida	NOUN
gulmohira	NOUN
gulmohiya	NOUN
gulmomo	NOUN
gulmon	NOUN
gulmonboy	NOUN
gulmuhammad	NOUN
gulmurod	NOUN
gulmuşkin	NOUN
gulnabot	NOUN
gulnafisa	NOUN
gulnahor	NOUN
gulnamo	NOUN
gulnasab	NOUN
gulnavoz	NOUN
gulnazar	NOUN
gulnazira	NOUN
gulnigor	NOUN
gulnihol	NOUN
gulniso	NOUN
gulnişon	NOUN
gulnoma	NOUN
gulnor	ADJ,NOUN
gulnora	NOUN
gulnoz	NOUN
gulnoza	NOUN
gulnozik	NOUN
gulnur	NOUN
gulnura	NOUN
gulob	NOUN
guloba	NOUN
gulobar	NOUN
gulobat	NOUN
gulobbibi	NOUN
gulobboy	NOUN
gulobbu	NOUN
gulobbuva	NOUN
gulobci	NOUN
gulobod	NOUN
gulobxon	NOUN
gulofat	NOUN
gulom	NOUN
gulomali	NOUN
gulomboy	NOUN
gulomfariz	NOUN
gulomgardiş	NOUN
gulomhasan	NOUN
gulomhaydar	NOUN
gulomhoji	NOUN
gulomhusan	NOUN
gulomiddin	NOUN
gulommahbub	NOUN
gulommahmud	NOUN
gulommamat	NOUN
gulommirza	NOUN
gulommuhammad	NOUN
gulomnabi	NOUN
gulomnazar	NOUN
gulomnazir	NOUN
gulomniyoz	NOUN
gulomqodir	NOUN
gulomqori	NOUN
gulomrasul	NOUN
gulomrizo	NOUN
gulomulla	NOUN
gulomxoja	NOUN
gulora	NOUN
guloro	NOUN
gulorom	NOUN
gulovar	NOUN
gulovci	NOUN
guloy	NOUN
guloyim	NOUN
guloyna	NOUN
guloyşa	NOUN
gulozod	NOUN
gulparcin	NOUN
gulpari	NOUN
gulpok	NOUN
gulpora	NOUN
gulpoş	NOUN
gulpoşşa	NOUN
gulqadam	NOUN
gulqahqah	NOUN
gulqamar	NOUN
gulqand	NOUN
gulqavs	NOUN
gulqayci	NOUN
gulqayt	NOUN
gulqiz	NOUN
gulqogoz	NOUN
gulqoqi	NOUN
gulraftor	NOUN
gulrang	NOUN
gulrano	NOUN
gulravşan	NOUN
gulrayhon	NOUN
gulro	NOUN
gulroy	NOUN
gulru	NOUN
gulrux	NOUN
gulruxsor	NOUN
gulruxsorbegim	NOUN
gulsabo	NOUN
gulsaboh	NOUN
gulsadaf	NOUN
gulsafar	NOUN
gulsafo	NOUN
gulsahar	NOUN
gulsahro	NOUN
gulsamo	NOUN
gulsan	NOUN
gulsana	NOUN
gulsanam	NOUN
gulsano	NOUN
gulsapsar	NOUN
gulsara	NOUN
gulsarvar	NOUN
gulsayat	NOUN
gulsevar	NOUN
gulsima	NOUN
gulsimo	NOUN
gulsimon	ADJ
gulsin	NOUN
gulsina	NOUN
gulsiz	ADJ
gulsoat	NOUN
gulsora	NOUN
gulsovur	NOUN
gulsoz	NOUN
gulsulton	NOUN
gulsuluv	NOUN
gulsum	NOUN
gulsuman	NOUN
gulsuna	NOUN
gulsunbuvi	NOUN
gulsurur	NOUN
gulsuyar	NOUN
gultamom	NOUN
gultan	NOUN
gultana	NOUN
gulter	NOUN
gultoj	NOUN
gultojbarg	NOUN
gultoji	NOUN
gultojixoroz	NOUN
gultojixuroz	NOUN
gultovus	NOUN
gultoy	NOUN
gultuvak	NOUN
gulu	NOUN
gulumogli	NOUN
gulumoy	NOUN
gulumxon	NOUN
guluzor	NOUN
gulvafo	NOUN
gulvohida	NOUN
gulxad	NOUN
gulxan	NOUN
gulxanci	NOUN
gulxanda	NOUN
gulxaniy	NOUN
gulxayo	NOUN
gulxayri	NOUN
gulxiroj	NOUN
gulxoja	NOUN
gulxol	NOUN
gulxon	NOUN
gulxona	NOUN
gulxonim	NOUN
gulxumor	NOUN
gulyigit	NOUN
gulyonoq	NOUN
gulyor	NOUN
gulyora	NOUN
gulyoz	NOUN
gulyuz	NOUN
gulyuzim	NOUN
gulyuzxonim	NOUN
gulza	NOUN
gulzabira	NOUN
gulzafar	NOUN
gulzamina	NOUN
gulzamira	NOUN
gulzamon	NOUN
gulzar	NOUN
gulzara	NOUN
gulzarifa	NOUN
gulzaynab	NOUN
gulzaytuna	NOUN
gulzeb	NOUN
gulzebo	NOUN
gulzifa	NOUN
gulzira	NOUN
gulziya	NOUN
gulziynat	NOUN
gulziyo	NOUN
gulzod	NOUN
gulzoda	NOUN
gulzohida	NOUN
gulzor	NOUN
gulzora	NOUN
gulzorali	NOUN
gulzuhro	NOUN
gulşahar	NOUN
gulşahnoz	NOUN
gulşahnoza	NOUN
gulşahri	NOUN
gulşakar	NOUN
gulşan	NOUN
gulşana	NOUN
gulşanca	NOUN
gulşaraf	NOUN
gulşarifa	NOUN
gulşaydo	NOUN
gulşira	NOUN
gulşirin	NOUN
gulşod	NOUN
gulşoda	NOUN
gulşodbek	NOUN
gulşoh	NOUN
gulşona	NOUN
gulşoyon	NOUN
gum	NOUN
guma	NOUN
gumanist	NOUN
gumanistlik	NOUN
gumanizm	NOUN
gumaşta	NOUN
gumbak	NOUN
gumbatov	NOUN
gumbatova	NOUN
gumbaz	ADJ,NOUN,VERB
gumbazla	VERB
gumbazli	ADJ
gumbuloq	NOUN
gumbur	ADJ,VERB
gumbur-gumbur	IMIT
gumburla	VERB
gumburlat	VERB
gumdon	NOUN
gumon	NOUN,VERB
gumona	NOUN
gumondor	NOUN
gumondorlik	NOUN
gumonlan	VERB
gumonsira	VERB
gumonsiran	VERB
gumonsiraş	VERB
gumroh	NOUN,VERB
gumrohlaş	VERB
gumrohlik	NOUN
gumron	NOUN
gumruk	NOUN
gumrukxona	NOUN
gumur	NOUN,VERB
gumurtir	VERB
gumus	NOUN
gumuşhane	NOUN
gunafşa	NOUN
gunajin	NOUN
gunay	NOUN
gunaş	NOUN
gunca	NOUN,VERB
guncaci	NOUN
guncagul	NOUN
guncala	VERB
gunda	NOUN
gundak	VERB
gundakla	VERB
gundaklan	VERB
gundogdu	NOUN
gung	ADJ,NOUN,VERB
gungalak	NOUN,VERB
gungalaklan	VERB
gunglik	NOUN
gungur	VERB
gungurla	VERB
gungurlaş	VERB
gungurt	NOUN
gunnora	NOUN
gunoh	ADJ,NOUN
gunohkor	ADJ,NOUN
gunohkorlik	NOUN
gunohli	ADJ
gunohsiz	NOUN
gunohsizlik	NOUN
gunonboy	NOUN
gup	IMIT,NOUN,VERB
gup-gup	IMIT
gupcak	NOUN
gupgup	VERB
gupgupla	VERB
guppa	NOUN,VERB
guppa-guppa	IMIT
guppak	NOUN,VERB
guppakla	VERB
guppaklaş	VERB
guppala	VERB
guppi	NOUN
gupron	NOUN
gupronqul	NOUN
gupsar	NOUN
gupulla	VERB
gupullat	VERB
gupur	NOUN,VERB
gupurla	VERB
gupurlat	VERB
gupurtir	VERB
gur	NOUN,VERB
gura	NOUN
gurbat	NOUN
gurbatsaro	NOUN
gurbatxona	NOUN
gurcenko	NOUN
gurda	NOUN
gurdalik	NOUN
gurdiboy	NOUN
gurgan	NOUN
gurgur	NOUN,VERB
gurgura	NOUN,VERB
gurgurak	NOUN
gurji	NOUN
gurjob	NOUN
gurkura	VERB
gurkurat	VERB
gurkuraş	VERB
gurlan	NOUN
gurlik	NOUN
gurmuş	VERB
gurmuşla	VERB
gurmuşlan	VERB
gurovskiy	NOUN
gurpang	VERB
gurpangla	VERB
gurpanglaş	VERB
gurra	NOUN
gurrak	NOUN
gurs	IMIT,NOUN,VERB
gurs-gurs	IMIT
gursketdi	NOUN
gursulla	VERB
gursullat	VERB
gurt	NOUN
gurtboy	NOUN
gurub	NOUN
guruc	NOUN
guruh	NOUN,VERB
guruhboz	NOUN
guruhbozlik	NOUN
guruhla	VERB
guruhlan	VERB
guruhlaş	VERB
guruhlaştir	VERB
gurulla	VERB
gurullat	VERB
gurullaş	VERB
gurumsaroy	NOUN
gurung	NOUN,VERB
gurungla	VERB
gurunglaş	VERB
gurur	NOUN,VERB
gururlan	VERB
gururlaniş	VERB
gururlantir	VERB
gururlik	NOUN
gurvak	NOUN
guryev	NOUN
guryeva	NOUN
gurzi	NOUN,VERB
gurzila	VERB
gurzuf	NOUN
gusatin	NOUN
gusenitsa	NOUN
gusenov	NOUN
gusenova	NOUN
gusgus	VERB
gusgusla	VERB
gusl	NOUN
guslxona	NOUN
gussa	NOUN
gustav	NOUN
gustavsen	NOUN
gustavson	NOUN
gustox	NOUN
gustoxlik	NOUN
gusur	VERB
gusurla	VERB
gusurlat	VERB
gusurlaş	VERB
guta	NOUN
gutalin	NOUN
gutgut	VERB
gutgutla	VERB
gutic	NOUN
gutorov	NOUN
gutorova	NOUN
guttaperca	NOUN
guv	IMIT,NOUN,VERB
guv-guv	IMIT
guvala	NOUN
guvalak	NOUN
guvguv	VERB
guvguvla	VERB
guvguvlaş	VERB
guvla	VERB
guvlat	VERB
guvlaş	VERB
guvoh	NOUN,VERB
guvohla	VERB
guvohlan	VERB
guvohlantir	VERB
guvohlik	NOUN
guvohnoma	NOUN
guvra	VERB
guvran	NOUN,VERB
guvulla	VERB
guvullat	VERB
guvullaş	VERB
guvur	NOUN,VERB
guvurla	VERB
guvurlat	VERB
guvurlaş	VERB
guyana	NOUN
guyva	NOUN
guza	NOUN
guzacanoq	NOUN
guzapoya	NOUN
guzapucoq	NOUN
guzar	NOUN
guzargoh	NOUN
guzayra	NOUN
guzenko	NOUN
guzida	NOUN
guzor	NOUN
guzorboy	NOUN
guşa	NOUN
guşak	NOUN
guşna	NOUN,VERB
guşnalaş	VERB
guşt	ADJ,NOUN
gvadar	NOUN
gvardiya	NOUN
gvardiyaci	NOUN
gvatemala	NOUN
gvernsey	NOUN
gvineya	NOUN
gvizdets	NOUN
gvozdenovic	NOUN
gyotburg	NOUN
gyote	NOUN
gyurovskiy	NOUN
gztepe	NOUN
ha	INTJ
ha-ya	INTJ
hab	NOUN
habaqqul	NOUN
habata	NOUN
habaş	NOUN
habaşlar	NOUN
habba	NOUN
habi	NOUN
habib	NOUN
habiba	NOUN
habibali	NOUN
habibat	NOUN
habibiddin	NOUN
habibmirza	NOUN
habibnazar	NOUN
habibqul	NOUN
habibrahmon	NOUN
habibulayev	NOUN
habibulayeva	NOUN
habibulla	NOUN
habibullo	NOUN
habibulloh	NOUN
habibxoja	NOUN
habil	NOUN
habisa	NOUN
hablemitogli	NOUN
habo	NOUN
habs	NOUN
habsxona	NOUN
hacettepe	NOUN
hacic	NOUN
hacidere	NOUN
had	NOUN
hadaf	NOUN
hadaha	NOUN
hadang	NOUN
haddington	NOUN
hadi	NOUN
hadic	NOUN
hadica	NOUN
hadida	NOUN
hadija	NOUN
hadik	NOUN,VERB
hadikci	NOUN
hadiklan	VERB
hadiksira	VERB
hadiksirat	VERB
hadiqa	NOUN
hadis	NOUN
hadisa	NOUN
hadisaxon	NOUN
hadisşunos	NOUN
hadisşunoslik	NOUN
hadiy	NOUN
hadiya	NOUN
hadiyaboy	NOUN
hadiyatulla	NOUN
hadji	NOUN
hadya	NOUN
hadyaboy	NOUN
hadyanoma	NOUN
hadyatillo	NOUN
hadyatulla	NOUN
hadzic	NOUN
hafifa	NOUN
hafiz	NOUN
hafiza	NOUN
hafiziddin	NOUN
hafizovic	NOUN
hafizulla	NOUN
hafrang	NOUN
hafranggul	NOUN
hafsa	NOUN
hafsala	NOUN
hafsalalik	NOUN
hafsalasiz	NOUN
hafsalasizlik	NOUN
hafta	NOUN
haftafahm	NOUN
haftafahmlik	NOUN
haftafaxm	NOUN
haftalab	ADV
haftalik	NOUN
haftiyak	NOUN
haftrang	NOUN
hafuz	NOUN
hah-hah	IMIT
haha	VERB
hahala	VERB
hahalaş	VERB
hairov	NOUN
hairova	NOUN
haj	NOUN
hajar	NOUN
hajaroy	NOUN
hajbuvi	NOUN
hajiabdic	NOUN
hajiahmetovic	NOUN
hajiavdic	NOUN
hajibegovic	NOUN
hajibeka	NOUN
hajidedic	NOUN
hajihasanovic	NOUN
hajikaptanovic	NOUN
hajikurbanov	NOUN
hajikurbanova	NOUN
hajimuhamedovic	NOUN
hajiogli	NOUN
hajiomerovic	NOUN
hajip	NOUN
hajipasic	NOUN
hajiqiz	NOUN
hajiqizlik	NOUN
hajirusidovic	NOUN
hajiyev	NOUN
hajiyeva	NOUN
hajm	NOUN
hajman	NOUN
hajr	NOUN
hajv	NOUN
hajvci	NOUN
hajvcilik	NOUN
hajviy	NOUN
hajviya	NOUN
hajviyot	NOUN
hak	VERB
hakaca	VERB
hakacak	VERB
hakacakla	VERB
hakacala	VERB
hakalak	NOUN
hakam	NOUN
hakamlik	NOUN
hakhak	VERB
hakhakla	VERB
hakilla	VERB
hakillaş	VERB
hakim	NOUN
hakima	NOUN
hakimali	NOUN
hakimberdi	NOUN
hakimboy	NOUN
hakimca	NOUN
hakimiddin	NOUN
hakimjon	NOUN
hakimlik	NOUN
hakimmirza	NOUN
hakimnazar	NOUN
hakimniyoz	NOUN
hakimov	NOUN
hakimova	NOUN
hakimqul	NOUN
hakimxoja	NOUN
hakimxon	NOUN
hakimzoda	NOUN
hakka	NOUN,VERB
hakkala	VERB
hakkalak	NOUN
hakkalat	VERB
hakkalaş	VERB
hakkar	NOUN
hakkok	NOUN
hal	NOUN,VERB
halak	NOUN
halep	NOUN
halfana	NOUN
halfanaci	NOUN
hali	ADV
halic	NOUN
halica	NOUN
halid	NOUN
haligaca	ADV
halikov	NOUN
halikova	NOUN
halilov	NOUN
halilova	NOUN
halilovic	NOUN
halilulloh	NOUN
halim	NOUN
halima	NOUN
halimberdi	NOUN
halimboy	NOUN
halimxona	NOUN
halimşer	NOUN
halincak	NOUN
halitdan	ADV,NOUN
haliyam	NOUN
hall	NOUN
halla	NOUN,VERB
hallan	VERB
hallaş	VERB
halli	NOUN
hallos	NOUN,VERB
hallosla	VERB
halloslat	VERB
halloslaş	VERB
halok	NOUN
halokat	NOUN
halol	NOUN,VERB
halola	NOUN
halolla	VERB
halollan	VERB
halollat	VERB
halollik	NOUN
halovat	ADJ,NOUN
halovatsiz	NOUN
halovatsizlik	NOUN
halp	VERB
halpilla	VERB
halpillat	VERB
halpillaş	VERB
halq	NOUN
halqa	NOUN,VERB
halqala	VERB
halqalan	VERB
halqob	NOUN
halqum	NOUN
halvo	NOUN
halvogar	NOUN
halvorsen	NOUN
halvoxon	NOUN
halvoytar	NOUN
ham	CNJ,NOUN,PRT
hamal	NOUN
hamalbuvi	NOUN
hamaney	NOUN
hamavtor	ADJ,NOUN
hamavtorlik	NOUN
hamd	NOUN
hamda	CNJ
hamdam	NOUN,VERB
hamdambol	NOUN
hamdamlaş	VERB
hamdamlik	NOUN
hamdamqul	NOUN
hamdamxoja	NOUN
hamdiniso	NOUN
hamdiya	NOUN
hamdost	NOUN
hamduna	NOUN
hamen	ADJ,NOUN
hametoq	ADJ,NOUN
hameza	ADJ,NOUN
hamid	NOUN
hamida	NOUN
hamidabu	NOUN
hamidabuvi	NOUN
hamidali	NOUN
hamiddin	NOUN
hamidqul	NOUN
hamidulla	NOUN
hamidxoja	NOUN
hamilton	NOUN
hamitov	NOUN
hamitova	NOUN
hamiyat	NOUN
hamişa	NOUN
hamişalik	NOUN
hamjamiyat	NOUN
hamjihat	NOUN
hamjihatlik	NOUN
hamjins	NOUN
hamjinslik	NOUN
hamkasaba	NOUN
hamkasb	NOUN
hamkor	NOUN
hamkorlik	NOUN
haml	NOUN
hamla	NOUN
hamma	ADJ
hammabop	ADJ
hammaslak	NOUN
hammaslaklik	NOUN
hammod	NOUN
hammol	NOUN
hammolcilik	NOUN
hammollik	NOUN
hammom	NOUN,VERB
hammomci	NOUN
hammomsira	VERB
hamnafas	NOUN
hamnafaslik	NOUN
hamnişin	ADJ,NOUN
hamnişinlik	NOUN
hamohang	ADJ,NOUN
hamohanglik	NOUN
hamon	ADJ,ADV
hamonki	ADJ
hamono	ADJ
hamoqat	ADJ,NOUN
hamovic	NOUN
hampolik	NOUN
hamro	NOUN
hamrobibi	NOUN
hamrobodom	NOUN
hamrogul	NOUN
hamroh	NOUN
hamrojon	NOUN
hamroqiz	NOUN
hamroqozi	NOUN
hamroqul	NOUN
hamrotoş	NOUN
hamroxoja	NOUN
hamroxol	NOUN
hamroz	NOUN
hamroşo	NOUN
hamsoya\cilik	NOUN
hamza	NOUN
hamzaali	NOUN
hamzaat	NOUN
hamzamurod	NOUN
hamzayev	NOUN
hamzayeva	NOUN
hamzqul	NOUN
hamşira	ADJ,NOUN
hamşiralik	NOUN
hanafiy	NOUN
hanafiya	NOUN
hananiya	NOUN
hananya	NOUN
hancic	NOUN
handalak	NOUN
handasa	NOUN
handasaviy	NOUN
hanenko	NOUN
hanesku	NOUN
hang	NOUN,VERB
hang-mang	IMIT,NOUN
hang-manglik	NOUN
hangama	NOUN
hanghang	VERB
hanghangla	VERB
hangi	NOUN
hangilla	VERB
hangom	NOUN
hangoma	NOUN
hanifa	NOUN
hanik	NOUN
haniya	NOUN
hanjar	NOUN
hannes	NOUN
hannot	NOUN
hannotlik	NOUN
hanqa	NOUN
hans	NOUN
hansen	NOUN
hanson	NOUN
hanya	NOUN
hao	NOUN
hapvo	NOUN
haq	NOUN
haqa	NOUN
haqaci	NOUN
haqberdi	NOUN
haqboy	NOUN
haqdod	NOUN
haqgoy	NOUN
haqgoylik	NOUN
haqida	AUX,NOUN
haqiq	ADJ,NOUN
haqiqat	NOUN,PRT
haqiqatan	PRT
haqiqatci	NOUN
haqiqatda	PRT
haqiqatlik	NOUN
haqiqatsiz	NOUN
haqiqatsizlik	NOUN
haqiqiy	ADJ,NOUN
haqiqiylik	NOUN
haqir	NOUN
haqirlik	NOUN
haqlik	NOUN
haqmirza	NOUN
haqmurod	NOUN
haqnazar	NOUN
haqniyoz	NOUN
haqorat	NOUN,VERB
haqoratla	VERB
haqoratlan	VERB
haqpolat	NOUN
haqqast	NOUN
haqqoniy	NOUN
haqqoniyat	NOUN
haqqoniyatsiz	NOUN
haqqoniyatsizlik	NOUN
haqqoniylik	NOUN
haqqul	NOUN
haqquv	NOUN
haqquş	NOUN
haqraha	NOUN
haqsevar	NOUN
haqsevarlik	NOUN
haqsiz	NOUN
haqsizlik	NOUN
haqturdi	NOUN
haqyor	NOUN
har	NOUN
har holda	PRT
haradinay	NOUN
harajat	NOUN
harakat	ADJ,NOUN,VERB
harakatcan	ADJ,NOUN
harakatcanlik	NOUN
harakatlan	NOUN,VERB
harakatlantir	NOUN,VERB
harakatlantiruvci	NOUN
harakatlik	NOUN
harakatsiz	ADJ,NOUN,VERB
harakatsizlan	VERB
harakatsizlik	NOUN
haram	NOUN
haramjoy	NOUN
haramxona	NOUN
harb	NOUN
harba	NOUN
harbiy	ADV,NOUN,VERB
harbiycasiga	ADV
harbiylaş	VERB
harbiylaştir	VERB
harbiylaştiril	VERB
harbiylik	NOUN
hardam	NOUN
hardamxayol	NOUN
hardamxayollik	NOUN
harf	NOUN
harflab	ADV
harfxor	NOUN
harfxorlik	NOUN
hargiz	NOUN
hargiza	NOUN
harif	NOUN
harifdoş	NOUN
harir	NOUN
harira	NOUN
haris	NOUN,VERB
harisa	NOUN
harisla	VERB
harislaş	VERB
harislik	NOUN
harita	NOUN
haritonenko	NOUN
harom	NOUN,VERB
harom-hariş	ADJ
haromhor	NOUN
haromhorlik	NOUN
haromla	VERB
haromtovoq	NOUN
haromtovoqlik	NOUN
haromxor	NOUN
haromxorlik	NOUN
haromzoda	NOUN
haromzodalik	NOUN
harorat	NOUN,VERB
haroratla	VERB
haroratlan	VERB
harqalay	PRT
harri	NOUN
harrison	NOUN
harry	NOUN
hars	VERB
harsilla	VERB
harsillat	VERB
harsillaş	VERB
hartaraf	ADV
hartugul	NOUN
harvona	NOUN
haryona	NOUN
hasad	ADJ,NOUN,VERB
hasadci	NOUN
hasadgoy	ADJ,NOUN
hasadgoylik	NOUN
hasadlan	VERB
hasan	NOUN
hasana	NOUN
hasanagic	NOUN
hasanali	NOUN
hasanefendic	NOUN
hasaniy	NOUN
hasanmirza	NOUN
hasanniyoz	NOUN
hasanot	NOUN
hasanovic	NOUN
hasanpolat	NOUN
hasanqul	NOUN
hasantora	NOUN
hasantoş	NOUN
hasanxoja	NOUN
hasayni	NOUN
hasil	NOUN
hasina	NOUN
hasip	NOUN
hasipfuruş	NOUN
hasrat	NOUN,VERB
hasratlan	VERB
hasratlaş	VERB
hasratqul	NOUN
hassa	NOUN
hassakaş	NOUN
hassakaşlik	NOUN
hassos	NOUN
hassoslik	NOUN
hasti	NOUN
hat	VERB
hatay	NOUN
hatla	VERB
hatlat	VERB
hatlaş	VERB
hattatov	NOUN
hattatova	NOUN
hatto	PRT
hattoki	PRT
haut	NOUN
haute	NOUN
hava	NOUN
havai	NOUN
havar	NOUN
havas	NOUN,VERB
havasgul	NOUN
havaskor	NOUN
havaskorlik	NOUN
havaslan	VERB
havaslantir	VERB
havaslik	NOUN
havasxon	NOUN
havo	ADJ,NOUN,VERB
havodis	NOUN
havogul	NOUN
havojon	NOUN
havol	NOUN
havola	NOUN,VERB
havolan	VERB
havolantir	VERB
havolat	VERB
havon	NOUN
havoniso	NOUN
havonoy	NOUN
havorang	ADJ
havosiz	NOUN
havosizlik	NOUN
havoxon	NOUN
havoyi	NOUN,VERB
havoyilan	VERB
havoyilantir	VERB
havoyilaş	VERB
havoza	NOUN
havsala	NOUN
havvon	NOUN
havz	NOUN
havza	NOUN
havzak	NOUN
hay	INTJ,NOUN
hayajon	NOUN,VERB
hayajonlan	VERB
hayajonlan\tir	VERB
hayal	VERB
hayaliyev	NOUN
hayaliyeva	NOUN
hayalla	VERB
hayallat	VERB
hayallaş	VERB
hayat	NOUN
haybarakalla	NOUN
haybarakallaci	NOUN
haybarakallacilik	NOUN
haybat	ADJ,NOUN
haybatli	ADJ
haybatulla	NOUN
haybatxon	NOUN
hayda	VERB
haydal	VERB
haydar	NOUN
haydarali	NOUN
haydarbuvi	NOUN
haydarqul	NOUN
haydat	VERB
haydattir	VERB
haydaş	VERB
haydo	NOUN
haydov	NOUN
haydovci	NOUN
haydukovic	NOUN
hayen	NOUN
hayf	NOUN,VERB
hayfki	INTJ
hayfkim	INTJ
hayfsan	NOUN
hayfsin	VERB
hayhay	INTJ,VERB
hayhayla	VERB
hayhaylat	VERB
hayhaylaş	VERB
hayhot	ADJ
hayhotday	ADJ
hayincalak	NOUN
hayiq	VERB
hayiqiş	VERB
hayiqtir	VERB
hayirnazar	NOUN
hayit	NOUN,VERB
hayitali	NOUN
hayitbek	NOUN
hayitbeka	NOUN
hayitberdi	NOUN
hayitbibi	NOUN
hayitboy	NOUN
hayitbu	NOUN
hayitbuvi	NOUN
hayitgozi	NOUN
hayitgul	NOUN
hayitjon	NOUN
hayitkeldi	NOUN
hayitla	VERB
hayitlaş	VERB
hayitmamat	NOUN
hayitmat	NOUN
hayitmirza	NOUN
hayitmuhammad	NOUN
hayitmurod	NOUN
hayitniyoz	NOUN
hayitnoz	NOUN
hayitoy	NOUN
hayitqiz	NOUN
hayitqozi	NOUN
hayitqul	NOUN
hayitqurbon	NOUN
hayitrahmon	NOUN
hayittoş	NOUN
hayitturdi	NOUN
hayitxoja	NOUN
hayitxol	NOUN
hayitxon	NOUN
haykal	NOUN,VERB
haykalci	NOUN
haykalla	VERB
haykallaş	VERB
haykaltaroş	NOUN
haykaltaroşlik	NOUN
hayo	ADJ,NOUN,VERB
hayoli	ADJ
hayolik	NOUN
hayon	NOUN
hayosiz	NOUN,VERB
hayosizlan	VERB
hayosizlaş	VERB
hayosizlik	NOUN
hayot	ADJ,NOUN
hayot-mamot	NOUN
hayotbaxş	ADJ
hayotbek	NOUN
hayotca	NOUN
hayotcan	NOUN
hayotcanlik	NOUN
hayotgul	NOUN
hayotiy	NOUN
hayotiylik	NOUN
hayotjon	NOUN
hayotlik	NOUN
hayotparast	ADJ
hayotsiz	NOUN
hayotsizlik	NOUN
hayotulla	NOUN
hayotunnufuz	NOUN
hayotxon	NOUN
hayoxon	NOUN
hayqir	NOUN,VERB
hayqir tir	VERB
hayqiriq	NOUN
hayqiriş	VERB
hayrat	ADJ,NOUN,VERB
hayrat lan	VERB
hayratlan	ADJ,VERB
hayratlanarli	ADJ
hayratlantir	VERB
hayratomuz	ADJ
hayric	NOUN
hayron	NOUN
hayronlik	NOUN
hayrovic	NOUN
hayrulayevic	NOUN
hayrullayev	NOUN
hayrullayeva	NOUN
haysiyat	NOUN
hayssam	NOUN
hayt	INTJ,NOUN
hayt-hut	INTJ
hayto-hayt	INTJ
haytovur	NOUN,PRT
haytto	NOUN
hayvon	NOUN,VERB
hayvonlaş	VERB
hayvonlik	NOUN
hayvonot	NOUN
hayvonotxona	NOUN
hayvonzod	NOUN
hayvonzot	NOUN
hayxot	NOUN
hayyo	VERB
hayyola	VERB
hayz	NOUN
hayşahar	NOUN
hazar	NOUN,VERB
hazarci	NOUN
hazarlan	VERB
hazdic	NOUN
hazil	ADJ,ADV,NOUN,VERB
hazilkaş	ADJ,NOUN
hazilkaşlik	NOUN
hazillaş	VERB
hazilmand	ADJ
hazilnamo	ADJ,ADV
hazilomuz	ADJ
hazilsimon	ADJ,ADV
hazilvon	ADJ,NOUN
hazilvonlik	NOUN
hazin	NOUN
hazinlik	NOUN
hazir	NOUN
hazm	NOUN,VERB
hazmla	VERB
hazor	NOUN
hazora	NOUN
hazorasp	NOUN
hazorbog	NOUN
hazrat	NOUN
hazratali	NOUN
hazratqul	NOUN
hazratxoja	NOUN
hazratxon	NOUN
haşam	NOUN
haşamat	NOUN
haşamlik	NOUN
haşamxon	NOUN
haşar	NOUN,VERB
haşarboşi	NOUN
haşarci	NOUN
haşarcilik	NOUN
haşarlaş	VERB
haşarot	NOUN
haşmat	NOUN
haştiyak	NOUN
haştiyakci	NOUN
he	INTJ
hebei	NOUN
hec	PRT
hegel	NOUN
heidelberg	NOUN
heights	NOUN
helstein	NOUN
hemiri	NOUN
hemirica	NOUN
hemirilik	NOUN
hemroyev	NOUN
hen	NOUN
henan	NOUN
herat	NOUN
hercules	NOUN
herscbac	NOUN
herscel	NOUN
herzogtum	NOUN
hessen	NOUN
hey	NOUN
heylun	NOUN
hez	NOUN
hezalak	NOUN
hezalakcaliş	NOUN
hezalaklik	NOUN
hezim	NOUN
hezimkaş	NOUN
hezlik	NOUN
hibban	NOUN
hibbatulla	NOUN
hibs	NOUN
hibsxona	NOUN
hid	NOUN
hiddat	NOUN
hidoy	NOUN
hidoyat	NOUN
hidoyatulla	NOUN
hidoyxoja	NOUN
hifz	NOUN
hifziddin	NOUN
hijo	NOUN
hijob	NOUN
hijrat	NOUN
hijriy	NOUN
hijriya	NOUN
hijron	NOUN
hijronzada	NOUN
hikmat	NOUN
hikmatulla	NOUN
hikoya	NOUN
hikoyaci	NOUN
hikoyacilik	NOUN
hikoyanavis	NOUN
hikoyanavislik	NOUN
hikoyat	NOUN,VERB
hikoyatla	VERB
hikoyatoy	NOUN
hil-hil	IMIT
hilkiya	NOUN
hill	NOUN
hilla	NOUN
hille	NOUN
hills	NOUN
hilol	NOUN
hilola	NOUN
hilolbek	NOUN
hiloliddin	NOUN
hiloliy	NOUN
hilp	VERB
hilp-hilp	IMIT
hilpi	VERB
hilpilla	VERB
hilpillat	VERB
hilpir	VERB
hilpira	VERB
hilpirat	VERB
hilv	VERB
hilva	NOUN
hilvat	NOUN
hilvilla	VERB
hilvir	VERB
hilvira	VERB
hilvirat	VERB
himar	VERB
himaril	NOUN,VERB
himariş	VERB
himmat	NOUN
himmatali	NOUN
himmatqul	NOUN
himmatsiz	NOUN
himmatsizlik	NOUN
himo	NOUN
himobu	NOUN
himoya	NOUN,VERB
himoyaci	NOUN
himoyala	VERB
himoyat	NOUN
himoyatxon	NOUN
himoyiddin	NOUN
hind	NOUN
hindboy	NOUN
hindi	NOUN
hindiboy	NOUN
hindiston	NOUN
hindixon	NOUN
hindişunos	NOUN
hindişunoslik	NOUN
hindlar	NOUN
hindol	NOUN
hindu	NOUN
hinduboy	NOUN
hindular	NOUN
hing	VERB
hingilla	VERB
hingilla\ş	VERB
hingir	VERB
hingir-hingir	IMIT
hingirla	VERB
hingirlat	VERB
hinricsen	NOUN
hiq	NOUN,VERB
hiqhiq	VERB
hiqhiqla	VERB
hiqicoq	NOUN
hiqildoq	NOUN
hiqilla	VERB
hiqillat	VERB
hiring	VERB
hiringla	VERB
hiringlaş	VERB
hirod	NOUN
hirot	NOUN
hirovul	NOUN
hirs	NOUN
hirslik	NOUN
his	NOUN,VERB
his-tuygu	NOUN
hisarcikliogli	NOUN
hisla	VERB
hislatbek	NOUN
hisob	NOUN,VERB
hisobci	NOUN
hisobci\	NOUN
hisobcilik	NOUN
hisobdon	NOUN
hisobla	VERB
hisoblan	VERB
hisoblat	VERB
hisoblattir	VERB
hisoblaş	VERB
hisobot	NOUN
hisom	NOUN
hisomiddin	NOUN
hisor	NOUN
hisorboy	NOUN
hisori	NOUN
hissa	NOUN
hissiy	NOUN
hissiyot	ADJ,NOUN
hissiyotci	NOUN
hissiyotli	ADJ
hissiz	NOUN
hissizlik	NOUN
hisson	NOUN
hiva	NOUN
hiyla	ADJ,ADV,NOUN
hiyla-makr	NOUN
hiyla-nayrang	NOUN
hiylaci	NOUN
hiylagar	ADJ,NOUN
hiylagarlik	NOUN
hiylakor	ADV,NOUN
hiylakorlik	NOUN
hiylakorona	ADV
hizabrulla	NOUN
hizbllah	NOUN
hizbullah	NOUN
hizmat	NOUN
hmm	INTJ
ho	INTJ
hob	NOUN
hobbot	NOUN
hocal	NOUN
hocic	NOUN
hodi	NOUN
hodimat	NOUN
hodimirza	NOUN
hodimuhammad	NOUN
hodiqul	NOUN
hodiqurbon	NOUN
hodis	NOUN
hodisa	NOUN
hodisaxon	NOUN
hodixoja	NOUN
hodixon	NOUN
hodiy	NOUN
hodiya	NOUN
hofiz	NOUN
hofiza	NOUN
hofizlik	NOUN
hofizxon	NOUN
hoho	VERB
hohola	VERB
hojal	NOUN
hojalbibi	NOUN
hojalbu	NOUN
hojalbuvi	NOUN
hojaloy	NOUN
hojalxon	NOUN
hojar	NOUN
hojara	NOUN
hojat	NOUN
hojatbaror	NOUN
hojatbarorlik	NOUN
hojatravo	NOUN
hojatxon	NOUN
hojatxona	NOUN
hoji	NOUN
hojiahmad	NOUN
hojiakbar	NOUN
hojiali	NOUN
hojib	NOUN
hojibola	NOUN
hojiboqi	NOUN
hojibotir	NOUN
hojiboy	NOUN
hojibulla	NOUN
hojiburhon	NOUN
hojibuvi	NOUN
hojidada	NOUN
hojiddin	NOUN
hojidoppi	NOUN
hojigul	NOUN
hojiislom	NOUN
hojikamol	NOUN
hojikarim	NOUN
hojikeldi	NOUN
hojim	NOUN
hojimamat	NOUN
hojimat	NOUN
hojimirza	NOUN
hojimuhammad	NOUN
hojimuhiddin	NOUN
hojimurod	NOUN
hojin	NOUN
hojinabi	NOUN
hojinafas	NOUN
hojinazar	NOUN
hojiniso	NOUN
hojiniyoz	NOUN
hojiobkol	NOUN
hojiomon	NOUN
hojioroz	NOUN
hojipolat	NOUN
hojiqobil	NOUN
hojiqori	NOUN
hojiqosim	NOUN
hojiqozi	NOUN
hojiqul	NOUN
hojiqurbon	NOUN
hojira	NOUN
hojirahim	NOUN
hojirahmat	NOUN
hojirahmon	NOUN
hojisafar	NOUN
hojisafo	NOUN
hojisalim	NOUN
hojisiddiq	NOUN
hojisoli	NOUN
hojiturdi	NOUN
hojiumar	NOUN
hojiusmon	NOUN
hojivali	NOUN
hojixoja	NOUN
hojixol	NOUN
hojixon	NOUN
hojixona	NOUN
hojiya	NOUN
hojiyaxon	NOUN
hokand	NOUN
hokazo	NOUN
hokim	ADV,NOUN
hokimiyat	NOUN
hokimlik	NOUN
hokimona	ADV
hokiz	NOUN
hokkaydu	NOUN
hol	ADJ,NOUN,VERB
hol-ahvol	NOUN
holapov	NOUN
holapova	NOUN
holat	NOUN
holbuki	CNJ,NOUN
holda	AUX
holidaxon	NOUN
holkeri	NOUN
holla	VERB
hollan	VERB
hollande	NOUN
hollat	VERB
hollaş	VERB
hollik	NOUN
holsiz	NOUN,VERB
holsizlan	VERB
holsizlik	NOUN
holstein	NOUN
holva	NOUN
holvaci	NOUN
holvafuruş	NOUN
holvagar	NOUN
holvapaz	NOUN
holvaytar	NOUN
holzhausen	NOUN
homakov	NOUN
homakova	NOUN
homenko	NOUN
homid	NOUN
homidali	NOUN
homiddin	NOUN
homidxon	NOUN
homil	NOUN
homila	NOUN
homilador	NOUN
homiladorlik	NOUN
homiy	NOUN
homiya	NOUN
homiylik	NOUN
homuza	NOUN
hong	VERB
hongilla	VERB
hongillat	VERB
hongir	VERB
hongir-hongir	IMIT
hongirla	VERB
hongra	VERB
hongrat	VERB
hongraş	VERB
honşu	NOUN
hop	NOUN,VERB
hopit	VERB
hopitiş	VERB
hopittir	VERB
hopla	VERB
hoplam	NOUN
hoplim	NOUN
hoppak	NOUN
hoqon	NOUN
hor	ADJ,VERB
horasan	NOUN
hordiq	NOUN
hordiqxona	NOUN
horgin	ADJ,NOUN,VERB
horginlaş	VERB
horginlik	NOUN
hori	NOUN,VERB
horigan	NOUN
horiganlik	NOUN
horit	VERB
horittir	VERB
hormang	INTJ
horst	NOUN
horun	NOUN
horvatovic	NOUN
hos	NOUN
hosid	NOUN
hosil	ADJ,NOUN
hosila	NOUN
hosilbek	NOUN
hosildor	ADJ,NOUN
hosildorlik	NOUN
hosillik	NOUN
hosilmurod	NOUN
hosilot	NOUN
hosilotlik	NOUN
hosilotxona	NOUN
hosiloy	NOUN
hosiltoş	NOUN
hotam	NOUN
hotamlik	NOUN
hotamqul	NOUN
hotamtoy	NOUN
hotamtoylik	NOUN
hotamxoja	NOUN
hotamxon	NOUN
hotamşo	NOUN
hotan	NOUN
hotif	NOUN
hov	INTJ,NOUN,VERB
hovdir	VERB
hovdira	VERB
hovdirat	VERB
hovhov	VERB
hovhovla	VERB
hovla	VERB
hovli	NOUN
hovli-joy	NOUN
hovliq	NOUN,VERB
hovliqiş	VERB
hovliqma	NOUN
hovliqmaci	NOUN
hovliqmalik	NOUN
hovliqtir	VERB
hovonca	NOUN
hovr	NOUN
hovri	NOUN
hovriq	VERB
hovuc	NOUN,VERB
hovucla	VERB
hovuclan	VERB
hovulla	VERB
hovur	NOUN,VERB
hovurlan	VERB
hovuz	NOUN
hovva	NOUN
hoy	INTJ,NOUN,VERB
hoyhoy	VERB
hoyhoyla	VERB
hoyhoylaş	VERB
hoyhuy	VERB
hoyhuyla	VERB
hoyilla	VERB
hoyillat	VERB
hoynahoy	NOUN,PRT
hoz	NOUN
hoziq	NOUN
hozir	ADJ,ADV,NOUN,VERB
hozir-unozir	ADJ
hozira	NOUN
hozirca	ADV,NOUN
hozircalik	NOUN
hozirdan	ADV
hozirgaca	ADV
hozirgi	ADJ
hozirjavob	ADJ,NOUN
hozirjavoblik	NOUN
hozirla	VERB
hozirlan	VERB
hozirlat	VERB
hozirlaş	VERB
hozirlik	NOUN
hoşeya	NOUN
hoşim	NOUN
hoşimali	NOUN
hoşimxoja	NOUN
hoşirboy	NOUN
hoşiya	NOUN,VERB
hoşiyala	VERB
hoşiyalan	VERB
hoşur	NOUN
hramov	NOUN
hramova	NOUN
hrant	NOUN
hrekov	NOUN
hrekova	NOUN
hristinivka	NOUN
hristo	NOUN
hromadzic	NOUN
hrunov	NOUN
hrunova	NOUN
hrustanovic	NOUN
hu	INTJ,NOUN
hubbim	NOUN
hubbimjon	NOUN
hubbimtoş	NOUN
hubbiniso	NOUN
hubbixon	NOUN
hubbonu	NOUN
hubbulmalik	NOUN
hubcehra	NOUN
hubic	NOUN
hubnigor	NOUN
huda-behuda	ADV
hudakov	NOUN
hudakova	NOUN
huday	NOUN
hudayci	NOUN
hudikov	NOUN
hudikova	NOUN
hudud	NOUN
hududlik	NOUN
huelva	NOUN
huesca	NOUN
huh	VERB
huhla	VERB
huhlat	VERB
huhu	VERB
huhula	VERB
huhulaş	VERB
hujatulla	NOUN
hujayra	NOUN
hujic	NOUN
hujjat	NOUN,VERB
hujjatali	NOUN
hujjatci	NOUN
hujjatcilik	NOUN
hujjati	NOUN
hujjatla	VERB
hujjatlat	VERB
hujjatlaş	VERB
hujjatlaştir	VERB
hujra	ADJ,NOUN
hujrabazm	NOUN
hujradoş	NOUN
hujum	NOUN
hujuma	NOUN
hujumci	NOUN
hujumkor	NOUN
hujumkorlik	NOUN
hukamo	NOUN
hukm	NOUN
hukmdor	NOUN
hukmdorlik	NOUN
hukmfarmo	NOUN
hukmi	NOUN
hukmikuş	NOUN
hukminiso	NOUN
hukmnoma	NOUN
hukmron	NOUN
hukmronlik	NOUN
hukum	NOUN
hukumat	ADJ,NOUN
hukumniso	NOUN
hukumxon	NOUN
hulagu	NOUN
huljic	NOUN
hulkar	NOUN
hulkara	NOUN
hulkarboy	NOUN
hulkaroy	NOUN
hulla	NOUN
hulva	NOUN
humayra	NOUN
humayro	NOUN
humeyni	NOUN
humo	NOUN
humogul	NOUN
humom	NOUN
humomiddin	NOUN
humoqul	NOUN
humorbek	NOUN
humoy	NOUN
humoyiddin	NOUN
humoyun	NOUN
hunar	NOUN
hunarbu	NOUN
hunarmand	NOUN
hunarmandcilik	NOUN
hunarmandlik	NOUN
huqna	NOUN
huqqa	NOUN
huqqaboz	NOUN
huqqabozlik	NOUN
huqqi	NOUN
huquq	NOUN,VERB
huquqbuzar	NOUN
huquqbuzarlik	NOUN
huquqli	NOUN
huquqlilik	NOUN
huquqsiz	NOUN,VERB
huquqsizla	VERB
huquqsizlan	VERB
huquqsizlik	NOUN
huquqşunos	NOUN
huquqşunoslik	NOUN
hur	NOUN,VERB
hurali	NOUN
hurbatulla	NOUN
hurbeka	NOUN
hurbibi	NOUN
hurbibiş	NOUN
hurbika	NOUN
hurbiya	NOUN
hurboy	NOUN
hurbuvi	NOUN
hurcehra	NOUN
hureyre	NOUN
hurgul	NOUN
huri	NOUN
hurijamol	NOUN
huriniso	NOUN
hurixon	NOUN
huriya	NOUN
hurizod	NOUN
huriş	VERB
hurjahon	NOUN
hurjamol	NOUN
hurjon	NOUN
hurk	ADJ,NOUN,VERB
hurka	NOUN
hurkagic	NOUN
hurkak	NOUN
hurki	VERB
hurkin	VERB
hurkit	VERB
hurkittir	VERB
hurko	NOUN
hurkongic	NOUN
hurkovuc	ADJ,NOUN
hurli	NOUN
hurliboy	NOUN
hurlik	NOUN
hurliman	NOUN
hurliqo	NOUN
hurliqobonu	NOUN
hurmamat	NOUN
hurmat	ADJ,NOUN,VERB
hurmatbu	NOUN
hurmatbuvi	NOUN
hurmatla	VERB
hurmatlan	VERB
hurmatlaş	VERB
hurmatli	ADJ
hurmatlik	NOUN
hurmatoy	NOUN
hurmatsiz	ADJ,NOUN,VERB
hurmatsizla	VERB
hurmatsizlan	VERB
hurmatsizlik	NOUN
hurmatulla	NOUN
hurmatxoja	NOUN
hurmatxon	NOUN
hurmuz	NOUN
hurnabot	NOUN
hurnisa	NOUN
huron	NOUN
hurpak	NOUN
hurpari	NOUN
hurpay	VERB
hurpayiş	VERB
hurpaytir	VERB
hurpoşşa	NOUN
hurqozi	NOUN
hurqul	NOUN
hurquz	NOUN
hurr	NOUN
hurriyat	NOUN
hurriyatci	NOUN
hursadaf	NOUN
hursanam	NOUN
hursulton	NOUN
hurtic	NOUN
hurtoji	NOUN
hurulla	NOUN
hurun	NOUN
hurvali	NOUN
hurxon	NOUN
hurzamon	NOUN
hurziya	NOUN
hurzod	NOUN
hurzoda	NOUN
hurşida	NOUN
husan	NOUN
husanali	NOUN
husanca	NOUN
husanjon	NOUN
husanovic	NOUN
husanqozi	NOUN
husanqul	NOUN
husayin	NOUN
husayn	NOUN
husaynali	NOUN
husaynmurod	NOUN
husaynniyoz	NOUN
husaynqul	NOUN
husen	NOUN
huseyinovic	NOUN
husic	NOUN
huskic	NOUN
husn	ADJ,NOUN
husnbuzar	NOUN
husndor	ADJ
husni	NOUN
husnibonu	NOUN
husnida	NOUN
husniddin	NOUN
husnigul	NOUN
husnijamol	NOUN
husnikamol	NOUN
husnimardon	NOUN
husniobod	NOUN
husnioy	NOUN
husniqul	NOUN
husnixat	NOUN
husniya	NOUN
husniyabonu	NOUN
husniyor	NOUN
husniyoxon	NOUN
husnli	ADJ
husnnora	NOUN
husnobod	NOUN
husnora	NOUN
husnulla	NOUN
husom	NOUN
huv	INTJ,VERB
huvaydo	NOUN
huvhuv	VERB
huvhuvla	VERB
huvla	VERB
huvulla	VERB
huvullat	VERB
huythuyt	VERB
huythuytla	VERB
huyya	NOUN
huzeyme	NOUN
huzn	NOUN
huzur	ADJ,NOUN,VERB
huzurlan	VERB
huzurlantir	VERB
huzurlaş	VERB
huzurxon	NOUN
huzystan	NOUN
huş	ADJ,ADV,NOUN,VERB
huşboy	ADJ
huşkeldi	NOUN
huşli	ADJ
huşnoza	NOUN
huşroy	NOUN
huşsiz	ADV,NOUN,VERB
huşsizlan	VERB
huşsizlantir	VERB
huşsizlarca	ADV
huşsizlik	NOUN
huşt	NOUN
huştak	NOUN
huştakboz	NOUN
huşvaqt	NOUN
huşyor	NOUN,VERB
huşyorlan	VERB
huşyorlantir	VERB
huşyorlik	NOUN
huşyorxona	NOUN
i	INTJ
iankulesku	NOUN
iata	NOUN
ibbotson	NOUN
iblis	ADV,NOUN,VERB
iblislaş	VERB
iblislik	NOUN
iblisona	ADV
ibn	NOUN
ibniabad	NOUN
ibniali	NOUN
ibniamin	NOUN
ibniislom	NOUN
ibnisoat	NOUN
ibniumar	NOUN
ibniyamin	NOUN
ibo	ADJ,NOUN
ibobat	NOUN
ibobuvi	NOUN
iboca	NOUN
ibod	NOUN
iboda	NOUN
ibodali	NOUN
ibodat	NOUN
ibodatgoh	NOUN
ibodatxona	NOUN
iboddin	NOUN
ibodiddin	NOUN
ibodulla	NOUN
ibodullayev	NOUN
ibodullayeva	NOUN
ibodxoja	NOUN
ibogul	NOUN
iboli	ADJ
iboqul	NOUN
ibora	NOUN
iborat	NOUN,PRT
ibosiz	NOUN
ibosizlik	NOUN
ibragimov	NOUN
ibragimova	NOUN
ibrahimov	NOUN
ibrahimova	NOUN
ibrahimovic	NOUN
ibrahimpasic	NOUN
ibraimov	NOUN
ibraimova	NOUN
ibrat	NOUN
ibratbek	NOUN
ibratmirza	NOUN
ibray	NOUN
ibrayev	NOUN
ibrayeva	NOUN
ibriy	NOUN
ibrohim	NOUN
ibrohimca	NOUN
ibrohimmirza	NOUN
ibrohimota	NOUN
ibrohimqul	NOUN
ibrohimxalil	NOUN
ibrohimxoja	NOUN
ibroniy	NOUN
ibtido	ADJ,NOUN
ibtidoiy	ADJ
ic	ADJ,NOUN,VERB
icak	NOUN
icakuzdi	ADJ
icao	NOUN
icburug	NOUN
ici	X
icida	ADV,AUX
icim	NOUN
icimlik	NOUN
iciş	ADJ
icişli	ADJ
ickari	NOUN,VERB
ickarila	VERB
ickarilik	NOUN
icketar	NOUN
icki	ADJ
ickilik	NOUN
ickilikboz	NOUN
ickilikbozlik	NOUN
ickilikxona	NOUN
ickilikxor	NOUN
ickilikxorlik	NOUN
ickuyov	NOUN
icna	NOUN
icra	AUX
ictir	VERB
ictirgiz	VERB
ictiril	VERB
icty	NOUN
icuv	NOUN
icuvci	NOUN
icuvcilik	NOUN
icyoqmas	ADJ
idaho	NOUN
iddao	NOUN
iddaoci	NOUN
ideal	ADJ,VERB
idealist	NOUN
idealizm	NOUN
ideallaş	VERB
ideallaştir	VERB
ideografiya	NOUN
ideogramma	NOUN
ideolog	NOUN
ideologiya	NOUN
ideya	NOUN
ideyaviy	NOUN
ideyaviylik	NOUN
idi	NOUN
idibek	NOUN
idigul	NOUN
idikut	NOUN
idil	NOUN
idimuhammad	NOUN
idioma	NOUN
idiomatika	NOUN
idiomatizm	NOUN
idiş	NOUN
idişqaytti	NOUN
idişqovoq	NOUN
idora	NOUN
idoraci	NOUN
idoracilik	NOUN
idra	VERB
idrak	NOUN
idris	NOUN
idrisali	NOUN
idrismirza	NOUN
idrisov	NOUN
idrisova	NOUN
idrisqul	NOUN
idrisxon	NOUN
idrok	NOUN
idrokli	NOUN
idroklilik	NOUN
idroksiz	NOUN
idroksizlik	NOUN
ie	INTJ
ievoy	INTJ
if	NOUN
iffar	NOUN
iffat	NOUN
iffatbibi	NOUN
iffatbonu	NOUN
iffatjamol	NOUN
iffatoy	NOUN
iffatulla	NOUN
iflos	NOUN,VERB
iflosla	VERB
ifloslan	VERB
ifloslantir	VERB
ifloslaş	VERB
ifloslik	NOUN
ifo	NOUN
ifoda	NOUN,VERB
ifodaci	NOUN
ifodala	VERB
ifodalan	VERB
ifodali	NOUN
ifodalilik	NOUN
ifodalo	NOUN
ifodalovci	NOUN
ifodaviy	NOUN
ifodaviylik	NOUN
ifofat	NOUN
ifogat	NOUN
ifor	NOUN
ifora	NOUN
iforzada	NOUN
iforzoda	NOUN
ifrat	NOUN
ifrog	NOUN
ifrot	NOUN
iftiro	NOUN
iftixor	NOUN,VERB
iftixoriddin	NOUN
iftixorlan	VERB
iftor	NOUN,VERB
iftorlan	VERB
iftorlik	NOUN
ifşo	NOUN
igali johil	VERB
igali johillaş	VERB
igid	NOUN
igir	NOUN
igna	ADJ,NOUN,VERB
ignabarg	NOUN
ignaci	NOUN
ignala	VERB
ignali	ADJ
ignaterapiya	NOUN
ignatov	NOUN
ignatova	NOUN
ignjatovic	NOUN
igor	NOUN
igorev	NOUN
igrek	NOUN
iguana	NOUN
igvo	ADJ,NOUN
igvoci	NOUN
igvogar	ADJ,NOUN
igvogarlik	NOUN
ihih	VERB
ihihla	VERB
ihlosbek	NOUN
ihonat	NOUN
ihonbek	NOUN
ihota	NOUN,VERB
ihotala	VERB
ihotala\n	VERB
ihra	NOUN,VERB
ihran	VERB
ihraş	VERB
ihrom	NOUN
iigil	NOUN
iiv	NOUN
ijara	NOUN
ijaraci	NOUN
ijiki	VERB
ijikila	VERB
ijikilaş	VERB
ijirga	VERB
ijirgalan	VERB
ijirgan	VERB
ijobat	NOUN
ijobiy	ADJ
ijod	ADJ,ADV,NOUN
ijodci	NOUN
ijodcilik	NOUN
ijodiy	ADJ,NOUN
ijodiyot	NOUN
ijodkor	ADV,NOUN
ijodkorlik	NOUN
ijodkorona	ADV
ijodxona	NOUN
ijora	NOUN
ijoz	NOUN
ijozali	NOUN
ijozat	NOUN
ijozatnoma	NOUN
ijro	NOUN
ijroci	NOUN
ijroiya	NOUN
ijrokom	NOUN
ijroqom	NOUN
ijtihod	NOUN
ijtimoiy	ADJ,NOUN,VERB
ijtimoiylaş	VERB
ijtimoiylaştir	VERB
ijtimoyyot	NOUN
ijton	NOUN
ikanovic	NOUN
ikavonic	NOUN
ikk	VERB
ikki	NOUN,NUM,VERB
ikkiala	NUM
ikkida	NUM
ikkidaman	NUM
ikkidan	NUM
ikkiga	NUM
ikkilab	NUM
ikkilamci	NUM
ikkilan	VERB
ikkilantir	VERB
ikkilarca	NUM
ikkilik	NOUN
ikkinci	NUM
ikkini	NUM
ikkining	NUM
ikkiqat	NOUN
ikkiqatlik	NOUN
ikkita	NUM
ikkitaca	NUM
ikkitadan	NUM
ikkitomonlama	NOUN
ikkitomonlamalik	NOUN
ikkiyuzlama	NOUN
ikkiyuzlamac	NOUN
ikkiyuzlamaci	ADJ,NOUN
ikkiyuzlamacili	NOUN
ikkiyuzlamacilik	NOUN
ikkiyuzlamalik	NOUN
ikkov	VERB
ikkovlaş	VERB
ikmol	NOUN
ikona	NOUN
ikonic	NOUN
ikra	NOUN
ikrom	NOUN
ikroma	NOUN
ikromali	NOUN
ikrombuviş	NOUN
ikromca	NOUN
ikromiddin	NOUN
ikromlu	NOUN
ikrommirza	NOUN
ikromoy	NOUN
ikromxoja	NOUN
ikromxon	NOUN
iks	NOUN
iktisod	NOUN
iktisodci	NOUN
il	NOUN,VERB
ilak	VERB
ilakiş	VERB
ilaktir	VERB
ilalabad	ADV
ilamji	NOUN
ilang	VERB
ilang-bilang	ADJ
ilangla	VERB
ilas-ilas	ADV
ilasov	NOUN
ilasova	NOUN
ilaş	NOUN,VERB
ilaşqoq	NOUN
ilaşqoqlik	NOUN
ilaşqul	NOUN
ilaştir	VERB
ilaştiril	VERB
ilaşxon	NOUN
ilbav	NOUN
ilcenko	NOUN
ildam	ADJ,NOUN,VERB
ildamla	VERB
ildamlan	VERB
ildamlaş	VERB
ildamlaştir	VERB
ildamlik	NOUN
ildir	VERB
ildiril	VERB
ildirim	NOUN
ildirtir	VERB
ildiz	NOUN,VERB
ildizla	VERB
ildizlan	VERB
ildizlat	VERB
ildizmeva	NOUN
ildizpoya	NOUN
ilgak	NOUN,VERB
ilgakla	VERB
ilgari	ADV,AUX,VERB
ilgarida	ADV
ilgaridan	ADV
ilgarigi	ADV
ilgarigiday	ADV
ilgarigidek	ADV
ilgarila	VERB
ilgarilan	VERB
ilgarilari	ADV
ilgarilat	VERB
ilgarilaş	VERB
ilgarilaştir	VERB
ilgi	NOUN
ilgic	NOUN
ilgizar	NOUN
ilgor	NOUN
ilgorlik	NOUN
ilhaq	NOUN,VERB
ilhaqla	VERB
ilhaqlan	VERB
ilhom	NOUN,VERB
ilhoma	NOUN
ilhomali	NOUN
ilhomci	NOUN
ilhomiddin	NOUN
ilhomiya	NOUN
ilhomjon	NOUN
ilhomkor	NOUN
ilhomlan	VERB
ilhommirza	NOUN
ilhomxoja	NOUN
ili	ADJ,NOUN,VERB
ilic	NOUN
iliesku	NOUN
ilig	NOUN
iliglik	NOUN
ilija	NOUN
ilik	NOUN
ilikhandar	NOUN
iliklik	NOUN
ilikos	NOUN
ilikuzdi	ADJ
ililik	NOUN
ilim	NOUN
ilimbek	NOUN
ilimbeka	NOUN
ilimdor	NOUN
ilin	NOUN,VERB
ilincic	NOUN
ilinj	NOUN
ilintir	VERB
iliopolos	NOUN
iliq	ADJ,NOUN,VERB
iliqiş	VERB
iliqla	VERB
iliqlan	VERB
iliqlaş	VERB
iliqlik	NOUN
iliqtir	VERB
ilit	VERB
ilittir	VERB
ilittiril	VERB
iliyasevic	NOUN
iliş	VERB
iljay	VERB
iljayiş	VERB
iljayt	VERB
iljira	VERB
iljirat	VERB
ilk	ADJ
ilkil	VERB
ilkilla	VERB
ilkin	NOUN
illarionov	NOUN
illarionova	NOUN
illat	NOUN
ille	NOUN
illinois	NOUN
illinoys	NOUN
illintsi	NOUN
illyuminator	NOUN
illyuminatsiya	NOUN
illyustrator	NOUN
illyustratsiya	NOUN
illyuzionizm	NOUN
illyuziya	NOUN
ilm	ADJ,NOUN
ilma	NOUN
ilma-teşik	ADJ
ilmgoh	NOUN
ilmi	NOUN
ilmiddin	NOUN
ilmihayot	NOUN
ilmijahon	NOUN
ilmijamol	NOUN
ilmijon	NOUN
ilmikamol	NOUN
ilminiso	NOUN
ilminoz	NOUN
ilminoza	NOUN
ilminskaya	NOUN
ilminski	NOUN
ilminur	NOUN
ilmira	NOUN
ilmirahim	NOUN
ilmirahmon	NOUN
ilmisuluv	NOUN
ilmiy	ADJ
ilmiya	NOUN
ilmiyat	NOUN
ilmiyazdon	NOUN
ilmiyor	NOUN
ilmo	NOUN
ilmoq	NOUN
ilmora	NOUN
ilmsiz	NOUN
ilmsizlik	NOUN
ilmulla	NOUN
iloh	NOUN
iloha	NOUN
ilohbaxş	NOUN
ilohdod	NOUN
ilohi	NOUN
ilohiy	NOUN
ilohiyot	NOUN
ilohyor	NOUN
iloj	ADJ,NOUN
ilojboy	NOUN
ilojiddin	NOUN
ilojlik	NOUN
ilojsiz	NOUN
ilojsizlik	NOUN
ilojsizlikdan	ADV
ilon	ADV,NOUN
ilonbaliq	NOUN
ilonboş	NOUN
iloncirmovuq	NOUN
iloncup	NOUN
ilonday	ADV
ilonkuyruk	NOUN
ilonli	NOUN
ilonpiyoz	NOUN
ilontili	NOUN
ilonut	NOUN
iloq	NOUN
ilova	NOUN
ilovaysk	NOUN
iloxa	NOUN
iloyim	NOUN
iltifot	NOUN
iltifotsiz	NOUN
iltifotsizlik	NOUN
iltijo	NOUN
iltijoxon	NOUN
iltimos	NOUN
iltimosci	NOUN
iltimosnoma	NOUN
ilvasin	NOUN
ilvirs	NOUN
ilya	NOUN
ilyasov	NOUN
ilyasova	NOUN
ilyenko	NOUN
ilyic	NOUN
ilyos	NOUN
ilyosali	NOUN
ilyosiddin	NOUN
ilyosqul	NOUN
ilyosxoja	NOUN
ilyosxon	NOUN
imamovic	NOUN
imdod	NOUN
imdodulla	NOUN
imf	NOUN
imi-jimida	ADV
imidimi	NOUN
imin	NOUN
imkon	ADJ,NOUN
imkoniyat	NOUN
imkonsiz	ADJ
imlo	ADJ,NOUN
imloviy	ADJ
immanent	NOUN
immanentlik	NOUN
immersiya	NOUN
immigrant	NOUN
immigratsiya	NOUN
immunitet	NOUN
immunologiya	NOUN
imo	NOUN,VERB
imo-işora	NOUN
imod	NOUN
imodali	NOUN
imodiddin	NOUN
imodulla	NOUN
imola	VERB
imolaş	VERB
imoldin	NOUN
imom	NOUN
imomali	NOUN
imomat	NOUN
imomatcilik	NOUN
imombaxş	NOUN
imombek	NOUN
imomberdi	NOUN
imombergan	NOUN
imomboy	NOUN
imomca	NOUN
imomgarcilik	NOUN
imomiddin	NOUN
imomlik	NOUN
imommirza	NOUN
imommuhammad	NOUN
imommurod	NOUN
imomnafas	NOUN
imomnazar	NOUN
imomniyoz	NOUN
imomqul	NOUN
imomrasul	NOUN
imomsaid	NOUN
imomxoja	NOUN
imomxol	NOUN
imomyor	NOUN
imomzoda	NOUN
imon	NOUN
imona	NOUN
imonali	NOUN
imonberdi	NOUN
imonboy	NOUN
imonkeldi	NOUN
imonqul	NOUN
imontilla	NOUN
imorat	NOUN
imoratbon	NOUN
imoratsoz	NOUN
imperator	NOUN
imperia	NOUN
imperialist	ADJ,NOUN
imperialistik	ADJ
imperializm	NOUN
imperiya	NOUN
import	NOUN
impotensiya	NOUN
improvizator	NOUN
improvizatsiya	NOUN
impuls	NOUN
imran	NOUN
imroh	NOUN
imron	NOUN
imrona	NOUN
imronbek	NOUN
imronşoh	NOUN
imsirevic	NOUN
imtihon	NOUN
imtiyoz	NOUN
imvic	NOUN
imyamin	NOUN
imzo	NOUN
in	NOUN,VERB
inakulesku	NOUN
inamov	NOUN
inamova	NOUN
inar	NOUN
inarkeldi	NOUN
incic	NOUN
indamas	ADJ
indamasdan	ADV
indeks	NOUN
indiana	NOUN
indikator	NOUN
indin	ADV,NOUN
indinda	ADV
indindan	ADV
indinga	ADV
indira	NOUN
individual	NOUN
individualizm	NOUN
individuallik	NOUN
indo	NOUN
indocina	NOUN
indonez	NOUN
indoneziya	NOUN
indoneziyalik	NOUN
indov	NOUN
indovci	NOUN
indre	NOUN
induksion	NOUN
induksiya	NOUN
induktiv	NOUN
induktivlik	NOUN
industr	VERB
industrial	NOUN
industriya	NOUN,VERB
industriyalaş	VERB
industrlaş	VERB
industrlaştir	VERB
industrlaştiril	VERB
ineksiya	NOUN
inersiya	NOUN
inert	NOUN
inertlik	NOUN
infarkt	NOUN
infeksiya	NOUN
inflyasiya	NOUN
inflyatsiya	NOUN
informatika	NOUN
informatsiya	NOUN
infraqizil	NOUN
infratovuş	NOUN
infratovuşlar	NOUN
infratuzilma	NOUN
infuzoriya	NOUN
ing	NOUN,VERB
ing-ing	IMIT
inga	NOUN,VERB
inga-inga	IMIT
ingala	VERB
ingerson	NOUN
ingicka	NOUN,VERB
ingickala	VERB
ingickalan	VERB
ingickalaş	VERB
ingickalaştir	VERB
ingickalik	NOUN
ingiliz	NOUN
ingilla	VERB
ingillalyuq	NOUN
ingillaş	VERB
ingliz	NOUN,VERB
inglizca	VERB
inglizcala	VERB
ingra	VERB
ingran	VERB
ingrantir	VERB
ingrat	VERB
ingraş	VERB
inguşetiya	NOUN
ini	NOUN
inikos	NOUN
inimca	NOUN
inimcaxon	NOUN
inja	NOUN,VERB
injagul	NOUN
injala	VERB
injalaş	VERB
injener	NOUN
injenerlik	NOUN
inji	NOUN,VERB
injil	NOUN,VERB
injiq	NOUN,VERB
injiqlan	VERB
injiqlaş	VERB
injiqlik	NOUN
injit	VERB
inju	NOUN
injubeka	NOUN
inkassator	NOUN
inkişof	NOUN
inkor	NOUN
inkoroy	NOUN
inkubator	NOUN
inkubatorxona	NOUN
inkubatsiya	NOUN
inkvizitor	NOUN
inkvizitsiya	NOUN
inla	VERB
inlat	VERB
inna	NOUN
innana	NOUN
innaykeyin	NOUN
innovatsiya	NOUN
innsbruck	NOUN
inob	NOUN
inobat	NOUN
inobiddin	NOUN
inobxon	NOUN
inod	NOUN
inogom	NOUN
inok	NOUN
inoklik	NOUN
inol	NOUN
inom	NOUN
inoma	NOUN
inomali	NOUN
inomiddin	NOUN
inomjon	NOUN
inommirza	NOUN
inommuhammad	NOUN
inomnazar	NOUN
inomnoma	NOUN
inomqul	NOUN
inomtora	NOUN
inomulla	NOUN
inomxon	NOUN
inon	NOUN,VERB
inonc	NOUN
inoniş	VERB
inonjon	NOUN
inontir	VERB
inonu	NOUN
inonuvcan	NOUN
inonuvcanlik	NOUN
inoq	NOUN,VERB
inoqlaş	VERB
inoqlik	NOUN
inoqmirza	NOUN
inoyat	NOUN
inoyatali	NOUN
inoyatbibi	NOUN
inoyatnoma	NOUN
inoyatqul	NOUN
inoyatrasul	NOUN
inoyatulla	NOUN
inoyatxol	NOUN
inq	VERB
inqilla	VERB
inqillat	VERB
inqilob	ADJ,NOUN,VERB
inqilobci	NOUN
inqilobiy	ADJ,VERB
inqilobiya	NOUN
inqilobiylaş	VERB
inqilobiylaştir	VERB
inqilobiylaştiril	VERB
inqiroz	NOUN
inqiyod	NOUN
insof	ADJ,NOUN
insofali	NOUN
insofboy	NOUN
insofgarcilik	NOUN
insofiddin	NOUN
insofli	ADJ
insoflik	NOUN
insofsiz	ADJ,NOUN
insofsizlik	NOUN
inson	ADJ,NOUN,VERB
insongar	NOUN
insongarcilik\	NOUN
insoniy	ADJ,NOUN,VERB
insoniyat	NOUN
insoniylaş	VERB
insoniylaştir	VERB
insoniylik	NOUN
insonlik	NOUN
insonparvar	ADJ,NOUN
insonparvarlik	NOUN
insotaxon	NOUN
inspeksiya	NOUN
inspektor	NOUN
inspektorlik	NOUN
inssenirovka	NOUN
inssenirovkaci	NOUN
instinkt	NOUN
institut	NOUN
instituti	NOUN
instruksiya	NOUN
instruktaj	NOUN
instruktor	NOUN
instruktorlik	NOUN
instrumental	NOUN
insulin	NOUN
insult	NOUN
integral	NOUN,VERB
integralla	VERB
integrallo	NOUN
integrallovci	NOUN
integratsiya	NOUN,VERB
integratsiyala	VERB
intellekt	NOUN
intellektual	ADJ,NOUN
intelligensiya	NOUN
intelligent	NOUN
intelligentlik	NOUN
intendant	NOUN
intendantlik	NOUN
intensiv	NOUN,VERB
intensivlaş	VERB
intensivlaştir	VERB
intensivlaştiril	VERB
intensivlik	NOUN
inter	NOUN
interfaks	NOUN
interlingvistika	NOUN
intermediya	NOUN
internat	NOUN
international	NOUN
internatsional	NOUN,VERB
internatsionalci	NOUN
internatsionalcilik	NOUN
internatsionalist	NOUN
internatsionalistin	NOUN
internatsionalizatsiya	NOUN
internatsionalizm	NOUN
internatsionallaş	VERB
internatsionallaştir	VERB
internazionale	NOUN
internet	NOUN,VERB
internetlaş	VERB
internetlaştir	VERB
interneyşnl	NOUN
interpol	NOUN
interpolyatsiya	NOUN
interpolyatsiyalo	NOUN
interpolyatsiyalovci	NOUN
interval	NOUN
intervensiya	NOUN
intervensiyaci	NOUN
intervensiyacilik	NOUN
intervensiyami	NOUN
intervent	NOUN
interventsiya	NOUN
interventsiyalik	NOUN
intervokal	NOUN
intervyu	NOUN
intiboh	NOUN
intiho	NOUN
intil	VERB
intiliş	VERB
intiltir	VERB
intim	NOUN
intiq	NOUN,VERB
intiqjon	NOUN
intiqom	NOUN
intiqtir	VERB
intixob	NOUN
intixobci	NOUN
intizom	NOUN
intizomli	NOUN
intizomlilik	NOUN
intizomsiz	NOUN
intizomsizlik	NOUN
intizor	NOUN
intizorlik	NOUN
intonatsion	NOUN
intonatsiya	NOUN
intriga	NOUN
intrigaci	NOUN
intuitsiya	NOUN
invalid	NOUN
invalidlik	NOUN
invalyd	NOUN
invalydlik	NOUN
inventar	NOUN,VERB
inventarizatsiya	NOUN
inventarla	VERB
inversiya	NOUN
inzko	NOUN
inşo	NOUN
inşoot	NOUN
ion	NOUN,VERB
iona	NOUN
ionesku	NOUN
ionizatsiya	NOUN
ionlan	VERB
ionlantir	VERB
ionlaş	VERB
ionlo	NOUN
ionlovci	NOUN
ionosfera	NOUN
ionov	NOUN
ionova	NOUN
iordaniya	NOUN
iorgulesku	NOUN
ios	NOUN
iov	NOUN
iova	NOUN
iowa	NOUN
ip	NOUN,VERB
ipak	NOUN,VERB
ipakci	NOUN
ipakcilik	NOUN
ipakfuruş	NOUN
ipakfuruşlik	NOUN
ipakgul	NOUN
ipaklaş	VERB
ipaklik	NOUN
ipaksuluv	NOUN
ipakxon	NOUN
ipca	NOUN
ipek	NOUN
iphone	NOUN
ipiltiriq	NOUN
ipla	VERB
iplan	VERB
ipor	NOUN
iporgul	NOUN
ipoteka	NOUN
ippodrom	NOUN
ipsic	NOUN
iq	NOUN,VERB
iqbol	NOUN
iqboliddin	NOUN
iqbolmirza	NOUN
iqboloy	NOUN
iqbolxoja	NOUN
iqdom	NOUN
iqlan	VERB
iqlim	NOUN,VERB
iqlima	NOUN
iqlimbibi	NOUN
iqlimbuviş	NOUN
iqlimiy-geografik	ADJ
iqlimlaş	VERB
iqlimlaştir	VERB
iqror	NOUN,VERB
iqroriddin	NOUN
iqrorlan	VERB
iqta	NOUN
iqtido	NOUN
iqtidor	ADJ,NOUN
iqtidorli	ADJ
iqtisod	ADJ,NOUN
iqtisodiy	ADJ,NOUN
iqtisodiyot	NOUN
ir	NOUN,VERB
irdin	NOUN
irga	NOUN,VERB
irgal	VERB
irgam	NOUN
irgamciq	NOUN
irgan	VERB
irgaqli	NOUN
irgay	NOUN
irgayzor	NOUN
irgi	NOUN,VERB
irgit	NOUN,VERB
irgitiş	VERB
irgitma	NOUN
irgitmacoq	NOUN
irgittir	VERB
irgituvci	NOUN
irgiş	VERB
irgişla	VERB
irgişlat	VERB
iri	VERB
irilla	VERB
irillat	VERB
irillaş	VERB
irim	NOUN
irimci	NOUN
irimesku	NOUN
irimiga	ADV
irina	NOUN
iris	NOUN
irisa	NOUN
irisali	NOUN
irisbeka	NOUN
irisbibi	NOUN
irisboy	NOUN
irisbu	NOUN
irisbuvi	NOUN
irisdavlat	NOUN
irisjon	NOUN
irisli	NOUN
irismat	NOUN
irismurod	NOUN
irisoy	NOUN
irisqul	NOUN
iristoy	NOUN
irisxoja	NOUN
irisxol	NOUN
irit	VERB
irjay	VERB
irjayiş	VERB
irjaytir	VERB
irk	VERB
irkil	VERB
irkilla	VERB
irkit	ADJ
irkutsk	NOUN
irlandiya	NOUN
irmoq	NOUN
iroda	ADJ,NOUN
irodali	ADJ
irodasiz	ADJ,NOUN
irodasizlik	NOUN
irodat	NOUN
irok	NOUN
ironiya	NOUN
iroq	NOUN
iroqboy	NOUN
iroqjn	NOUN
iroqlik	NOUN
irpin	NOUN
irq	NOUN
irqci	NOUN
irqcilik	NOUN
irr	IMIT
irratsional	NOUN
irratsionallik	NOUN
irreal	NOUN
irregulyar	NOUN
irrigator	NOUN
irrigatsiya	NOUN
irsiy	NOUN
irsiyat	NOUN
irvay	VERB
irvaytir	VERB
irvot	NOUN
irşansk	NOUN
irşava	NOUN
irşay	VERB
irşod	NOUN
irşxitir	NOUN
is	NOUN,VERB
isaakovna	NOUN
isacenko	NOUN
isalmov	NOUN
isalmova	NOUN
isancenko	NOUN
isaresku	NOUN
isayev	NOUN
isayeva	NOUN
isbot	NOUN,VERB
isbotla	VERB
isbotlan	VERB
isbotlaş	VERB
isciroq	NOUN
isernia	NOUN
isfahon	NOUN
isfan	NOUN
isfandiyor	NOUN
isfarak	NOUN
isfaxon	NOUN
isfihon	NOUN
ishoq	NOUN
ishoqali	NOUN
ishoqjon	NOUN
ishoqnazar	NOUN
ishoqqul	NOUN
ishoqtora	NOUN
ishoqxoja	NOUN
isi	NOUN,VERB
isin	VERB
isiniş	VERB
isintir	VERB
isirga	NOUN
isiriq	NOUN
isiriqci	NOUN
isiriqcilik	NOUN
isiriqdon	NOUN
isiriqzor	NOUN
isit	NOUN,VERB
isitil	VERB
isitkic	NOUN
isitma	NOUN,VERB
isitmala	VERB
isiş	VERB
iska	VERB
iskabtopar	NOUN
iskala	VERB
iskalan	VERB
iskana	NOUN,VERB
iskanala	VERB
iskandar	NOUN
iskandarbek	NOUN
iskandarqul	NOUN
iskandarşo	NOUN
iskanja	NOUN
iskar	NOUN
iskariyot	NOUN
iskart	NOUN
iskat	VERB
iskattir	VERB
iskaş	VERB
iskendariya	NOUN
iskenderun	NOUN
isko	ADJ,NOUN
iskovuc	ADJ,NOUN
iskrami	NOUN
isla	VERB
islamov	NOUN
islamova	NOUN
islan	VERB
island	NOUN
islander	NOUN
islandiya	NOUN
islandiyalik	NOUN
islantir	VERB
islat	VERB
islik	NOUN
islimiddin	NOUN
islimiya	NOUN
isliq	NOUN
isloh	NOUN
islohci	NOUN
islohcilik	NOUN
islohot	NOUN
islohotci	NOUN
islohotcilik	NOUN
islom	NOUN
islomali	NOUN
islombek	NOUN
islomberdi	NOUN
islomboqi	NOUN
islomgozi	NOUN
islomhoji	NOUN
islomiddin	NOUN
islomiy	NOUN
islomiya	NOUN
islomiyat	NOUN
islomiyatci	NOUN
islommirza	NOUN
islommurod	NOUN
islomnur	NOUN
islomobod	NOUN
islomqul	NOUN
islomxoja	NOUN
islomxon	NOUN
islomşo	NOUN
islovot	NOUN
islovotci	NOUN
ism	NOUN,VERB
ismailagic	NOUN
ismailov	NOUN
ismailova	NOUN
ismailovic	NOUN
ismaloq	NOUN
isman	NOUN
ismanali	NOUN
ismanca	NOUN
ismandiyor	NOUN
ismanjon	NOUN
ismanqul	NOUN
ismat	NOUN
ismatmirza	NOUN
ismatqul	NOUN
ismatulla	NOUN
ismatyor	NOUN
ismdoş	NOUN
ismigul	NOUN
isminoz	NOUN
ismizar	NOUN
ismla	VERB
ismlan	VERB
ismlik	NOUN
ismoil	NOUN
ismoiljon	NOUN
ismoilqul	NOUN
ismoilxoja	NOUN
ismoilşo	NOUN
ismonxoja	NOUN
isnod	NOUN
iso	NOUN
isobat	NOUN
isoberdi	NOUN
isoboy	NOUN
isolat	NOUN
isom	NOUN
isoma	NOUN
isomamat	NOUN
isomat	NOUN
isomiddin	NOUN
isomuhammad	NOUN
isomurod	NOUN
isomxoja	NOUN
isomxon	NOUN
isonafas	NOUN
isoq	NOUN
isoqali	NOUN
isoqul	NOUN
isotilla	NOUN
isotoy	NOUN
isovic	NOUN
isoxoja	NOUN
isoxon	NOUN
isoyor	NOUN
ispan	NOUN,VERB
ispanca	VERB
ispancala	VERB
ispaniya	NOUN
ispaniyalik	NOUN
ispanya	NOUN
isparta	NOUN
ispolkom	NOUN
isqarlot	NOUN
isqirt	ADJ,NOUN,VERB
isqirtla	VERB
isqirtlan	VERB
isqirtlik	NOUN
isqot	NOUN
israil	NOUN
isre	NOUN
isrof	NOUN,VERB
isrofci	NOUN
isrofcilik	NOUN
isrofgar	NOUN
isrofgarci	NOUN
isrofgarcilik	NOUN
isrofgarlik	NOUN
isrofil	NOUN
isrofla	VERB
isroflan	VERB
isroil	NOUN
issakar	NOUN
issi	ADJ,NOUN,VERB
issiq	ADJ,NOUN,VERB
issiq-issiq	ADJ
issiq-sovuq	ADJ
issiqkol	NOUN
issiqla	VERB
issiqlan	VERB
issiqlantir	VERB
issiqlat	VERB
issiqlik	NOUN
issiqxona	NOUN
ist	VERB
ista	NOUN,VERB
istad	NOUN
istadoy	NOUN
istagan	ADV
istaganca	ADV
istagandek	ADV
istak	NOUN
istakboy	NOUN
istakgul	NOUN
istaklik	NOUN
istakoy	NOUN
istakxon	NOUN
istal	VERB
istam	NOUN
istamas	NOUN
istamboqi	NOUN
istamqul	NOUN
istamtoy	NOUN
istanbul	NOUN
istanbulspor	NOUN
istar	NOUN
istar-istamas	ADV
istara	NOUN
istaram	NOUN
istat	NOUN,VERB
istatil	VERB
istatoy	NOUN
istatpolat	NOUN
istattir	VERB
istatulla	NOUN
istaş	VERB
istedod	ADJ,NOUN
istedodli	ADJ
istefo	NOUN
istehkom	NOUN
istehsol	NOUN
istehsolot	NOUN
istehzo	NOUN,VERB
istehzola	VERB
istehzolan	VERB
istemol	NOUN
istemolci	NOUN
istemolcilik	NOUN
istibdod	NOUN
istibdodci	NOUN
istifoda	NOUN,VERB
istifodalan	VERB
istifsor	NOUN
istigfo	NOUN
istigfor	NOUN
istigno	NOUN
istignoci	NOUN
istilo	NOUN
istiloci	NOUN
istilocilik	NOUN
istiloh	NOUN
istilohot	NOUN
istilox	NOUN
istinod	NOUN
istinodgoh	NOUN
istinodgoh\	NOUN
istiora	NOUN
istiqbol	NOUN
istiqlol	NOUN
istiqomat	NOUN
istiqomatgoh	NOUN
istirohat	NOUN,VERB
istirohatgoh	NOUN
istirohatla	VERB
istirohatlan	VERB
istiroxat	NOUN
istisno	ADV,NOUN
istisqo	NOUN
istoda	NOUN
istora	NOUN
isttir	VERB
isxoq	NOUN
isyon	ADJ,NOUN
isyonci	NOUN
isyoncilik	NOUN
isyonkor	ADJ,NOUN
isyonkorlik	NOUN
it	NOUN,VERB
italgu	NOUN
italiya	NOUN
italiyalik	NOUN
italyan	NOUN
itar	VERB
itaril	VERB
itariş	VERB
itartir	VERB
itbaliq	NOUN
itboy	NOUN
itburun	NOUN
itci	NOUN
itcilik	NOUN
itemas	NOUN
itfel	NOUN
itfellik	NOUN
itgunafşa	NOUN
itjumrut	NOUN
itjuva	NOUN
itlan	VERB
itlik	NOUN
itmom	NOUN
itmurun	NOUN
itoat	ADJ,NOUN
itoatcan	ADJ
itoatgoy	NOUN
itoatgoylik	NOUN
itoatguy	ADJ
itoatkor	ADJ,NOUN
itoatkorlik	NOUN
itoatli	ADJ
itoatsiz	ADJ
itoatxon	NOUN
itob	NOUN
itogiz	NOUN
itolgi	NOUN
itolmas	NOUN
itpaşşa	NOUN
itqit	NOUN,VERB
itqittir	VERB
itqovun	NOUN
itqunoq	NOUN
ittifoq	NOUN,VERB
ittifoqan	NOUN
ittifoqci	NOUN
ittifoqcilar	NOUN
ittifoqcilararo	NOUN
ittifoqdoş	NOUN
ittifoqlaş	VERB
ittifoqlik	NOUN
ittifoqliq	NOUN
ittifoqo	ADV,NOUN
ittihod	NOUN
ittikanak	NOUN
ittovon	NOUN
itunes	NOUN
ituzum	NOUN
itvacca	NOUN
itxona	NOUN
ityoqa	NOUN
ivan	NOUN
ivancenkov	NOUN
ivancenkova	NOUN
ivancevic	NOUN
ivancic	NOUN
ivanenko	NOUN
ivanic	NOUN
ivanisevic	NOUN
ivanivka	NOUN
ivankiv	NOUN
ivankovic	NOUN
ivanopil	NOUN
ivanov	NOUN
ivanova	NOUN
ivanovic	NOUN
ivanovna	NOUN
ivanovskiy	NOUN
ivanyuşcenko	NOUN
ivasi	NOUN
ivaylo	NOUN
ivaz	NOUN
ivaşcenko	NOUN
ivesic	NOUN
ivezic	NOUN
ivi	NOUN,VERB
ivic	NOUN
ivica	NOUN
ivika	NOUN
ivindi	NOUN
iviq	NOUN
ivirsi	VERB
ivirsila	VERB
ivirsira	VERB
ivirsit	VERB
ivit	NOUN,VERB
ivitil	VERB
ivitki\	NOUN
ivitma	NOUN
ivitqi	NOUN
ivittir	VERB
ivittiril	VERB
iviş	VERB
ivkovic	NOUN
ivo	NOUN
ivosevic	NOUN
ivovic	NOUN
ixcala	VERB
ixcam	ADJ,NOUN,VERB
ixcamlan	VERB
ixcamlaş	VERB
ixcamlaştir	VERB
ixcamlaştiril	VERB
ixcamlik	NOUN
ixcamlo	NOUN
ixcamlovci	NOUN
ixlos	NOUN
ixlosa	NOUN
ixlosbonu	NOUN
ixlosiddin	NOUN
ixlosiya	NOUN
ixlosmand	NOUN
ixlosmandlik	NOUN
ixlosxoja	NOUN
ixlosxon	NOUN
ixroj	NOUN
ixtiloed	NOUN
ixtilof	NOUN
ixtilofci	NOUN
ixtilofli	NOUN
ixtiloflilik	NOUN
ixtilol	NOUN
ixtilolci	NOUN
ixtilot	NOUN
ixtio	NOUN
ixtiol	NOUN
ixtiolog	NOUN
ixtiologiya	NOUN
ixtiozavr	NOUN
ixtir	NOUN
ixtirci	NOUN
ixtircilik	NOUN
ixtiro	NOUN
ixtiroci	NOUN
ixtirocilik	NOUN
ixtiso	NOUN
ixtisos	NOUN,VERB
ixtisoslan	VERB
ixtisoslaş	VERB
ixtisoslaştir	VERB
ixtisoslaştiril	VERB
ixtisoslik	NOUN
ixtiyor	NOUN
ixtiyoriddin	NOUN
ixtiyoriy	NOUN
ixtiyoriylik	NOUN
ixtiyorxoja	NOUN
ixvat	NOUN
ixşid	NOUN
iy	NOUN,VERB
iya	INTJ,VERB
iyala	VERB
iyar	VERB
iyaril	VERB
iyart	VERB
iyartir	VERB
iyd	NOUN
iydir	VERB
iydiril	VERB
iydirt	VERB
iydirtir	VERB
iydlik	NOUN
iyeroglif	NOUN
iyhom	NOUN
iyindi	NOUN
iyiq	NOUN
iyla	VERB
iylan	VERB
iylat	VERB
iylaş	VERB
iyman	NOUN,VERB
iymanjon	NOUN
iymon	ADJ,NOUN
iymona	NOUN
iymonli	ADJ
iyosifov	NOUN
iyova	NOUN
iyq	NOUN
iyrigul	NOUN
iyrim	NOUN
iyrisuv	NOUN
iysin	VERB
iyul	NOUN
iyun	NOUN
iz	ADJ,NOUN,VERB
izaslav	NOUN
izbos	NOUN
izbosar	NOUN
izbosdi	NOUN
izboskan	NOUN
izbota	NOUN
izboy	NOUN
izci	NOUN
izcil	ADJ,NOUN
izcillik	NOUN
izdahom	NOUN
izdoş	NOUN
izen	NOUN
izgi	NOUN,VERB
izgin	NOUN
izgir	VERB
izgirtir	VERB
izgit	VERB
izhor	NOUN
izhoriddin	NOUN
izilla	VERB
izillat	VERB
izillaş	VERB
izla	NOUN,VERB
izlagic	NOUN
izlan	NOUN,VERB
izlanaver	VERB
izlanuvci	NOUN
izlat	VERB
izlattir	VERB
izlay	VERB
izlayver	VERB
izlaş	VERB
izlo	NOUN
izlovci	NOUN
izm	NOUN
izma	NOUN,VERB
izma-iz	ADV
izmala	VERB
izmayil	NOUN
izmaylov	NOUN
izmaylova	NOUN
izmir	NOUN
izmirspor	NOUN
izo	NOUN
izociziq	NOUN
izociziqlar	NOUN
izofa	NOUN
izofat	NOUN
izofaz	NOUN
izoh	NOUN,VERB
izohiddin	NOUN
izohla	VERB
izohlan	VERB
izohlo	NOUN
izohlovci	NOUN
izohot	NOUN
izohotci	NOUN
izolat	NOUN
izolyator	NOUN
izolyatorci	NOUN
izolyatsionizm	NOUN
izolyatsiya	NOUN,VERB
izolyatsiyala	VERB
izolyatsiyalan	VERB
izom	NOUN
izomer	NOUN
izomeriya	NOUN
izomerlar	NOUN
izomiddin	NOUN
izommirza	NOUN
izomorf	NOUN
izomorfizm	NOUN
izomqul	NOUN
izomxoja	NOUN
izora	NOUN
izoterma	NOUN
izotermalar	NOUN
izotop	NOUN
izotoplar	NOUN
izotrop	NOUN
izoxron	NOUN
izoxronizm	NOUN
izoxronlik	NOUN
iztirob	NOUN,VERB
iztirobla	VERB
iztiroblan	VERB
izum	NOUN
izvoş	NOUN
izvoşci	NOUN
izvoşik	NOUN
izvoşikci	NOUN
izzat	NOUN,VERB
izzatali	NOUN
izzatbanot	NOUN
izzatbegovic	NOUN
izzatbek	NOUN
izzatbeka	NOUN
izzatgul	NOUN
izzatjamol	NOUN
izzatjon	NOUN
izzatla	VERB
izzatlan	VERB
izzatmirza	NOUN
izzatov	NOUN
izzatova	NOUN
izzatoy	NOUN
izzattalab	ADJ
izzatulla	NOUN
izzatxoja	NOUN
izzatxon	NOUN
izzatşo	NOUN
izzetbegovic	NOUN
izzuddin	NOUN
iş	ADJ,INTJ,NOUN,VERB
işaya	NOUN
işbay	NOUN
işbilarmon	ADJ,NOUN
işbilarmonlik	NOUN
işboşi	NOUN
işboşilik	NOUN
işboşqar	NOUN
işboşqaruv	NOUN
işboşqaruvci	NOUN
işcan	ADJ,NOUN,VERB
işcanboy	NOUN
işcanlaş	VERB
işcanlik	NOUN
işcenko	NOUN
işci	NOUN
işgal	NOUN
işgir	NOUN
işgol	NOUN
işid	NOUN
işik	NOUN
işiq	NOUN
işir	NOUN
işkal	NOUN,VERB
işkalci	NOUN
işkalla	VERB
işkallaş	VERB
işkallik	NOUN
işkfnt	NOUN
işkom	NOUN
işla	VERB
işlabciqar	NOUN
işlan	VERB
işlat	VERB
işlatil	VERB
işlattir	VERB
işlay	VERB
işlayver	VERB
işlaş	VERB
işlov	NOUN
işon	ADJ,NOUN,VERB
işona	VERB
işonarli	ADJ
işonaver	VERB
işonc	NOUN
işoncli	ADJ
işonclik	NOUN
işoncsiz	NOUN
işoncsizlik	NOUN
işonil	VERB
işoniş	VERB
işonmas	NOUN
işonmaslik	NOUN
işonmovci	NOUN
işonmovcilik	NOUN
işonqira	VERB
işontir	VERB
işonuv	NOUN
işonuvcan	NOUN
işonuvcanlik	NOUN
işora	NOUN,VERB
işorala	VERB
işoralan	VERB
işorat	NOUN
işpec	NOUN
işq	NOUN
işqa	VERB
işqal	VERB
işqala	VERB
işqalan	VERB
işqalat	VERB
işqalaş	VERB
işqaliş	VERB
işqaş	VERB
işqiboz	NOUN
işqibozlik	NOUN
işqilib	PRT
işqir	VERB
işqirt	VERB
işqivoz	NOUN
işqivozlik	NOUN
işqiya	NOUN
işqor	NOUN,VERB
işqorla	VERB
işqorlan	VERB
işrat	NOUN
işratgoh	NOUN
işratxon	NOUN
işratxona	NOUN
işsiz	ADJ,NOUN,VERB
işsizla	VERB
işsizlik	NOUN
iştaha	NOUN,VERB
iştahalan	VERB
iştahalantir	VERB
iştahasiz	NOUN
iştahasizlik	NOUN
iştaxa	NOUN
iştiboh	NOUN
iştirok	NOUN
iştirokci	NOUN
iştirokiyun	NOUN
iştixon	NOUN
iştiyoq	ADJ,NOUN
iştiyoqli	ADJ
işton	NOUN
iştonbog	NOUN
iştoncang	NOUN
iştonsiz	NOUN
işva	NOUN
işvakor	NOUN
işxona	NOUN
işyoqmas	ADJ,NOUN
işyoqmaslik	NOUN
işyurituvci	NOUN
işşay	VERB
işşaytir	VERB
jaap	NOUN
jabarov	NOUN
jabarova	NOUN
jabazak	NOUN
jabbarov	NOUN
jabbarova	NOUN
jabbor	NOUN
jabborali	NOUN
jabborberdi	NOUN
jabborbergan	NOUN
jabbormirza	NOUN
jabborqul	NOUN
jabborsodiq	NOUN
jabborsolih	NOUN
jabborxon	NOUN
jabduq	NOUN
jabha	NOUN
jabin	NOUN
jabr	ADV,NOUN
jabra	NOUN
jabran	ADV
jabrdiyda	NOUN
jabrla	NOUN
jabrlan	NOUN
jabrlanuvci	NOUN
jabrlovci	NOUN
jabroil	NOUN
jabun	NOUN
jabxa	NOUN
jacic	NOUN
jacqes	NOUN
jacques	NOUN
jad	NOUN
jadal	ADJ,ADV,NOUN
jadalboy	NOUN
jadallik	NOUN
jadayam	ADV
jadid	NOUN
jadidcilik	NOUN
jadidizm	NOUN
jadra	NOUN
jadranka	NOUN
jadval	NOUN
jadyi	NOUN
jafar	NOUN
jafarali	NOUN
jafarqul	NOUN
jafarsodiq	NOUN
jaferovic	NOUN
jafo	ADJ,NOUN
jafokaş	ADJ,NOUN
jafokaşlik	NOUN
jafokor	ADJ,NOUN
jafokorlik	NOUN
jag	NOUN,VERB
jagalbay	NOUN
jagalboy	NOUN
jagaldir	NOUN
jagaldirik	NOUN
jagaloy	NOUN
jagilla	VERB
jagillat	VERB
jagir	VERB
jagirla	VERB
jagirlat	VERB
jagirlaş	VERB
jahaldirik	NOUN
jahannam	NOUN
jahazdir	NOUN
jahazdiriq	NOUN
jahd	NOUN
jahic	NOUN
jahl	ADJ,NOUN
jahldor	ADJ
jahllik	NOUN
jaholat	NOUN
jahon	ADJ,NOUN
jahonabegim	NOUN
jahonaro	NOUN
jahonbaxt	NOUN
jahonbaxş	NOUN
jahonbin	NOUN
jahonbon	NOUN
jahonbonu	NOUN
jahondagul	NOUN
jahondor	NOUN
jahongaşta	NOUN
jahongaştalik	NOUN
jahongir	NOUN
jahongirlik	NOUN
jahonniso	NOUN
jahonnur	NOUN
jahonoy	NOUN
jahonqul	NOUN
jahonsoz	NOUN
jahontoj	NOUN
jahonzeb	NOUN
jahonşo	NOUN
jahonşumul	ADJ
jahovas	NOUN
jahr	NOUN
jahriya	NOUN
jain	NOUN
jajic	NOUN
jajji	ADJ
jajman	NOUN
jakarta	NOUN
jakbar	NOUN
jakbarali	NOUN
jaket	NOUN
jaketka	NOUN
jakiya	NOUN
jakovljevic	NOUN
jaksic	NOUN
jakson	NOUN
jala	NOUN,VERB
jalala	VERB
jalang	VERB
jalangla	VERB
jalanglat	VERB
jalayer	NOUN
jalb	NOUN
jalgasin	NOUN
jalgaş	NOUN
jalgaşboy	NOUN
jalid	NOUN
jalil	NOUN
jalila	NOUN
jalis	NOUN
jaliş	NOUN
jallob	NOUN
jalloblik	NOUN
jallod	NOUN
jallodlik	NOUN
jalodat	NOUN
jaloiir	NOUN
jalol	NOUN
jalola	NOUN
jalolat	NOUN
jaloliddin	NOUN
jalolmirza	NOUN
jalolobod	NOUN
jalolquduq	NOUN
jalolxoja	NOUN
jalonboy	NOUN
jaloyir	NOUN
jaloyirlar	NOUN
jalyuza	NOUN
jam	NOUN
jamal	NOUN
jamalak	NOUN,VERB
jamalakla	VERB
jaman	NOUN
jamanboy	NOUN
jamanqora	NOUN
jamanqul	NOUN
jamarga	NOUN
jamayi	NOUN
jamaş	NOUN
jambil	NOUN
jambiloy	NOUN
jambul	NOUN
jambula	NOUN
james	NOUN
jameson	NOUN
jamgar	NOUN
jamgarma	NOUN
jamgir	NOUN
jamgirboy	NOUN
jami	NOUN
jamiki	NOUN
jamil	NOUN
jamila	NOUN
jamilaat	NOUN
jamiyat	NOUN
jamiyatxon	NOUN
jamiyatşunos	NOUN
jamiyatşunoslik	NOUN
jamoa	NOUN
jamoat	NOUN
jamoatci	NOUN
jamoatcilik	NOUN
jamod	NOUN
jamoddin	NOUN
jamol	NOUN
jamola	NOUN
jamolbibi	NOUN
jamoliddin	NOUN
jamoloy	NOUN
jamolxon	NOUN
jamşer	NOUN
jamşid	NOUN
jamşidat	NOUN
jan	NOUN
jana	NOUN
janackovic	NOUN
janas	NOUN
janbil	NOUN
jancic	NOUN
jand	NOUN
janda	NOUN
jandabek	NOUN
jandapuş	NOUN
jandarm	NOUN
jandokovic	NOUN
jandos	NOUN
jandric	NOUN
jandrokovic	NOUN
jane	NOUN
jang	ADJ,NOUN,VERB
jangari	ADJ,NOUN
jangarilik	NOUN
jangci	NOUN
jangdovul	NOUN
janggari	NOUN
janggoh	NOUN
jangi	NOUN
jangil	NOUN
jangilla	VERB
jangillat	VERB
jangioy	NOUN
jangir	VERB
jangirla	VERB
jangkarnay	NOUN
jangliş	NOUN
jangnoma	NOUN
jangovar	ADJ,NOUN
jangovarlik	NOUN
jangovor	ADJ,NOUN
jangur-jungur	IMIT
janic	NOUN
janicijevic	NOUN
janil	NOUN
janiqul	NOUN
janiş	NOUN
janişali	NOUN
janjal	NOUN
janjalci	NOUN
janjic	NOUN
janjusevic	NOUN
jankovic	NOUN
jankulovskiy	NOUN
janna	NOUN
jannat	ADJ,NOUN
jannatbu	NOUN
jannatmakon	ADJ
jannatoy	NOUN
jannatquli	NOUN
janob	NOUN
janobiddin	NOUN
janona	NOUN
janoq	NOUN
janovic	NOUN
janoza	NOUN
janpati	NOUN
janr	NOUN
janra	NOUN
janserik	NOUN
jantovar	NOUN
janub	NOUN
janubiy	NOUN
janya	NOUN
japs	NOUN
japsak	NOUN
jar	NOUN,VERB
jarang	ADJ,NOUN,VERB
jarang-jurung	IMIT
jarangla	ADJ,VERB
jaranglama	ADJ
jaranglat	VERB
jarangsiz	VERB
jarangsizlan	VERB
jaraq	VERB
jaraqla	VERB
jaraqlat	VERB
jaras	NOUN
jarayon	NOUN
jarci	NOUN
jarcilik	NOUN
jargi	NOUN
jargon	NOUN
jarid	NOUN
jarida	NOUN
jarilla	VERB
jarilqasin	NOUN
jarima	NOUN
jarir	NOUN
jarira	NOUN
jariya	NOUN
jarjak	NOUN
jarkop	NOUN
jarlik	NOUN
jarohat	NOUN,VERB
jarohatla	VERB
jarohatlan	VERB
jarov	NOUN
jarova	NOUN
jarqaldirgoc	NOUN
jarqanot	NOUN
jarqin	NOUN
jarqinoy	NOUN
jarqoq	NOUN
jarqorgon	NOUN
jarqoton	NOUN
jarroh	NOUN
jarrohxona	NOUN
jarrox	NOUN
jarroxiya	NOUN
jarroxlik	NOUN
jartepa	NOUN
jarulla	NOUN
jasad	NOUN
jaskic	NOUN
jasmin	NOUN
jasmina	NOUN
jasorat	ADJ,NOUN,VERB
jasoratla	VERB
jasoratlan	VERB
jasoratli	ADJ
jasur	ADJ,ADV,NOUN,VERB
jasura	NOUN
jasurla	VERB
jasurlan	VERB
jasurlaş	VERB
jasurlik	NOUN
jasurona	ADV
jat	NOUN
jav	NOUN
java	NOUN
javak	NOUN
javdat	NOUN
javdira	VERB
javdirat	VERB
javdiraş	VERB
javdon	NOUN
javdonboy	NOUN
javdor	NOUN
javgaza	NOUN
javgazim	NOUN
javhar	NOUN
javharali	NOUN
javharariq	NOUN
javharbek	NOUN
javhariddin	NOUN
javhariya	NOUN
javier	NOUN
javli	NOUN
javlon	NOUN
javlonqul	NOUN
javlonxoja	NOUN
javman	NOUN
javob	ADV,NOUN
javoban	ADV
javobgar	NOUN
javobgarlik	NOUN
javobnoma	NOUN
javod	NOUN
javodxon	NOUN
javog	NOUN
javohir	NOUN
javohira	NOUN
javohirot	NOUN
javon	NOUN
javonbaxt	NOUN
javonboy	NOUN
javongar	NOUN
javongor	NOUN
javonib	NOUN
javonmard	NOUN
javonmardlik	NOUN
javonşer	NOUN
javpazak	NOUN
javqa	NOUN
javqiron	NOUN
javqoc	NOUN
javqon	NOUN
javqoş	NOUN
javr	NOUN
javra	VERB
javran	VERB
javrat	NOUN,VERB
javrattir	VERB
javray	VERB
javrayver	VERB
javraş	VERB
javxar	NOUN
javxarlimu	NOUN
javzo	NOUN
javzoboy	NOUN
javşan	NOUN
jaxar	NOUN
jaxil	ADJ
jaxildor	ADJ
jay	NOUN
jaya	NOUN
jaydari	ADJ
jayhun	NOUN
jaylov	NOUN
jaylovboy	NOUN
jaynar	NOUN
jaynoq	NOUN
jaynoqmirza	NOUN
jayra	NOUN
jayran	NOUN
jayraxon	NOUN
jayraxona	NOUN
jayron	NOUN
jayronabegim	NOUN
jayronboy	NOUN
jayrongul	NOUN
jayxun	NOUN
jayxuna	NOUN
jaz	IMIT,NOUN,VERB
jaz-buz	IMIT
jazaman	NOUN
jazamanlik	NOUN
jazava	NOUN
jazbiya	NOUN
jazil	NOUN
jazilboy	NOUN
jazilla	VERB
jazillat	VERB
jazira	ADJ,NOUN
jazirama	ADJ
jazlik	NOUN
jazm	NOUN,VERB
jazman	NOUN
jazmi	NOUN
jazmlan	VERB
jazo	NOUN,VERB
jazoir	NOUN
jazola	VERB
jazolan	VERB
jazolat	NOUN,VERB
jazolo	NOUN
jazolovci	NOUN
jazoyil	NOUN
jazoyir	NOUN
jazza	NOUN
jaşkiv	NOUN
jdanenko	NOUN
jdanov	NOUN
jdanova	NOUN
jdeniyevo	NOUN
jean	NOUN
jefferson	NOUN
jeftic	NOUN
jek	NOUN
jekic	NOUN
jekimovskiy	NOUN
jekir	NOUN,VERB
jekiriş	VERB
jel	NOUN
jela	NOUN
jelabov	NOUN
jelabova	NOUN
jelacic	NOUN
jelak	NOUN
jelalov	NOUN
jelalova	NOUN
jelasic	NOUN
jelatin	NOUN
jelatka	NOUN
jelavic	NOUN
jelic	NOUN
jelilov	NOUN
jelilova	NOUN
jelincic	NOUN
jelusic	NOUN
jem	NOUN
jemaledinov	NOUN
jemaledinova	NOUN
jemilev	NOUN
jemileva	NOUN
jemilov	NOUN
jemilova	NOUN
jemper	NOUN
jenkic	NOUN
jenoa	NOUN
jenov	NOUN
jenova	NOUN
jenşen	NOUN
jerebtsov	NOUN
jerebtsova	NOUN
jeremic	NOUN
jergovic	NOUN
jerinic	NOUN
jerk	NOUN,VERB
jersey	NOUN
jersi	NOUN
jesic	NOUN
jessen	NOUN
jetinje	NOUN
jeton	NOUN
jetvic	NOUN
jeva	NOUN
jevaci	NOUN
jevak	NOUN
jevaxon	NOUN
jevic	NOUN
jevinevic	NOUN
jevric	NOUN
jevtic	NOUN
jez	NOUN
jezl	NOUN
jezoyir	NOUN
jgut	NOUN
ji	NOUN
jiba	NOUN
jibaci	NOUN
jibak	NOUN
jiblajibon	NOUN
jicca	ADV,NOUN
jidaciv	NOUN
jiddiy	ADJ,NOUN,VERB
jiddiyat	NOUN
jiddiylan	VERB
jiddiylaş	VERB
jiddiylaştir	VERB
jiddiylaştiril	VERB
jiddiylik	NOUN
jidkov	NOUN
jidkova	NOUN
jig	IMIT,NOUN,VERB
jiga	NOUN
jigaboy	NOUN
jigagul	NOUN
jigali	NOUN
jigar	NOUN
jigarband	NOUN
jigarci	NOUN
jigarcilik	NOUN
jigardon	NOUN
jigargoh	NOUN
jigargoşa	NOUN
jigarguşa	NOUN
jigarpora	NOUN
jigarrang	ADJ
jigavul	NOUN
jigibiyron	ADJ
jigil	NOUN
jigildak	NOUN
jigildon	NOUN
jigilla	VERB
jigit	NOUN
jigoltoy	NOUN
jigovul	NOUN
jihat	NOUN
jihatlik	NOUN
jihod	NOUN
jihoz	NOUN,VERB
jihozla	VERB
jihozlan	VERB
jihozlantir	VERB
jik	VERB
jikilla	VERB
jikillat	VERB
jikillaş	VERB
jikkak	NOUN
jiktoq	NOUN
jil	NOUN,VERB
jilan	NOUN
jild	NOUN,VERB
jildir	VERB
jildira	VERB
jildirat	VERB
jildiraş	VERB
jildirtir	VERB
jildla	VERB
jildlat	VERB
jildlik	NOUN
jilet	NOUN
jilga	NOUN
jilin	NOUN
jilisuv	NOUN
jilla	ADV,NOUN
jilmay	VERB
jilmayiş	VERB
jilmaytir	VERB
jilo	NOUN,VERB
jilol	NOUN
jilola	VERB
jilolan	VERB
jilolantir	VERB
jilov	NOUN,VERB
jilovboy	NOUN
jilovdor	NOUN
jilovla	VERB
jilovlan	VERB
jilovlat	VERB
jilovxona	NOUN
jilpang	VERB
jilpang-jilpang	IMIT
jilpangla	VERB
jilpanglat	VERB
jilping	NOUN
jilt	NOUN
jilus	NOUN
jilva	NOUN
jilvir	NOUN
jilvonboy	NOUN
jim	ADV,INTJ,NOUN
jimday	ADV
jimgina	ADV
jimir-jimir	IMIT
jimit	ADJ
jimitday	ADJ
jimjilo	NOUN
jimjiloq	NOUN
jimjima	ADJ,NOUN
jimjimador	ADJ
jimjit	ADJ
jimlik	NOUN
jin	NOUN
jinci	NOUN
jindak	NOUN
jinday	ADV,NOUN
jing	NOUN,VERB
jingak	NOUN
jingalak	ADJ,NOUN,VERB
jingalakla	VERB
jingalaklan	VERB
jingil	NOUN
jingilboy	NOUN
jingilla	VERB
jingir	VERB
jingirla	VERB
jingirlat	VERB
jingirtob	NOUN
jingul	NOUN
jinjak	NOUN
jinjaloq	NOUN
jinlung	NOUN
jinni	ADJ,NOUN
jinnidaryo	NOUN
jinnilik	NOUN
jinnisangi	NOUN
jinnivacca	NOUN
jinnivoy	NOUN
jinnixona	NOUN
jinoiy	ADJ,NOUN
jinoyat	ADV,NOUN
jinoyatci	NOUN
jinoyatcilik	NOUN
jinoyatkor	ADV,NOUN
jinoyatkorlik	NOUN
jinoyatkorona	ADV
jinqarca	NOUN
jins	NOUN
jinsdoş	NOUN
jinsi	NOUN
jintao	NOUN
jips	ADV,NOUN
jipslaş	NOUN
jipslaşganlik	NOUN
jipslik	NOUN
jiq	ADV,NOUN,VERB
jiq-jiq	ADV
jiqildoq	NOUN
jiqilla	VERB
jiqillaş	VERB
jiqqa	ADV
jir	NOUN,VERB
jirafa	NOUN
jiranda	NOUN
jirdon	NOUN
jirilla	VERB
jirillaş	VERB
jirim	ADJ
jiring	VERB
jiringla	VERB
jiringlat	VERB
jirkan	ADJ,VERB
jirkanc	ADJ
jirkanqira	VERB
jirkantir	VERB
jirla	VERB
jirlo	NOUN
jirlovci	NOUN
jiron	NOUN
jirongor	NOUN
jirov	NOUN
jirraki	VERB
jirrakilaş	VERB
jirt	VERB
jirtak	NOUN
jirtaki	ADJ,NOUN
jirtakilik	NOUN
jirtilla	VERB
jirtillaş	VERB
jism	ADV,NOUN
jisman	ADV
jitomir	NOUN
jiv	VERB
jivilla	VERB
jivir	VERB
jivirla	VERB
jivirlat	VERB
jivirlaş	VERB
jixat	NOUN
jiy	NOUN
jiyak	NOUN,VERB
jiyakla	VERB
jiyan	NOUN
jiyanali	NOUN
jiyandavlat	NOUN
jiyanmamat	NOUN
jiyanmuhammad	NOUN
jiyanmurod	NOUN
jiyannazar	NOUN
jiyanniyoz	NOUN
jiyanqilic	NOUN
jiyanqiz	NOUN
jiyanturdi	NOUN
jiyanşo	NOUN
jiyda	NOUN
jiydagul	NOUN
jiydakapa	NOUN
jiydazor	NOUN
jiydazorlik	NOUN
jiyir	NOUN
jiyirciq	NOUN
jiyirciqli	NOUN
jiyron	ADJ,NOUN
jiyronboy	NOUN
jiyronquş	NOUN
jiz	IMIT,NOUN
jiz-biz	IMIT
jiza	NOUN
jizgin	NOUN
jizya	NOUN
jizz	ADJ,NOUN
jizza	NOUN
jizzaki	ADJ,NOUN
jizzakilik	NOUN
jizzalik	NOUN
jizzax	NOUN
jizzaxor	NOUN
jizzaxorlik	NOUN
jiş	NOUN
jlgacl	NOUN
jmerinka	NOUN
joacim	NOUN
joan	NOUN
joannopolos	NOUN
jobajo	NOUN
jobir	NOUN
jobu	NOUN
jocic	NOUN
jodi	NOUN,VERB
jodila	VERB
jodu	NOUN
jodugar	NOUN
jodugarlik	NOUN
joe	NOUN
jogari	NOUN
jogi	NOUN
johic	NOUN
johid	NOUN
johil	NOUN,VERB
johillan	VERB
johillik	NOUN
john	NOUN
joiz	NOUN
joja	NOUN,VERB
jojabirday	NOUN
jojabirdek	NOUN
jojagul	NOUN
jojala	VERB
jojalat	VERB
jojaxoroz	NOUN
joji	NOUN
jojic	NOUN
jojilar	NOUN
jojkovic	NOUN
jok	NOUN
joka	NOUN
jokcilar	NOUN
jokic	NOUN
jokovic	NOUN
joksimovic	NOUN
jola	NOUN
jolak	NOUN
jolevskiy	NOUN
jolib	NOUN
jolin	NOUN
jolis	NOUN
jolli	NOUN
jolliboy	NOUN
jolmamat	NOUN
jolmirza	NOUN
jolmuhammad	NOUN
jolovic	NOUN
jom	NOUN
joma	NOUN
jomadon	NOUN
jomaduz	NOUN
jomaduzlik	NOUN
jomak	NOUN
jomakor	NOUN
jomard	NOUN
jomardberdi	NOUN
jomardlik	NOUN
jomardqul	NOUN
jomardturdi	NOUN
jomaşov	NOUN
jombiz	NOUN
jomboy	NOUN
jomboz	NOUN
jome	NOUN
jomiddin	NOUN
jomir	NOUN
jomiya	NOUN
jomrak	NOUN
jon	ADJ,NOUN,VERB
jona	NOUN,VERB
jonafroz	NOUN
jonagar	NOUN
jonajon	NOUN
jonal	VERB
jonali	NOUN
jonaliş	NOUN
jonaltir	VERB
jonari	NOUN
jonas	NOUN
jonat	VERB
jonatan	NOUN
jonatil	VERB
jonatiş	VERB
jonattir	VERB
jonattiril	VERB
jonavor	VERB
jonaş	NOUN,VERB
jonbars	NOUN
jonbaxş	NOUN
jonbek	NOUN
jonbeka	NOUN
jonberdi	NOUN
jonbibi	NOUN
jonbol	NOUN
jonbolsin	NOUN
jonbosim	NOUN
jonbota	NOUN
jonboy	NOUN
jonboz	NOUN
jonbozlik	NOUN
jonbuvi	NOUN
jondada	NOUN
jondaroz	NOUN
jondor	NOUN
jondost	NOUN
jondoş	NOUN
jondulla	NOUN
jones	NOUN
jonfayz	NOUN
jonfido	NOUN
jonfidolik	NOUN
jong	NOUN
jongil	NOUN
jonglyor	NOUN
jongozi	NOUN
jonhaydar	NOUN
jonib	NOUN
jonibek	NOUN
jonifa	NOUN
jonim	NOUN
jonimqul	NOUN
joniq	NOUN,VERB
joniqiz	NOUN
joniqul	NOUN
joniqurbon	NOUN
jonivor	NOUN
joniya	NOUN
jonjora	NOUN
jonkaş	NOUN
jonkaşlik	NOUN
jonkeldi	NOUN
jonkumuş	NOUN
jonkuyar	ADJ,NOUN
jonkuyarlik	NOUN
jonla	VERB
jonlan	VERB
jonlantir	VERB
jonlantiril	VERB
jonlar	NOUN
jonlat	VERB
jonli	ADJ,NOUN
jonlik	NOUN
jonlikca	NOUN
jonlilik	NOUN
jonmamat	NOUN
jonmat	NOUN
jonmirza	NOUN
jonmuhammad	NOUN
jonmurod	NOUN
jonnazar	NOUN
jonnisor	NOUN
jonniyoz	NOUN
jonodil	NOUN
jonoki	NOUN
jonomon	NOUN
jonon	NOUN
jonona	NOUN
jononpari	NOUN
jononpoşşa	NOUN
jononqul	NOUN
jonoy	NOUN
jonparvar	NOUN
jonpolat	NOUN
jonpoşşa	NOUN
jonqaraş	NOUN
jonqaş	NOUN
jonqaşlik	NOUN
jonqobil	NOUN
jonqora	NOUN
jonqori	NOUN
jonqozi	NOUN
jonqul	NOUN
jonquvvat	NOUN
jonsaid	NOUN
jonsarak	NOUN
jonsaraklik	NOUN
jonsevar	NOUN
jonsihat	NOUN
jonsiz	NOUN,VERB
jonsizlan	VERB
jonsizlantir	VERB
jonsizlik	NOUN
jonson	NOUN
jonsuluv	NOUN
jonsuvor	NOUN
jonsuyar	NOUN
jontemir	NOUN
jontora	NOUN
jontoy	NOUN
jontoş	NOUN
jontur	NOUN
jonturdi	NOUN
jonuzoq	NOUN
jonvafo	NOUN
jonvor	NOUN
jonxoroz	NOUN
jonyigit	NOUN
jonzamon	NOUN
jonzod	NOUN
jonzot	NOUN
jonşo	NOUN
joq	NOUN
joqci	NOUN
joqcilar	NOUN
jor	NOUN
jora	ADJ,NOUN
jorabek	NOUN
joraberdi	NOUN
joraboz	ADJ
joraboşi	NOUN
joraboşilik	NOUN
joragul	NOUN
jorajon	NOUN
jorakeldi	NOUN
joralik	NOUN
joramirza	NOUN
joramurod	NOUN
joranazar	NOUN
joraniyoz	NOUN
jorapoşşa	NOUN
joraqand	NOUN
joraqobil	NOUN
joraqozi	NOUN
joraqul	NOUN
jorasulton	NOUN
joratoy	NOUN
joraturdi	NOUN
joraxol	NOUN
joraxon	NOUN
jorci	NOUN
jordanovskiy	NOUN
jorge	NOUN
jorilloh	NOUN
joriy	NOUN
joriya	NOUN
jorj	NOUN
jorttaga	ADV
jose	NOUN
josef	NOUN
josep	NOUN
josifovskiy	NOUN
josip	NOUN
josipovic	NOUN
josus	NOUN
josuslik	NOUN
jotic	NOUN
jov	NOUN
jova	NOUN,VERB
jovala	VERB
jovan	NOUN
jovanonic	NOUN
jovanovic	NOUN
jovanovskiy	NOUN
jovic	NOUN
jovicevic	NOUN
jovicic	NOUN
jovid	NOUN
jovida	NOUN
joviz	NOUN
jovkva	NOUN
jovli	NOUN
jovlik	NOUN
jovliq	NOUN
jovmard	NOUN
jovon	NOUN
jovovic	NOUN
jovqa	NOUN
jovqaş	NOUN
jovun	NOUN
jovşon	NOUN
joxori	NOUN
joxorikor	NOUN
joxorikorlik	NOUN
joxoripoya	NOUN
joxorizor	NOUN
joxorizor\	NOUN
joy	NOUN,VERB
joya	NOUN
joyak	NOUN,VERB
joyakla	VERB
joyanda	NOUN
joybor	NOUN
joyida	ADV
joyirabot	NOUN
joyla	VERB
joylan	VERB
joylangar	NOUN
joylantir	VERB
joylaş	VERB
joylaştir	VERB
joylaştiril	VERB
joylo	NOUN
joylovci	NOUN
joynamoz	NOUN
joynav	NOUN
joyosiyo	NOUN
joyrabot	NOUN
joyrak	NOUN
joyrava	NOUN
joysafed	NOUN
joysiz	NOUN
joysizlik	NOUN
joyxob	NOUN
joyşahar	NOUN
joyşara	NOUN
jozib	NOUN
joziba	ADJ,NOUN
jozibador	NOUN
jozibadorlik	NOUN
jozibali	ADJ
jozic	NOUN
jozilboy	NOUN
joş	ADJ,NOUN,VERB
joşla	VERB
joşqin	ADJ,NOUN,VERB
joşqinbek	NOUN
joşqinboy	NOUN
joşqinlan	VERB
joşqinlaş	VERB
joşqinlik	NOUN
joşqinoy	NOUN
jsst	NOUN
juban	NOUN
jubba	NOUN
juda	ADV
judo	NOUN,VERB
judolaş	VERB
judolik	NOUN
jufar	NOUN
jufaroy	NOUN
jufay	ADV
juft	NOUN,VERB
jufta	VERB
juftala	VERB
juftla	VERB
juftlan	VERB
juftlik	NOUN
jugan	NOUN
jugona	NOUN
jugrofiy	NOUN
jugrofiya	NOUN
jugud	NOUN
jujuk	NOUN
jujun	NOUN
jujuq	NOUN
jukic	NOUN
jukov	NOUN
jukova	NOUN
jul	ADJ,NOUN
juldor	ADJ
juldurvoqi	NOUN
julpat	NOUN
juma	NOUN
jumaali	NOUN
jumabaxt	NOUN
jumabek	NOUN
jumabeka	NOUN
jumaberdi	NOUN
jumaboy	NOUN
jumabozor	NOUN
jumadavlat	NOUN
jumadilloh	NOUN
jumadilov	NOUN
jumadilova	NOUN
jumadulla	NOUN
jumadurdi	NOUN
jumagul	NOUN
jumak	NOUN
jumakeldi	NOUN
jumaliev	NOUN
jumalik	NOUN
jumamacit	NOUN
jumamengli	NOUN
jumamurod	NOUN
juman	NOUN
jumanafas	NOUN
jumanali	NOUN
jumanazar	NOUN
jumanbek	NOUN
jumanboy	NOUN
jumaniyor	NOUN
jumaniyoz	NOUN
jumankeldi	NOUN
jumanor	NOUN
jumanqul	NOUN
jumantay	NOUN
jumantoy	NOUN
jumaqilic	NOUN
jumaqiz	NOUN
jumaqora	NOUN
jumaqozi	NOUN
jumaqul	NOUN
jumaqurbon	NOUN
jumarajab	NOUN
jumarasul	NOUN
jumard	NOUN
jumasafar	NOUN
jumasaid	NOUN
jumasoat	NOUN
jumasulton	NOUN
jumat	NOUN
jumatoj	NOUN
jumatoy	NOUN
jumatoş	NOUN
jumaturdi	NOUN
jumatursun	NOUN
jumavali	NOUN
jumaxalil	NOUN
jumaxoja	NOUN
jumaxol	NOUN
jumaxon	NOUN
jumaxşanba	NOUN
jumayor	NOUN
jumaş	NOUN
jumbiş	NOUN
jumboq	NOUN
jumbul	NOUN
jumhuriyat	NOUN
jumla	NOUN
jumladan	PRT
jumodiloxir	NOUN
jumruşka	NOUN
jumruşqa	NOUN
jumur	NOUN
jumurtov	NOUN
jun	ADV,NOUN
junayd	NOUN
junaydulla	NOUN
junayiddin	NOUN
june	NOUN
jungor	NOUN
jungorlar	NOUN
junlik	ADV
junlikca	ADV
junun	NOUN
jununjn	NOUN
jup	NOUN
jupar	NOUN
jura	NOUN
jurasalim	NOUN
jurat	NOUN
juravno	NOUN
jurcevic	NOUN
jurcic	NOUN
juric	NOUN
jurinovic	NOUN
jurisic	NOUN
jurjenko	NOUN
jurnal	NOUN
jurnalist	NOUN
jurnalistika	NOUN
jurnalistka	NOUN
jurnalxon	NOUN
jusic	NOUN
jussa	NOUN
justin	NOUN
jut	NOUN
juva	NOUN,VERB
juvala	NOUN,VERB
juvalaş	VERB
juvda	NOUN
juventus	NOUN
juvoldiz	NOUN,VERB
juvoldizla	VERB
juvon	NOUN
juvona	NOUN
juvonbaxt	NOUN
juvonboz	NOUN
juvonbozlik	NOUN
juvonlik	NOUN
juvonmard	NOUN
juvonmardi	NOUN
juvonmardlik	NOUN
juvonmart	NOUN
juvonsuxta	NOUN
juvonşer	NOUN
juvoz	NOUN
juvozkaş	NOUN
juvozkaşlik	NOUN
juvozxona	NOUN
juvur	VERB
juvurla	VERB
juvurlat	VERB
juya	NOUN
juyruk	NOUN
juz	NOUN,VERB
juzdon	NOUN
juzgir	NOUN
juzgun	NOUN
juzla	VERB
juzya	NOUN
jvirka	NOUN
jyang	NOUN
jyuri	NOUN
kaba	NOUN
kabagul	NOUN
kabak	NOUN
kabanenko	NOUN
kabardin	NOUN
kabare	NOUN
kabatullo	NOUN
kabel	NOUN
kabelci	NOUN
kabelcilik	NOUN
kabelsoz	NOUN
kabelsozlik	NOUN
kabi	AUX
kabil	NOUN
kabina	NOUN
kabinet	NOUN
kabir	NOUN
kabira	NOUN
kabirali	NOUN
kabirjon	NOUN
kabirulla	NOUN
kabisa	NOUN
kabk	NOUN
kabob	NOUN
kabobci	NOUN
kabobcilik	NOUN
kabobpaz	NOUN
kabobpazlik	NOUN
kabobxona	NOUN
kabotaj	NOUN
kaburga	NOUN
kabutar	NOUN
kabutarboz	NOUN
kackil	NOUN
kackul	NOUN
kadamcay	NOUN
kadar	NOUN
kadastr	NOUN
kadbonu	NOUN
kaddafi	NOUN
kadet	NOUN
kadi	NOUN
kadic	NOUN
kadikoy	NOUN
kadirov	NOUN
kadirova	NOUN
kadiyev	NOUN
kadiyeva	NOUN
kadiyevic	NOUN
kadr	NOUN
kadribasic	NOUN
kadric	NOUN
kadu	NOUN
kadxudo	NOUN
kafan	NOUN
kafangado	ADJ
kafanlik	NOUN
kafe	NOUN
kafedra	NOUN
kafel	NOUN
kafgir	NOUN
kafil	NOUN
kafila	NOUN
kafillik	NOUN
kafkaslar	NOUN
kafolat	NOUN
kafolatnoma	NOUN
kafsan	NOUN
kaft	NOUN
kaftar	NOUN
kafş	NOUN
kafşdoz	NOUN
kafşduz	NOUN
kagar	NOUN
kagarlik	NOUN
kahkaşon	NOUN
kahlak	NOUN
kahovka	NOUN
kahrabo	NOUN
kahramanmaraspor	NOUN
kahramanmaraşspor	NOUN
kainovskiy	NOUN
kaj	NOUN
kajar	NOUN
kajava	NOUN
kajavd	NOUN
kajbahs	NOUN
kajbahslik	NOUN
kajraftor	NOUN
kajrav	NOUN
kak	NOUN
kaka	NOUN
kakaali	NOUN
kakaberdi	NOUN
kakaderya	NOUN
kakadu	NOUN
kakaeson	NOUN
kakakeldi	NOUN
kakali	NOUN
kakamamat	NOUN
kakamuhammad	NOUN
kakamurod	NOUN
kakao	NOUN
kakaturdi	NOUN
kakaydi	NOUN
kakicanova	NOUN
kakijanov	NOUN
kakiş	NOUN
kakku	NOUN
kaklik	NOUN
kakra	NOUN,VERB
kakrat	VERB
kaktus	NOUN
kal	NOUN
kalais	NOUN
kalaka	NOUN
kalamenka	NOUN
kalamperovic	NOUN
kalamuş	NOUN
kalancak	NOUN
kalantar	NOUN
kalantzopolos	NOUN
kalapatra	NOUN
kalapatralik	NOUN
kalaperovic	NOUN
kalava	NOUN,VERB
kalavaci	NOUN
kalavala	VERB
kalavalat	VERB
kalavaxona	NOUN
kalaşnikov	NOUN
kalaşnikova	NOUN
kalcenko	NOUN
kaldira	NOUN,VERB
kaldirat	VERB
kaldoni	NOUN
kalendar	NOUN
kaletovic	NOUN
kalgary	NOUN
kalibr	NOUN,VERB
kalibrla	VERB
kalibrlo	NOUN
kalibrlovci	NOUN
kalic	NOUN
kalid	NOUN
kalifa	NOUN
kalifalik	NOUN
kaliforniya	NOUN
kalim	NOUN
kalima	NOUN
kalimulla	NOUN
kalimulloh	NOUN
kalin	NOUN
kalina	NOUN
kalinic	NOUN
kaliningrad	NOUN
kalinivka	NOUN
kalit	NOUN
kalita	NOUN
kalitbon	NOUN
kaliy	NOUN
kaliş	NOUN
kaljor	NOUN
kaljorci	NOUN
kaljurci	NOUN
kalk	NOUN
kalka	NOUN,VERB
kalkala	NOUN,VERB
kalknma	NOUN
kalkulyasiya	NOUN
kalkulyator	NOUN
kalkulyatsiya	NOUN
kalkutta	NOUN
kalla	NOUN
kallak	NOUN,VERB
kallakla	VERB
kallaklan	VERB
kallaklaş	VERB
kallapaz	NOUN
kallapazlik	NOUN
kallapoş	NOUN
kallapuş	NOUN
kallavar	NOUN
kallavaram	NOUN
kallaxum	NOUN
kallayi	NOUN
kalligraf	NOUN
kalligrafiya	NOUN
kallik	NOUN
kalom	NOUN
kalomullo	NOUN
kalon	NOUN
kalondimog	NOUN
kalondimoglik	NOUN
kalontar	NOUN
kalorifer	NOUN
kalorimetr	NOUN
kalorimetrik	NOUN
kalorimetriya	NOUN
kaloriya	NOUN
kaloriyali	NOUN
kaloriyalilik	NOUN
kalov	VERB
kalovla	VERB
kalovlan	VERB
kalovlat	VERB
kalpana	NOUN
kalsiy	NOUN,VERB
kalsiylan	VERB
kalta	ADJ,NOUN
kalta-kulta	ADJ
kaltabin	ADJ,NOUN
kaltabinlik	NOUN
kaltadum	NOUN
kaltafahm	ADJ,NOUN
kaltafahmlik	NOUN
kaltak	NOUN,VERB
kaltakesak	NOUN
kaltakla	VERB
kaltaklan	VERB
kaltaklat	VERB
kaltakzada	NOUN
kaltalik	NOUN
kaltatoy	NOUN
kalukerovic	NOUN
kaluş	NOUN
kalvak	NOUN
kalvars	NOUN
kalxamaj	NOUN
kalxat	NOUN
kalxoma	NOUN
kalyon	NOUN
kam	ADJ,NOUN,VERB
kamaci	NOUN
kamalak	NOUN
kamalov	NOUN
kamand	NOUN
kamandi	NOUN
kamar	NOUN
kamarband	NOUN
kamarbasta	NOUN
kamarbastalik	NOUN
kamarciljuvut	NOUN
kamay	VERB
kamayt	VERB
kamaytir	VERB
kamaytiril	VERB
kamaz	NOUN
kambagal	ADJ,NOUN,VERB
kambagalcilik	NOUN
kambagallan	VERB
kambagallaş	VERB
kambagallik	NOUN
kambagalparvar	NOUN
kambagalparvarlik	NOUN
kambala	NOUN
kambaxş	NOUN
kambodiya	NOUN
kambovskiy	NOUN
kamcalak	NOUN
kamcil	ADJ,NOUN,VERB
kamcilik	NOUN
kamciliksiz	NOUN
kamcillaş	VERB
kamcillik	NOUN
kameb	NOUN
kamenka	NOUN
kamera	NOUN
kameron	NOUN
kamerton	NOUN
kamerun	NOUN
kamfara	NOUN
kamgak	NOUN
kamgap	ADJ,NOUN
kamgaplik	NOUN
kamhafsala	NOUN
kamhafsalalik	NOUN
kamhosil	NOUN
kamhosillik	NOUN
kami	VERB
kamida	ADV
kamila	NOUN
kamilov	NOUN
kamilova	NOUN
kamin	NOUN
kamina	NOUN,PRON
kamit	VERB
kamitil	VERB
kamittir	VERB
kamiyat	NOUN
kamkor	NOUN
kamlik	NOUN
kamob	NOUN
kamoblik	NOUN
kamol	NOUN
kamola	NOUN
kamolci	NOUN
kamolcilik	NOUN
kamoli	NOUN
kamoliddin	NOUN
kamoliya	NOUN
kamolizm	NOUN
kamollik	NOUN
kamolmirza	NOUN
kamolot	NOUN
kamolqul	NOUN
kamoltora	NOUN
kamoltoy	NOUN
kamolturdi	NOUN
kamolxoja	NOUN
kamomad	NOUN
kamon	NOUN
kamonboy	NOUN
kamonca	NOUN
kamonci	NOUN
kamongaron	NOUN
kamonkaş	NOUN
kampaniya	NOUN
kampaniyaboz	NOUN
kampaniyabozlik	NOUN
kampaniyacilik	NOUN
kampir	NOUN
kampircopon	NOUN
kampirdahan	NOUN
kampirkol	NOUN
kampirlik	NOUN
kampirogiz	NOUN
kampirovuz	NOUN
kampirqursoq	NOUN
kampirravot	NOUN
kampirsoc	NOUN
kampirtepa	NOUN
kamqon	ADJ,NOUN
kamqonlik	NOUN
kamquvvat	ADJ,NOUN
kamquvvatlik	NOUN
kamron	NOUN
kamrona	NOUN
kamronbek	NOUN
kamronxon	NOUN
kamsavod	NOUN
kamsavodlik	NOUN
kamsoc	ADJ,NOUN
kamsoqol	ADJ,NOUN
kamsuqum	ADJ,NOUN
kamsuqumlik	NOUN
kamsut	ADJ
kamsutl	NOUN
kamsutlik	NOUN
kamsuv	ADJ,NOUN
kamsuvlik	NOUN
kamsuxan	ADJ,NOUN
kamsuxanlik	NOUN
kamtar	ADJ,ADV,NOUN
kamtarin	ADJ,NOUN
kamtarinlik	NOUN
kamtarlik	NOUN
kamtarona	ADJ,ADV
kamxarajat	ADJ
kamxarj	ADJ,NOUN
kamxarjlik	NOUN
kamxastak	ADJ,NOUN
kamyanka	NOUN
kamyob	ADJ
kamzul	NOUN
kana	NOUN
kanada	NOUN
kanadalik	NOUN
kanakunjut	NOUN
kanal	NOUN
kanalboy	NOUN
kanalci	NOUN
kanalizatsion	NOUN
kanalizatsiya	NOUN
kanalxon	NOUN
kanareyka	NOUN
kanat	NOUN
kanatlarovskiy	NOUN
kanaxona	NOUN
kanaxoy	NOUN
kanberra	NOUN
kancesku	NOUN
kanda	NOUN
kandabuloq	NOUN
kandakor	NOUN
kandakori	NOUN
kandakorlik	NOUN
kandic	NOUN
kandidat	NOUN
kandidatlik	NOUN
kandidatura	NOUN
kandik	NOUN
kandil	NOUN
kandir	NOUN
kangiyev	NOUN
kangiyeva	NOUN
kani	NOUN
kanic	NOUN
kanifol	NOUN
kanikey	NOUN
kanikul	NOUN
kanin	NOUN
kanistr	NOUN
kaniv	NOUN
kaniz	NOUN
kanizak	NOUN
kanişkizi	NOUN
kankovic	NOUN
kankoy	NOUN
kanmetirov	NOUN
kanmetirova	NOUN
kanna	NOUN
kannibalizm	NOUN
kanoe	NOUN
kanoeci	NOUN
kanon	NOUN
kanop	NOUN
kanopzor	NOUN
kanor	NOUN
kanora	NOUN
kanovic	NOUN
kanovskiy	NOUN
kansas	NOUN
kanselyariya	NOUN
kanserogen	NOUN
kansler	NOUN
kansu	NOUN
kant	NOUN
kantarevic	NOUN
kantata	NOUN
kantci	NOUN
kantcilik	NOUN
kantemirov	NOUN
kantemirova	NOUN
kanton	NOUN
kantoni	NOUN
kanva	NOUN
kanyş	NOUN
kanzas	NOUN
kanzovskiy	NOUN
kaolin	NOUN
kap	NOUN,VERB
kap-katta	ADJ
kapa	NOUN,VERB
kapaki	NOUN
kapakovic	NOUN
kapala	VERB
kapalak	NOUN
kapanak	NOUN
kapca	NOUN
kapcailon	NOUN
kapella	NOUN
kapelmeyster	NOUN
kapetanovic	NOUN
kapgir	NOUN
kapic	NOUN
kapillyar	NOUN
kapital	NOUN,VERB
kapitalist	NOUN
kapitalistin	NOUN
kapitalizatsiya	NOUN
kapitalizm	NOUN
kapitallaştir	VERB
kapitan	NOUN
kapitanivka	NOUN
kapitonenko	NOUN
kapitulyasiya	NOUN
kapla	NOUN,VERB
kaplovic	NOUN
kapot	NOUN
kappa	VERB
kappala	VERB
kappon	NOUN
kapral	NOUN
kapraljevic	NOUN
kapranov	NOUN
kapranova	NOUN
kapriccio	NOUN
kaprin	NOUN
kapron	NOUN
kapsan	NOUN
kapsanci	NOUN
kapsula	NOUN
kapsyul	NOUN
kaptar	NOUN
kaptarboz	NOUN
kaptarxona	NOUN
kar	ADJ,NOUN,VERB
kara	NOUN
karabin	NOUN
karabinli	NOUN
karabinyor	NOUN
karabkspor	NOUN
karabukspor	NOUN
karaca	NOUN
karacic	NOUN
karacorcevic	NOUN
karacov	NOUN
karacova	NOUN
karadaku	NOUN
karadic	NOUN
karadyordyevic	NOUN
karadzic	NOUN
karaehir	NOUN
karagl	NOUN
karahan	NOUN
karahanl	NOUN
karahanllar	NOUN
karaizel	NOUN
karaka	NOUN
karakalpakistan	NOUN
karakol	NOUN
karakurum	NOUN
karam	NOUN
karamali	NOUN
karaman	NOUN
karamay	NOUN
karamel	NOUN
karamulloh	NOUN
karamxon	NOUN
karamxudo	NOUN
karamzor	NOUN
karan	NOUN
karanovic	NOUN
karantin	NOUN
karantinci	NOUN
karaoke	NOUN
karapic	NOUN
karasu	NOUN
karat	NOUN
karate	NOUN
karateci	NOUN
karavot	NOUN
karaxt	NOUN,VERB
karaxtlan	VERB
karaxtlik	NOUN
karayic	NOUN
karazic	NOUN
karaş	NOUN,VERB
karaşlan	VERB
karaşma	NOUN
karaşmali	NOUN
karbamid	NOUN
karbid	NOUN
karbol	NOUN,VERB
karbolka	NOUN
karbollaştir	VERB
karbon	VERB
karbonat	NOUN,VERB
karbonatlar	NOUN
karbonatlaş	VERB
karbonatlaştir	VERB
karbonlan	VERB
karborator	NOUN
karborund	NOUN
karbos	NOUN
karbunkul	NOUN
karbyurator	NOUN
karc	NOUN,VERB
karcla	VERB
kardinal	NOUN
kardiograf	NOUN
kardiografiya	NOUN
kardiogramma	NOUN
kardiolog	NOUN
kardiologiya	NOUN
karel	NOUN
karenina	NOUN
karer	NOUN
kareta	NOUN
karganovic	NOUN
karic	NOUN
karikatura	NOUN
karikaturaci	NOUN
karikov	NOUN
karikova	NOUN
karilla	VERB
karillat	VERB
karillaş	VERB
karim	NOUN
karima	NOUN
karimali	NOUN
karimbek	NOUN
karimbeka	NOUN
karimberdi	NOUN
karimbergan	NOUN
karimca	NOUN
karimdod	NOUN
karimiddin	NOUN
karimmamat	NOUN
karimmirza	NOUN
karimnafas	NOUN
karimnazar	NOUN
karimniyoz	NOUN
karimov	NOUN
karimova	NOUN
karimqul	NOUN
karimulla	NOUN
karimxoja	NOUN
karimşer	NOUN
karimşo	NOUN
karintiya	NOUN
kariyes	NOUN
kariz	NOUN
karj	NOUN,VERB
karjla	VERB
kark	NOUN,VERB
karkas	NOUN
karki	NOUN
karkidon	NOUN
karkilla	VERB
karl	NOUN
karla	NOUN
karlik	NOUN
karlivka	NOUN
karlo	NOUN
karlov	NOUN
karlova	NOUN
karlovic	NOUN
karlsrue	NOUN
karmak	NOUN
karmana	NOUN
karmki	NOUN
karmon	NOUN
karnaval	NOUN
karnay	NOUN,VERB
karnayci	NOUN
karnaygul	NOUN
karnaylat	VERB
karniz	NOUN
karolina	NOUN
karolos	NOUN
karom	NOUN
karoma	NOUN
karomali	NOUN
karomat	NOUN
karomatali	NOUN
karomatci	NOUN
karomatulla	NOUN
karomiddin	NOUN
karomniso	NOUN
karomulla	NOUN
karomşo	NOUN
karotin	NOUN
karp	NOUN
karpov	NOUN
karpova	NOUN
karpuntsov	NOUN
karpuntsova	NOUN
karqur	NOUN
karra	NOUN
karrak	NOUN
karrali	NOUN
karralilik	NOUN
karrosii	NOUN
kars	NOUN
karsagon	NOUN
kart	NOUN
karta	NOUN
kartaboz	NOUN
kartabozlik	NOUN
kartaşov	NOUN
kartaşova	NOUN
kartec	NOUN
kartel	NOUN
karter	NOUN
kartina	NOUN
karting	NOUN
kartingist	NOUN
kartocka	NOUN
kartograf	NOUN
kartografiy	NOUN
kartografiya	NOUN
kartogramma	NOUN
karton	NOUN
kartoteka	NOUN
kartoşka	NOUN
kartoşkaci	NOUN
kartoşkacilik	NOUN
kartoşkagul	NOUN
kartoşkakor	NOUN
kartoşkaqovoq	NOUN
karusel	NOUN
karvic	NOUN
karvon	NOUN
karvonboş	NOUN
karvonkaş	NOUN
karvonmirza	NOUN
karvonsaroy	NOUN
karvonxona	NOUN
karvozbop	NOUN
karyaka	NOUN
karyera	NOUN
karşiyaka	NOUN
kas	NOUN
kasaba	NOUN
kasabaci	NOUN
kasabacilik	NOUN
kasablanka	NOUN
kasal	ADJ,NOUN,VERB
kasale	NOUN
kasallan	VERB
kasallantir	VERB
kasallik	NOUN
kasalmand	ADJ,NOUN
kasalmandlik	NOUN
kasalovic	NOUN
kasalxona	NOUN
kasana	NOUN
kasanaci	NOUN
kasanacilik	NOUN
kasb	NOUN
kasbdoş	NOUN
kasbi	NOUN
kasimpaşa	NOUN
kasir	NOUN,VERB
kasira	NOUN
kasirla	VERB
kasirlat	VERB
kaska	NOUN
kaskad	VERB
kaskadla	VERB
kaskadyor	NOUN
kasm	NOUN
kasmpaa	NOUN
kasod	NOUN,VERB
kasodlan	VERB
kasodlik	NOUN
kasofat	ADJ,NOUN
kasparov	NOUN
kasparova	NOUN
kaspiy	NOUN
kasr	NOUN
kasri	NOUN
kassa	NOUN
kassatsiya	NOUN
kasseta	NOUN
kassir	NOUN
kassirlik	NOUN
kasta	NOUN
kastamonu	NOUN
kastor	NOUN
kastorka	NOUN
kastratovic	NOUN
kastryul	NOUN
kat	NOUN
katak	NOUN,VERB
katakca	NOUN
katakla	VERB
katalak	NOUN
katalizator	NOUN
katalog	NOUN
kataloniya	NOUN
katalunya	NOUN
katanak	NOUN
katania	NOUN
katanic	NOUN
katapulta	NOUN,VERB
katapultalan	VERB
katar	NOUN
katarakta	NOUN
katasonov	NOUN
katasonova	NOUN
katavic	NOUN
kataysa	NOUN
kategoriya	NOUN
kater	NOUN
katerinopil	NOUN
katet	NOUN
kateter	NOUN
kathimerini	NOUN
katiba	NOUN
katic	NOUN
katman	NOUN
katmon	NOUN
katnic	NOUN
katod	NOUN
katolik	ADJ,NOUN
katoliklik	NOUN
katolitsizm	NOUN
katovic	NOUN
katovitsa	NOUN
katqala	NOUN
katta	ADJ,NOUN,VERB
katta-katta	ADJ
katta-kicik	ADJ
kattabek	NOUN
kattabibi	NOUN
kattabuvi	NOUN
kattagul	NOUN
kattakon	NOUN,VERB
kattakonlaş	VERB
kattakonlik	NOUN
kattalaş	VERB
kattalaştir	VERB
kattalaştiril	VERB
kattalik	NOUN
kattaming	NOUN
kattamurod	NOUN
kattaolmas	NOUN
kattaora	NOUN
kattaqorgon	NOUN
kattaqul	NOUN
kattaqum	NOUN
kattaqurgon	NOUN
kattar	NOUN,VERB
kattaroq	ADJ
kattasoy	NOUN
kattaxoja	NOUN
kattay	VERB
kattayobi	NOUN
kattaytir	VERB
kattazang	NOUN
kattazanglik	NOUN
katun	NOUN
katunaric	NOUN
katyuşa	NOUN
kaucuk	NOUN
kausevic	NOUN
kavadar	NOUN
kavak	NOUN
kavala	NOUN
kavaler	NOUN
kavalerist	NOUN
kavaleriya	NOUN
kavar	NOUN
kaveria	NOUN
kaverna	NOUN
kavernoz	VERB
kavernozlan	VERB
kavic	NOUN
kavirlon	NOUN
kavkab	NOUN
kavkaba	NOUN
kavkaz	NOUN
kavkazlik	NOUN
kavkazovul	NOUN
kavob	NOUN
kavobci	NOUN
kavrak	NOUN
kavsar	NOUN
kavuş	NOUN
kavuşan	NOUN
kavuşandoz	NOUN
kavuşandoz\	NOUN
kavuşdoz	NOUN
kavuşdozlik	NOUN
kavş	NOUN
kavşa	NOUN,VERB
kavşan	VERB
kavşar	NOUN,VERB
kavşarla	NOUN,VERB
kavşarlagic	NOUN
kavşarlaş	VERB
kavşat	VERB
kavşo	NOUN
kavşovci	NOUN
kaxeksiya	NOUN
kayafa	NOUN
kaybi	NOUN
kaybonu	NOUN
kaybullayev	NOUN
kaybullayeva	NOUN
kayd	NOUN
kayf	NOUN,VERB
kayfangtog	NOUN
kayfci	NOUN
kayfcilik	NOUN
kayfiyat	NOUN
kayfiyot	NOUN
kayflan	VERB
kayflantir	VERB
kayfsiz	NOUN,VERB
kayfsizlan	VERB
kayfsizlantir	VERB
kayfsizlik	NOUN
kayirbekova	NOUN
kaymir	NOUN
kaymirberdi	NOUN
kaymirkeldi	NOUN
kaymirturdi	NOUN
kaynozoy	NOUN
kayseri	NOUN
kayserispor	NOUN
kayuta	NOUN
kayvon	NOUN
kayvoni	NOUN
kazak	NOUN
kazakh	NOUN
kazakhmys	NOUN
kazakov	NOUN
kazakova	NOUN
kazan	NOUN
kazanlak	NOUN
kazarma	NOUN
kazein	NOUN
kazemat	NOUN
kazino	NOUN
kazvin	NOUN
kazzob	NOUN
kazzoblik	NOUN
kaşak	NOUN,VERB
kaşakla	VERB
kaşaklan	VERB
kaşalot	NOUN
kaşanda	NOUN
kaşandalik	NOUN
kaşapov	NOUN
kaşapova	NOUN
kaşar	NOUN
kaşf	NOUN
kaşfiyot	NOUN
kaşfiyotci	NOUN
kaşfiyotcilik	NOUN
kaşiş	NOUN
kaşkul	NOUN
kaşmir	NOUN
kaşmiri	NOUN
kaşne	NOUN
kaşnic	NOUN
kaşol	NOUN
kaşta	NOUN,VERB
kaştaci	NOUN
kaştacilik	NOUN
kaştadoz	NOUN
kaştadozlik	NOUN
kaştaduz	NOUN
kaştaduzlik	NOUN
kaştala	VERB
kaştan	NOUN
kaşşof	NOUN
kaşşofboy	NOUN
kaşşofiddin	NOUN
kck	NOUN
kdv	NOUN
kebanak	NOUN
kebedov	NOUN
kebedova	NOUN
kebelitarik	NOUN
kebo	NOUN
kec	ADJ,ADV,NOUN,VERB
keca	ADJ,NOUN
keca-kunduz	ADV
kecagi	ADJ
kecalik	NOUN
kecasi	ADV
kecboy	NOUN
kecik	NOUN,VERB
keciktir	VERB
keciktiril	VERB
kecin	ADV,NOUN,VERB
kecinma	NOUN
keciorengucu	NOUN
kecir	NOUN,VERB
kecirgiz	VERB
keciril	VERB
kecirim	NOUN
keciriş	VERB
kecirma	NOUN
kecirtir	VERB
keciş	VERB
keckeldi	NOUN
kecki	ADJ
keckir	VERB
keckirt	VERB
keckirtir	VERB
kecla	VERB
keclat	VERB
keclattir	VERB
keclik	NOUN
kecmiş	NOUN
kecomon	NOUN
kecpişar	ADJ,NOUN
kecqurun	ADV,NOUN
kecroq	ADV
kectir	VERB
kectiril	VERB
kecuv	NOUN
kecyang	NOUN
kedr	NOUN
kefarnahum	NOUN
kefe	NOUN
kefir	NOUN
kegay	NOUN
kegeyli	NOUN
kei	NOUN
keirengc	NOUN
kejim	NOUN
kek	NOUN
kekci	NOUN
kekcilik	NOUN
kekir	NOUN
kekirdak	NOUN
kekirik	NOUN
kekkay	NOUN
kekkayma	NOUN
kekkaymajon	NOUN
kekkaymaxon	NOUN
keks	NOUN
keksa	ADJ,NOUN
keksalik	NOUN
kel	ADV,NOUN,PRT,VERB
kelajak	ADJ,NOUN
kelar	NOUN
kelarxon	NOUN
kelat	NOUN
kelbat	NOUN
keldi	NOUN
keldimamat	NOUN
keldimat	NOUN
keldimirza	NOUN
keldimuhammad	NOUN
keldimurod	NOUN
keldinafas	NOUN
keldinazar	NOUN
keldiniyoz	NOUN
keldioroz	NOUN
keldiqilic	NOUN
keldiqiz	NOUN
keldiqul	NOUN
keldiqurbon	NOUN
keldisafar	NOUN
keldisaid	NOUN
keldixoja	NOUN
keldixon	NOUN
keldiyor	NOUN
keles	NOUN
kelgan	NOUN
kelganoy	NOUN
kelginboy	NOUN
kelgindi	NOUN
kelgusi	ADV
kelica	NOUN
kelin	NOUN
kelinbaron	NOUN
kelincak	NOUN
kelincaklik	NOUN
keling	PRT
kelinkordi	NOUN
kelinlik	NOUN
kelinoyi	NOUN
kelinpoşşa	NOUN
kelinsalom	NOUN
kelintuşdi	NOUN
kelisop	NOUN
keliş	NOUN,VERB
kelişgan	NOUN
kelişganlik	NOUN
kelişik	NOUN
kelişil	VERB
kelişim	NOUN
kelişimsiz	NOUN
kelişma	NOUN
kelişmagan	NOUN
kelişmaganlik	NOUN
kelişmo	NOUN
kelişmov	NOUN
kelişmovcilik	NOUN
keliştir	VERB
keliştiril	VERB
kelişuv	NOUN
kelişuvci	NOUN
kelişuvcilik	NOUN
kelje	NOUN
kelmentsi	NOUN
kelmuhammad	NOUN
kelol	VERB
kelsak	NOUN
kelsin	NOUN
kelsinoy	NOUN
kelsinqul	NOUN
kelsinxoja	NOUN
keltir	VERB
keltiriş	VERB
keltirol	VERB
keltirt	VERB
keltoş	NOUN
kema	NOUN
kemaci	NOUN
kemacilik	NOUN
kemakaş	NOUN
kemal	NOUN
kemasoz	NOUN
kemasozlik	NOUN
kemerov	NOUN
kemerova	NOUN
kemerovo	NOUN
kemik	NOUN
kemir	NOUN,VERB
kemira	VERB
kemiraver	VERB
kemiril	VERB
kemiruv	NOUN
kemiruvci	NOUN
kemiruvcilar	NOUN
kemti	VERB
kemtil	VERB
kemşik	NOUN
kemşiklik	NOUN
kenagas	NOUN
kenagasxon	NOUN
kenan	NOUN
kenas	NOUN
kendir	NOUN
kenes	NOUN
kenesyop	NOUN
kenevr	NOUN
keng	ADJ,NOUN,VERB
kengay	VERB
kengayt	VERB
kengaytir	VERB
kengaytiril	VERB
kengaş	NOUN,VERB
kengaşboy	NOUN
kengaşci	NOUN
kengaşma	NOUN
kengaşmirza	NOUN
kengaşoy	NOUN
kengaşqul	NOUN
kengaşxoja	NOUN
kengboy	NOUN
kengcilik	NOUN
kenglik	NOUN
kenguru	NOUN
kenisbek	NOUN
keniya	NOUN
kenja	ADJ,NOUN
kenjaali	NOUN
kenjabek	NOUN
kenjabeka	NOUN
kenjabibi	NOUN
kenjabonu	NOUN
kenjaboy	NOUN
kenjabuvi	NOUN
kenjagul	NOUN
kenjam	NOUN
kenjamamat	NOUN
kenjamirza	NOUN
kenjamurod	NOUN
kenjanur	NOUN
kenjapolat	NOUN
kenjaqiz	NOUN
kenjaqul	NOUN
kenjasori	NOUN
kenjasuluv	NOUN
kenjatora	NOUN
kenjatoy	NOUN
kenjaxoja	NOUN
kenjaxon	NOUN
kenjic	NOUN
kennedy	NOUN
kennoye	NOUN
kenovic	NOUN
kent	NOUN
kentucky	NOUN
kentukki	NOUN
kep	VERB
kepak	ADJ,NOUN,VERB
kepakla	VERB
kepaklan	VERB
kepata	NOUN
kepci	VERB
kepcik	NOUN,VERB
kepcikla	VERB
kepka	NOUN
keptir	VERB
keptiril	VERB
ker	NOUN,VERB
kerag	ADV
keraga	NOUN
keragi	ADV
keragica	ADV
kerak	ADJ,NOUN,PRT
kerakgul	NOUN
kerakli	ADJ
keraklik	NOUN
kerakmas	NOUN
keraksiz	NOUN
keraksizlik	NOUN
keramika	NOUN
keramzit	NOUN
keray	NOUN
kerayit	NOUN
kerbela	NOUN
kerezevi	NOUN
kergi	NOUN,VERB
kergila	VERB
keril	VERB
keriltir	VERB
keriye	NOUN
keriz	NOUN
keriş	VERB
keriştir	VERB
kerk	NOUN,VERB
kerkk	NOUN
kerkkan	NOUN
kerkkanlik	NOUN
kermabon	NOUN
kerman	NOUN
kermil	NOUN
kerogaz	NOUN
kerosin	NOUN
kerosinka	NOUN
kerry	NOUN
kerstic	NOUN
kert	VERB
kertak	NOUN
kertik	NOUN
kertil	VERB
kerttir	VERB
kes	ADJ,NOUN,VERB
kesak	NOUN,VERB
kesakla	VERB
kesaklan	VERB
kesaklaş	VERB
kesat	NOUN
kesatiq	NOUN
kesayev	NOUN
kesayeva	NOUN
kesik	NOUN
kesim	NOUN
kesimlik	NOUN
keskic	NOUN
keskin	NOUN
keskinlik	NOUN
keskir	ADJ
kesma	NOUN
ket	NOUN,VERB
ketcup	NOUN
ketgut	NOUN
ketmon	NOUN
ketmonboy	NOUN
ketmonci	NOUN
ketmoncilik	NOUN
ketmondoş	NOUN
ketmonkaş	NOUN
ketmonoy	NOUN
ketmonqul	NOUN
kevin	NOUN
keyin	ADJ,ADV,AUX,VERB
keyinca	ADV
keyincalik	ADV
keyinga	ADV
keyingi	ADJ
keyinlaş	VERB
keys	NOUN
keyser	NOUN
keyt	NOUN
kez	NOUN,VERB
kezak	NOUN
kezdir	VERB
kezdirtir	VERB
kezin	VERB
keziş	VERB
kezlev	NOUN
keşbeka	NOUN
keşboy	NOUN
kfor	NOUN
kgb	NOUN
ki	NOUN
kibernetika	NOUN
kibor	NOUN
kibora	NOUN
kiborali	NOUN
kiborg	NOUN
kiborlik	NOUN
kibormirza	NOUN
kiborqul	NOUN
kiborxoja	NOUN
kibr	NOUN,VERB
kibriddin	NOUN
kibriyo	NOUN
kibriyoniso	NOUN
kibrlan	VERB
kibrlik	NOUN
kicanovic	NOUN
kicik	ADJ,NOUN,VERB
kicikgul	NOUN
kicikkina	ADJ
kicikla	VERB
kiciklaş	VERB
kiciklaştir	VERB
kiciklik	NOUN
kicikmirza	NOUN
kicikora	NOUN
kicikqiz	NOUN
kicikqul	NOUN
kicikroq	ADJ
kiciktoy	NOUN
kicikxoja	NOUN
kicikxon	NOUN
kickina	NOUN
kickinalik	NOUN
kidic	NOUN
kifoya	ADV,NOUN,VERB
kifoyalan	VERB
kifoyat	NOUN
kifri	NOUN
kift	NOUN,VERB
kiftla	VERB
kigiz	NOUN
kihtenko	NOUN
kikic	NOUN
kili	NOUN
kilic	NOUN
kilk	VERB
kilkilla	VERB
kilkillat	VERB
kilkis	NOUN
kilo	NOUN
kilogramm	NOUN
kilolab	ADV
kilometr	NOUN
kilotonna	NOUN
kilovatt	NOUN
kim	NOUN
kimlik	NOUN
kimono	NOUN
kimsa	NOUN
kimsan	NOUN
kimsanmirza	NOUN
kimsanoy	NOUN
kimsanqozi	NOUN
kimsanqul	NOUN
kimsanxoja	NOUN
kimxob	NOUN
kimyo	NOUN,VERB
kimyobibi	NOUN
kimyogar	NOUN
kimyogarlik	NOUN
kimyolaş	VERB
kimyolaştir	VERB
kimyolaştiril	VERB
kimyonazar	NOUN
kin	NOUN
kina	NOUN
kindik	NOUN
kindor	NOUN
kinematograf	NOUN
kinematografci	NOUN
kinematografiy	NOUN
kinematografiya	NOUN
kineskop	NOUN
kinetik	NOUN
kinetika	NOUN
king	NOUN
kingston	NOUN
kinna	NOUN,VERB
kinnaci	NOUN
kinnacilik	NOUN
kinnakaş	NOUN
kinnakaşlik	NOUN
kinnala	VERB
kino	NOUN,VERB
kinoaktrisa	NOUN
kinoaktyor	NOUN
kinoapparat	NOUN
kinoapparatura	NOUN
kinoartist	NOUN
kinobudka	NOUN
kinoci	NOUN
kinodramaturgiya	NOUN
kinofestival	NOUN
kinofilm	NOUN
kinojurnal	NOUN
kinokartina	NOUN
kinokomediya	NOUN
kinokonsert	NOUN
kinolaş	VERB
kinolaştir	VERB
kinolaştiril	VERB
kinolenta	NOUN
kinolog	NOUN
kinologiya	NOUN
kinomexanik	NOUN
kinooperator	NOUN
kinopanorama	NOUN
kinoplyonka	NOUN
kinoprokat	NOUN
kinorejissyor	NOUN
kinosayohat	NOUN
kinosayohatci	NOUN
kinossenariy	NOUN
kinossenariya	NOUN
kinostudiya	NOUN
kinoteatr	NOUN
kinotexnika	NOUN
kinotomoşabin	NOUN
kinoxronika	NOUN
kinoya	NOUN
kinoyat	NOUN
kinoşunos	NOUN
kinşasa	NOUN
kioska	NOUN
kioskaci	NOUN
kioto	NOUN
kipcakskaya	NOUN
kipcakski	NOUN
kipr	NOUN
kipratikan	NOUN
kiprik	NOUN
kir	ADJ,NOUN,VERB
kir-cir	ADJ
kira	NOUN,VERB
kiraci	NOUN
kirakaş	NOUN
kirakaşlik	NOUN
kiraver	VERB
kiray	NOUN
kirca	NOUN
kirci	NOUN
kirdikor	NOUN
kirdir	VERB
kirdirtir	VERB
kireyev	NOUN
kireyeva	NOUN
kirgiz	VERB
kirgizdir	VERB
kirgizil	VERB
kirgizmambas	NOUN
kiribati	NOUN
kirikivka	NOUN
kirikkalespor	NOUN
kiril	NOUN,VERB
kirim	NOUN
kirin	NOUN
kirit	VERB
kiritil	VERB
kirittir	VERB
kiriş	VERB
kirişil	VERB
kiriştir	VERB
kirk	VERB
kirka	NOUN
kirkik	NOUN
kirkilla	VERB
kirkillaş	VERB
kirkorov	NOUN
kirkorova	NOUN
kirla	VERB
kirlan	VERB
kirlat	VERB
kirlaş	VERB
kirli	ADJ,NOUN
kirlik	NOUN
kirmon	NOUN
kirmonboy	NOUN
kirmonqul	NOUN
kirmonxoja	NOUN
kirnasivka	NOUN
kirom	NOUN
kiromiddin	NOUN
kiromulla	NOUN
kiros	NOUN
kirov	NOUN
kirova	NOUN
kirovka	NOUN
kirovograd	NOUN
kirovsk	NOUN
kirovskoye	NOUN
kiroyi	NOUN
kirpec	NOUN
kirpi	NOUN
kirpitikan	NOUN
kirpoş	NOUN
kirt	VERB
kirtay	VERB
kirtaytir	VERB
kirtilla	VERB
kirtillat	VERB
kirtokca	NOUN
kirxona	NOUN
kirza	NOUN
kirşan	NOUN
kirşehir	NOUN
kisel	NOUN
kisic	NOUN
kisir	VERB
kisirla	VERB
kisirlat	VERB
kislorod	NOUN
kislota	ADJ,NOUN
kislotali	ADJ
kissa	NOUN
kissadoz	NOUN
kissadozlik	NOUN
kissavur	NOUN
kissavurlik	NOUN
kista	NOUN
kistirma	NOUN
kit	NOUN
kitanovic	NOUN
kitanovskiy	NOUN
kitarovic	NOUN
kitay	NOUN
kitel	NOUN
kitob	NOUN
kitoba	NOUN
kitobat	NOUN
kitobfuruş	NOUN
kitobfuruşlik	NOUN
kitobiy	NOUN
kitobiylik	NOUN
kitobxon	NOUN
kitobxona	NOUN
kitobxonlik	NOUN
kitobşunos	NOUN
kitobşunoslik	NOUN
kitsman	NOUN
kivalov	NOUN
kivalova	NOUN
kiy	NOUN,VERB
kiya	NOUN
kiyas	NOUN
kiyazov	NOUN
kiyazova	NOUN
kiydir	VERB
kiydiril	VERB
kiydiriş	VERB
kiydirtir	VERB
kiyev	NOUN
kiygiz	VERB
kiygizdir	VERB
kiygiziş	VERB
kiyik	NOUN
kiyikbeka	NOUN
kiyikbibi	NOUN
kiyikboy	NOUN
kiyikci	NOUN
kiyikgozal	NOUN
kiyikgul	NOUN
kiyikjamol	NOUN
kiyikmirza	NOUN
kiyikot	NOUN
kiyikxon	NOUN
kiyim	NOUN
kiyimlik	NOUN
kiyin	VERB
kiyiniş	VERB
kiyintir	VERB
kiz	NOUN
kizak	NOUN,VERB
kizakla	VERB
kizaklat	VERB
kizimenko	NOUN
kizzik	NOUN
kişan	NOUN,VERB
kişanla	VERB
kişanlan	VERB
kişanlat	VERB
kişi	NOUN
kişilik	NOUN
kişine	NOUN
kişisiz	NOUN
kişisizlik	NOUN
kişmiş	NOUN
kişmişoy	NOUN
kişno	NOUN
kişnov	NOUN
kişt	INTJ
kiştut	NOUN
kişvar	NOUN
kişvara	NOUN
kişvarmirza	NOUN
kişvarxoja	NOUN
kişveyev	NOUN
kişveyeva	NOUN
kkes	NOUN
kktc	NOUN
kla	NOUN
klajic	NOUN
klamira	NOUN
klapan	NOUN
klara	NOUN
klaric	NOUN
klark	NOUN
klarnet	NOUN
klarnetci	NOUN
klas	NOUN
klasnic	NOUN
klass	NOUN
klassifikator	NOUN
klassifikatsiya	NOUN
klassik	ADJ,NOUN
klassitsizm	NOUN
klaster	NOUN
klaud	NOUN
klaudius	NOUN
klaus	NOUN
klaviatura	NOUN
klaviş	NOUN
klemma	NOUN
klepic	NOUN
klerikalizm	NOUN
klesiv	NOUN
kletcatka	NOUN
kleyonka	NOUN
kleş	NOUN
klickovic	NOUN
klicnikov	NOUN
klicnikova	NOUN
klifford	NOUN
klikovic	NOUN
klimaks	NOUN
klimatolog	NOUN
klimatologiya	NOUN
klimatoterapiya	NOUN
klimenko	NOUN
klimov	NOUN
klimova	NOUN
klimovskiy	NOUN
klinika	NOUN
klinker	NOUN
klinton	NOUN
klip	NOUN
kliring	NOUN
kliyent	NOUN
klizma	NOUN,VERB
klizmala	VERB
klişe	NOUN
kljajevic	NOUN
klon	NOUN
klosson	NOUN
klub	NOUN
kluyev	NOUN
kluyeva	NOUN
klyayevic	NOUN
klyoş	NOUN
klyuc	NOUN
knezevic	NOUN
knopka	NOUN,VERB
knopkala	VERB
knyaz	NOUN
knyazlik	NOUN
koa	NOUN
koagulyatsiya	VERB
koagulyatsiyala	VERB
koagulyatsiyalan	VERB
koagulyatsiyalaş	VERB
koagulyatsiyalaştir	VERB
koalitsion	NOUN
koalitsiya	NOUN
kobac	NOUN
kobalt	NOUN
kobelaki	NOUN
kobilic	NOUN
kobra	NOUN
kobul	NOUN
koc	ADJ,NOUN,VERB
koca	NOUN
kocabog	NOUN
kocaeli	NOUN
kocaelispor	NOUN
kocak	NOUN
kocali	NOUN
kocalik	NOUN
kocama-koca	ADV
kocanov	NOUN
kocanova	NOUN
kocar	NOUN
kocarali	NOUN
kocarboy	NOUN
kocarmirza	NOUN
kocarqul	NOUN
kocartoy	NOUN
kocat	NOUN
kocatci	NOUN
kocatcilik	NOUN
kocatxona	NOUN
kocatzor	NOUN
kocbeka	NOUN
kocegar	NOUN
kocegarka	NOUN
kocic	NOUN
kocim	NOUN
kocimmirza	NOUN
kocimmurod	NOUN
kocimqul	NOUN
kocir	NOUN,VERB
kocirgic	NOUN
kociril	VERB
kociriq	NOUN
kociriş	VERB
kocirma	NOUN
kocirmaci	NOUN
kocirmacilik	NOUN
kocirmakaş	NOUN
kocirmakaşlik	NOUN
kocirtir	VERB
kockeldi	NOUN
kocki	NOUN
kockin	NOUN
kockinoy	NOUN
kockinqul	NOUN
kockinxoja	NOUN
kocma	ADJ
kocmanci	NOUN
kocmancilik	NOUN
kocmas	ADJ
kocmirza	NOUN
kocmurod	NOUN
kocovskiy	NOUN
kocxoja	NOUN
kod	NOUN,VERB
kodein	NOUN
kodeks	NOUN,VERB
kodekslaş	VERB
kodekslaştir	VERB
kodifikatsiya	NOUN
kodima	NOUN
kodla	VERB
kodlaş	VERB
kodlaştir	VERB
kodlaştiril	VERB
kodra	NOUN
koeffitsiyent	NOUN
kofe	NOUN
kofein	NOUN
kofi	NOUN
kofir	NOUN
kofirlik	NOUN
kofiy	NOUN
kofiya	NOUN
kofta	NOUN
koftukov	NOUN
kofur	NOUN
kofura	NOUN
kogan	VERB
koganak	NOUN
koganla	VERB
kogarcin	NOUN
kogay	NOUN
kogocic	NOUN
kogon	NOUN
kogovic	NOUN
koh	NOUN
kohakota	NOUN
kohin	NOUN
kohinur	NOUN
kohlik	ADJ
kohna	ADJ,NOUN
kohnadaryo	NOUN
kohnalik	NOUN
kohnaşanbi	NOUN
kohzod	NOUN
koinot	NOUN
koipecak	NOUN
kojadinovic	NOUN
kojak	NOUN
kojanka	NOUN
kojar	NOUN
kojbon	NOUN
kojic	NOUN
kojik	NOUN
kojurov	NOUN
kojurova	NOUN
kojux	NOUN
kok	ADJ,NOUN,VERB
koka	NOUN
kokain	NOUN
kokalam	NOUN,VERB
kokalamzor	NOUN,VERB
kokalamzorlaş	VERB
kokalamzorlaştir	VERB
kokaltoş	NOUN
kokan	NOUN,VERB
kokanak	NOUN
kokanayev	NOUN
kokanayeva	NOUN
kokanla	VERB
kokanmurod	NOUN
kokanovic	NOUN
kokanoy	NOUN
kokantoy	NOUN
kokar	NOUN,VERB
kokarcin	NOUN
kokarinqira	VERB
kokarsin	NOUN
kokartir	VERB
kokat	NOUN
kokatzor	NOUN
kokca	NOUN
kokcak	NOUN
kokci	NOUN
kokcilik	NOUN
kokdala	NOUN
kokdumaloq	NOUN
koketka	NOUN
kokgul	NOUN
koki	NOUN
kokiboy	NOUN
kokic	NOUN
kokil	NOUN
kokila	NOUN
kokim	NOUN
kokimboy	NOUN
kokimmirza	NOUN
kokimtir	ADJ
kokixon	NOUN
kokiş	ADJ
kokkoz	NOUN
kokla	NOUN,VERB
koklam	NOUN
koklamoy	NOUN
koklat	VERB
kokli	NOUN
koklik	NOUN
kokluz	NOUN
kokmak	NOUN
kokmirza	NOUN
kokmoyin	NOUN
koknor	NOUN
koknori	NOUN
koknorixona	NOUN
kokorol	NOUN
kokorovskiy	NOUN
kokos	NOUN
kokota	NOUN
kokovic	NOUN
kokpek	NOUN
kokpoya	NOUN
kokqarga	NOUN
kokqutan	NOUN
kokrak	NOUN
kokrakburma	NOUN
kokroq	ADJ
koks	NOUN,VERB
koksa	NOUN
koksagiz	NOUN
koksaroy	NOUN
koksla	VERB
kokslan	VERB
koksov	VERB
koksovla	VERB
koksovlan	VERB
koksulton	NOUN
koksuv	NOUN
koktargoq	NOUN
koktemir	NOUN
kokteyl	NOUN
koktikan	NOUN
koktobel	NOUN
koktonni	NOUN
koktoy	NOUN
koktoş	NOUN
kokturgoq	NOUN
koktuvon	NOUN
kokyotal	NOUN
kol	NOUN,VERB
kolaga	NOUN
kolak	NOUN
kolanka	NOUN
kolba	NOUN
kolbas	NOUN
kolbasa	NOUN
kolboy	NOUN
kolbuqa	NOUN
kolcedan	NOUN
kolcenko	NOUN
kolcino	NOUN
kolenkor	NOUN
kolesnicenko	NOUN
kolesnikov	NOUN
kolesnikova	NOUN
kolibri	NOUN
kolic	NOUN
kolik	NOUN
kolin	NOUN
kolisnicenko	NOUN
kolit	NOUN
koliyon	NOUN
koljevic	NOUN
kolka	NOUN,VERB
kolkala	VERB
kolkalan	VERB
kolla	VERB
kollaj	NOUN
kollat	VERB
kolledj	NOUN
kollegial	NOUN
kollegiallik	NOUN
kollegiya	NOUN
kollej	NOUN
kolleksioner	NOUN
kolleksiya	NOUN
kolleksiyaci	NOUN
kollektiv	ADJ,NOUN,VERB
kollektivci	NOUN
kollektivcilik	NOUN
kollektivizm	NOUN
kollektivlaş	VERB
kollektivlaştir	VERB
kollektivlik	NOUN
kollektor	NOUN
kolli	NOUN
kolliziya	NOUN
kollodiy	NOUN
kolloid	NOUN
kollokvium	NOUN
kolmak	NOUN,VERB
kolmakla	VERB
koln	NOUN
kolob	NOUN,VERB
kolobla	VERB
koloblat	VERB
kolobov	NOUN
kolobova	NOUN
kolomenskoye	NOUN
kolomiya	NOUN
kolon	NOUN
kolonbeka	NOUN
kolonist	NOUN
koloniya	NOUN
kolonka	NOUN
kolonna	NOUN
kolonsifra	NOUN
kolontitul	NOUN
kolontora	NOUN
kolonxoja	NOUN
kolorado	NOUN
kolorit	NOUN
kolp	VERB
kolpla	VERB
kolplaş	VERB
kolsaga	NOUN
koltepa	NOUN
kolumbiya	NOUN
kolvor	NOUN
kolxoz	NOUN,VERB
kolxozbek	NOUN
kolxozci	NOUN
kolxozcilik	NOUN
kolxozlaş	VERB
kolxozlaştir	VERB
kolyaska	NOUN
kom	NOUN,VERB
koma	NOUN
komac	NOUN
komacxon	NOUN
komak	NOUN,VERB
komakberdi	NOUN
komakboy	NOUN
komakci	NOUN
komakkeldi	NOUN
komaklaş	VERB
komakmurod	NOUN
komakxoja	NOUN
komanda	NOUN
komandadoş	NOUN
komandadoşlik	NOUN
komandir	NOUN
komandirlik	NOUN
komandirovka	NOUN
komandirovkaci	NOUN
komarno	NOUN
kombaxt	NOUN
kombayn	NOUN
kombaynci	NOUN
kombaynsoz	NOUN
kombaynsozlik	NOUN
kombic	NOUN
kombikorm	NOUN
kombinat	NOUN
kombinatsiya	NOUN
kombinezon	NOUN
komdir	VERB
komediya	NOUN
komediyaci	NOUN
komendant	NOUN
komendatura	NOUN
kometa	NOUN
komi	NOUN
komic	NOUN
komik	NOUN
komil	NOUN,VERB
komila	NOUN
komilmirza	NOUN
komiltir	VERB
komiltora	NOUN
komilxoja	NOUN
komilyor	NOUN
komilşer	NOUN
komintern	NOUN
kominternivske	NOUN
komir	NOUN,VERB
komircak	NOUN
komirci	NOUN
komircilik	NOUN
komirlan	VERB
komirxona	NOUN
komissar	NOUN
komissariat	NOUN
komissarlik	NOUN
komissarov	NOUN
komissarova	NOUN
komission	NOUN
komissioner	NOUN
komissiya	NOUN
komitent	NOUN
komitet	NOUN
komiteta	NOUN
komiş	NOUN,VERB
komişna	NOUN
komlrtepa	NOUN
komma	NOUN
kommentariy	NOUN
kommentator	NOUN
kommersant	NOUN
kommersiya	NOUN
kommonwealth	NOUN
kommuna	NOUN
kommunal	NOUN
kommunar	NOUN
kommunikatsion	NOUN
kommunikatsiya	NOUN
kommunist	NOUN
kommunizm	NOUN
kommutator	NOUN
komoc	NOUN
komorlar	NOUN
komoyedov	NOUN
komoyedova	NOUN
kompakt-disk	NOUN
kompanicenko	NOUN
kompaniya	NOUN
kompaniyivka	NOUN
kompanovic	NOUN
komparativizm	NOUN
kompas	NOUN
kompensatsiya	NOUN
kompilyasiya	NOUN
kompleks	NOUN
komplekt	NOUN,VERB
komplektla	VERB
komponent	NOUN
kompost	NOUN
komposter	NOUN,VERB
komposterla	VERB
kompot	NOUN
kompozitor	NOUN
kompozitorlik	NOUN
kompozitsiya	NOUN
kompress	NOUN
kompressor	NOUN
kompromiss	NOUN
kompyuter	NOUN,VERB
kompyuterlaş	VERB
kompyuterlaştir	VERB
komron	NOUN
komronlik	NOUN
komronşox	NOUN
komsic	NOUN
komsomol	NOUN
komsomolka	NOUN
komsomollik	NOUN
komsomolsk	NOUN
komsomolskoye	NOUN
komul	NOUN
komyor	NOUN
kon	NOUN,VERB
konak	NOUN
konarot	NOUN
konci	NOUN
koncilik	NOUN
koncrap	NOUN
koncup	NOUN
konda	NOUN
kondalang	VERB
kondalangiga	ADV
kondalangla	VERB
kondensat	NOUN
kondensator	NOUN
kondensatsiya	NOUN,VERB
kondensatsiyala	VERB
kondesku	NOUN
kondic	NOUN
kondir	VERB
kondiril	VERB
kondirtir	VERB
konditer	NOUN
konditsioner	NOUN
konditsiya	NOUN
kondopolos	NOUN
kondovskiy	NOUN
kondoz	NOUN
kondozlik	NOUN
kondratyev	NOUN
kondratyeva	NOUN
konduktor	NOUN
konfederatsiya	NOUN
konferanse	NOUN
konferanselik	NOUN
konferensiya	NOUN
konferenszal	NOUN
konfessiya	NOUN
konfet	NOUN
konfiskatsiya	NOUN
konflikt	NOUN
konfliktci	NOUN
konfrontatsiya	NOUN
konfutsiy	NOUN
kongalak	NOUN
kongil	ADJ,NOUN,VERB
kongilcak	NOUN
kongilcaklik	NOUN
kongilcan	ADJ,NOUN
kongilcanlik	NOUN
kongilla	VERB
kongilli	ADJ
kongillik	NOUN
kongilsiz	NOUN,VERB
kongilsizlan	VERB
kongilsizlik	NOUN
kongilxuşlik	NOUN
kongli	NOUN
konglomerat	NOUN
kongo	NOUN
kongress	NOUN
kongressmen	NOUN
kongur	NOUN
kongurli	NOUN
konigul	NOUN
konik	NOUN,VERB
konikiş	VERB
konikma	NOUN
koniktir	VERB
konikuşic	NOUN
konimex	NOUN
koniş	VERB
konjanovskiy	NOUN
konjic	NOUN
konjikusic	NOUN
konjukusic	NOUN
konka	NOUN
konki	NOUN
konkici	NOUN
konkov	NOUN
konkova	NOUN
konkret	NOUN,VERB
konkretlaş	VERB
konkretlaştir	VERB
konkretlaştiril	VERB
konkretlik	NOUN
konkurensiya	NOUN
konkurs	NOUN
konnecticut	NOUN
konnikov	NOUN
konnikova	NOUN
kononenko	NOUN
kononov	NOUN
kononova	NOUN
konotop	NOUN
konovalov	NOUN
konovalova	NOUN
konrat	NOUN
konsalting	NOUN
konsensus	NOUN
konsentrat	NOUN
konsentratsion	NOUN
konsentratsiya	NOUN,VERB
konsentratsiyalan	VERB
konsentratsiyalaş	VERB
konsentratsiyalaştir	VERB
konsepsiya	NOUN
konsern	NOUN
konsert	NOUN
konsertmeyster	NOUN
konserva	NOUN
konservaci	NOUN
konservativ	NOUN
konservativlik	NOUN
konservatizm	NOUN
konservator	NOUN
konservatoriya	NOUN
konservatorlik	NOUN
konsessiya	NOUN
konsignatsiya	NOUN
konsilium	NOUN
konskovola	NOUN
konslager	NOUN
konsolidatsiya	NOUN
konsonans	NOUN
konsonantizm	NOUN
konspekt	NOUN,VERB
konspektlaştir	VERB
konspektlaştiril	VERB
konspirator	NOUN
konspiratsion	NOUN
konspiratsiya	NOUN
konstantin	NOUN
konstantinesku	NOUN
konstantinopl	NOUN
konstantinov	NOUN
konstantinova	NOUN
konstantinovic	NOUN
konstantinovka	NOUN
konstantinovna	NOUN
konstantvinov	NOUN
konstantvinova	NOUN
konstatinov	NOUN
konstatinova	NOUN
konstitutsion	NOUN
konstitutsiya	NOUN,VERB
konstitutsiyalaştir	VERB
konstruksiya	NOUN
konstruktor	NOUN
konsul	NOUN
konsullik	NOUN
konsultant	NOUN
konsultantlik	NOUN
konsultativ	NOUN
konsultatsiya	NOUN
konsulxona	NOUN
kontakt	NOUN
kontekst	NOUN
konteyner	NOUN
kontinent	NOUN
kontingent	NOUN
kontora	NOUN
kontrabanda	NOUN
kontrabandist	NOUN
kontrabas	NOUN
kontragent	NOUN
kontrakt	NOUN
kontraktatsiya	NOUN
kontramarka	NOUN
kontrast	NOUN
kontrataka	NOUN
kontributsiya	NOUN
kontrol	NOUN
kontrollik	NOUN
kontrolsiz	NOUN
kontrolsizlik	NOUN
kontrolyor	NOUN
kontrpropaganda	NOUN
kontrrevolyusion	NOUN
kontrrevolyusioner	NOUN
kontrrevolyusiya	NOUN
kontrrevolyutsion	NOUN
kontrrevolyutsionlik	NOUN
kontrrevolyutsiya	NOUN
kontur	NOUN
kontuziya	NOUN,VERB
kontuziyalan	VERB
konus	NOUN
konussimon	ADJ
konuşkov	NOUN
konuşkova	NOUN
konvensiya	NOUN
konvert	NOUN,VERB
konverter	NOUN
konvertla	VERB
konveyer	NOUN,VERB
konveyerlaş	VERB
konveyerlaştir	VERB
konvoir	NOUN
konvoy	NOUN
konya	NOUN
konyak	NOUN
konyaspor	NOUN
konyunktiva	NOUN
konyunktivit	NOUN
konzafas	NOUN
kooperativ	NOUN,VERB
kooperativci	NOUN
kooperativlaş	VERB
kooperativlaştir	VERB
kooperativlaştiril	VERB
kooperator	NOUN
kooperatsiya	NOUN,VERB
kooperatsiyala	VERB
koordinat	NOUN
koordinata	NOUN
koordinatsiya	NOUN,VERB
koordinatsiyala	VERB
koordinatsiyalaştir	VERB
kop	ADJ,ADV,NOUN,VERB
kopa	NOUN
kopal	NOUN
kopalboy	NOUN
kopas	NOUN
kopauv	NOUN
kopauvci	NOUN
kopay	NOUN,VERB
kopaygorod	NOUN
kopayi	VERB
kopayiş	VERB
kopaymirza	NOUN
kopayniso	NOUN
kopayqul	NOUN
kopaysin	NOUN
kopayt	NOUN,VERB
kopaytir	NOUN,VERB
kopaytiril	NOUN,VERB
kopaytiriluvc	NOUN
kopaytiriluvci	NOUN
kopaytma	NOUN
kopaytuvci	NOUN
kopayuvci	NOUN
kopayxol	NOUN
kopbolsin	NOUN
kopboy	NOUN
kopburcak	NOUN
kopca	NOUN
kopci	NOUN,VERB
kopcik	NOUN
kopcilik	NOUN,VERB
kopciliklaş	VERB
kopcit	VERB
kopcitil	VERB
kopenhagen	NOUN
koper	NOUN
kophad	NOUN
kopicintsi	NOUN
kopik	NOUN,VERB
kopikla	VERB
kopiklan	VERB
kopiklantir	VERB
kopiklat	VERB
kopiklaş	VERB
kopinca	ADV
kopir	VERB
kopirt	VERB
kopirtir	VERB
kopiya	NOUN
kopjasar	NOUN
kopjon	NOUN
kopkari	NOUN
kopkarici	NOUN
koplab	ADV
koplab\	ADV
koplik	NOUN
kopmirza	NOUN
koppak	NOUN
koppel	NOUN
koppen	NOUN
koprik	NOUN
koprikboşi	NOUN
koproq	ADJ
koprulu	NOUN
koptikov	NOUN
koptir	NOUN,VERB
koptirma	NOUN
koptok	NOUN
kor	ADJ,NOUN,VERB
kor-kor	ADV
kor-korona	ADV
kora	AUX,NOUN
koragan	NOUN
korah	NOUN
korak	NOUN,VERB
korakla	VERB
koranda	NOUN
korandalik	NOUN
korar	VERB
korartir	VERB
korartiril	VERB
korayoz	VERB
korbekul	NOUN
korcal	NOUN
korcallon	NOUN
korcallonlik	NOUN
korcalon	NOUN
korcalonlik	NOUN
korcev	NOUN
korceva	NOUN
korcevic	NOUN
korci	NOUN
korcilik	NOUN
korciyevic	NOUN
kordic	NOUN
kordon	NOUN
kore	NOUN
koreiz	NOUN
korenic	NOUN
koreya	NOUN
koreys	NOUN
koreş	NOUN
korfaz	NOUN
korgas	NOUN
korgaz	VERB
korgazil	VERB
korgaziş	VERB
korgazma	NOUN
korgazmali	NOUN
korgi	NOUN
korgilik	NOUN
korgiz	VERB
korgizdir	VERB
korgoh	NOUN
koric	NOUN
koricak	NOUN
koridor	NOUN
korik	NOUN
korikboy	NOUN
korikmirza	NOUN
koril	VERB
korin	VERB
koriniş	VERB
korint	NOUN
koriz	NOUN
korizmurod	NOUN
koriş	VERB
koriştir	VERB
korjoma	NOUN
kork	ADJ,NOUN
korkaboy	NOUN
korkalamuş	NOUN
korkam	ADJ,NOUN,VERB
korkamboy	NOUN
korkamgul	NOUN
korkamlan	VERB
korkamlaş	VERB
korkamlaştir	VERB
korkamlik	NOUN
korkamoy	NOUN
korla	NOUN,VERB
korlik	NOUN
kormana	NOUN
kornamak	NOUN
korneliu	NOUN
kornelius	NOUN
kornet	NOUN
kornilov	NOUN
kornilova	NOUN
kornin	NOUN
korniyenko	NOUN
korobka	NOUN
korogli	NOUN
korol	NOUN,VERB
korolenko	NOUN
korolevo	NOUN
korollik	NOUN
korolmaslik	NOUN
koronka	NOUN
korop	NOUN
koropets	NOUN
korosten	NOUN
korostişiv	NOUN
korotayev	NOUN
korotayeva	NOUN
korovin	NOUN
korpa	ADJ,NOUN
korpaali	NOUN
korpabeka	NOUN
korpabibi	NOUN
korpaca	NOUN
korpagozal	NOUN
korpagul	NOUN
korpajamol	NOUN
korpalik	ADJ,NOUN
korpasoy	NOUN
korpus	NOUN
korrektor	NOUN
korrektorlik	NOUN
korrektura	NOUN
korrelyasiya	NOUN
korrespondent	NOUN
korrida	NOUN
korroziya	NOUN,VERB
korroziyalan	VERB
korroziyalantir	VERB
korrupsiya	NOUN
korsat	NOUN,VERB
korsatil	VERB
korsatiş	INTJ,VERB
korsatkic	NOUN
korsatma	NOUN
korsattir	VERB
korset	NOUN
korsicqon	NOUN
korson	NOUN
korsoz	NOUN
korsun	NOUN
kort	NOUN
kortogay	NOUN
korukivka	NOUN
korvcevic	NOUN
korxona	NOUN
korxonaci	NOUN
korzinka	NOUN
korşapalak	NOUN
kosa	NOUN,VERB
kosaca	NOUN
kosacabarg	NOUN
kosagar	NOUN
kosagaron	NOUN
kosagul	NOUN
kosagullik	NOUN
kosak	ADJ,NOUN,VERB
kosakla	VERB
kosala	VERB
kosam	NOUN
kosamiş	NOUN
kosanak	NOUN
kosanovic	NOUN
kosanqul	NOUN
kosari	NOUN
kosataroş	NOUN
kosekans	NOUN
kosen	NOUN
kosib	NOUN,VERB
kosibcilik	NOUN
kosiblaş	VERB
kosiblik	NOUN
kosic	NOUN
kosilka	NOUN
kosinus	NOUN
kosiv	NOUN
kosjeric	NOUN
koski	VERB
koskilaş	VERB
kosmetika	NOUN
kosmetolog	NOUN
kosmetologiya	NOUN
kosmodrom	NOUN
kosmogoniya	NOUN
kosmonavt	NOUN
kosmopolit	NOUN
kosmopolitizm	NOUN
kosmos	NOUN
kosonsoy	NOUN
kosonxon	NOUN
kosor	NOUN
kosov	NOUN,VERB
kosova	NOUN
kosovla	VERB
kosovo	NOUN
kossak	NOUN
kost	NOUN
kostanic	NOUN
kostantinov	NOUN
kostantinova	NOUN
kostas	NOUN
kostelic	NOUN
kostenko	NOUN
kostic	NOUN
kostov	NOUN
kostova	NOUN
kostovskiy	NOUN
kostrijivka	NOUN
kostroma	NOUN
kostunica	NOUN
kostyol	NOUN
kostyum	NOUN
kostyumboy	NOUN
kostyumlik	NOUN
kosumi	NOUN
kotak	NOUN
kotal	NOUN
kotangens	NOUN
kotar	ADJ,ADV,NOUN,VERB
kotara	ADJ,ADV
kotarasiga	ADV
kotargic	NOUN
kotargiz	VERB
kotaril	VERB
kotarinki	ADJ,NOUN
kotarinkilik	NOUN
kotariş	VERB
kotarma	ADJ,NOUN
kotarmaci	NOUN
kotarmali	NOUN
kotartir	VERB
kotelni	NOUN
kotelva	NOUN
kotib	NOUN
kotiba	NOUN
kotibiyat	NOUN
kotiblik	NOUN
kotlet	NOUN
kotlovan	NOUN
kotoh	NOUN
kotohlik	NOUN
kotor	NOUN
kotov	NOUN
kotova	NOUN
kotovsk	NOUN
kotric	NOUN
kotromanic	NOUN
kotsubinskaya	NOUN
kotsubinske	NOUN
kotsubinski	NOUN
kottbus	NOUN
kottej	NOUN
kouson	NOUN
kov	VERB
kovacevic	NOUN
kovacic	NOUN
kovak	NOUN,VERB
kovakla	VERB
kovaklan	VERB
kovalenko	NOUN
kovanovic	NOUN
kovatok	NOUN
kovboi	NOUN
kovboyka	NOUN
kovecevic	NOUN
kovel	NOUN
koverkot	NOUN
kovic	NOUN
koviya	NOUN,VERB
koviyala	VERB
kovla	NOUN,VERB
kovlagic	NOUN
kovlan	VERB
kovlat	VERB
kovlaş	VERB
kovlaştir	VERB
kovrak	NOUN
kovul	NOUN
kovus	NOUN
kovuskeldi	NOUN
kovusmamat	NOUN
kovusqul	NOUN
kovuş	NOUN
koy	NOUN
koyadinovic	NOUN
koycak	NOUN
koyi	VERB
koyin	VERB
koyit	VERB
koyittir	VERB
koyiş	VERB
koyka	NOUN
koykov	NOUN
koykova	NOUN
koylak	ADJ,NOUN
koylakcang	ADV
koylaklik	ADJ,NOUN
koynak	NOUN
koyni	NOUN
koytan	NOUN
koyxona	NOUN
koz	NOUN,VERB
koza	NOUN,VERB
kozabuvi	NOUN
kozala	VERB
kozan	NOUN
kozanak	NOUN
kozani	NOUN
kozaric	NOUN
kozatin	NOUN
kozaxon	NOUN
kozaxur	NOUN
kozbogci	NOUN
kozboglovci	NOUN
kozboyamaci	NOUN
kozboyamacilik	NOUN
kozboylogic	NOUN
kozel	NOUN
kozelets	NOUN
kozelşcina	NOUN
kozenko	NOUN
kozgu	NOUN
kozhanasyr	NOUN
kozik	VERB
koziktir	VERB
kozim	NOUN
kozimali	NOUN
kozimbek	NOUN
kozimberdi	NOUN
kozin	NOUN
koziryok	NOUN
kozkoz	VERB
kozkozla	VERB
kozla	VERB
kozlan	VERB
kozlaş	VERB
kozliv	NOUN
kozlov	NOUN
kozlova	NOUN
kozmuncoq	NOUN
kozova	NOUN
kozoynak	NOUN
kozpana	NOUN
koztepa	NOUN
kozyol	NOUN
koşak	NOUN
koşakboy	NOUN
koşanovic	NOUN
koşeke	NOUN
koşgariy	NOUN
koşif	NOUN
koşifa	NOUN
koşifiddin	NOUN
koşifulla	NOUN
koşin	NOUN,VERB
koşinkor	NOUN
koşinkorlik	NOUN
koşinla	VERB
koşinpaz	NOUN
koşk	NOUN
koşki	PRT
koşona	NOUN
krab	NOUN
kragujevac	NOUN
kraiova	NOUN
krajsumovic	NOUN
krakov	NOUN
krakova	NOUN
krakovets	NOUN
kraljevic	NOUN
kralyevic	NOUN
kramatorsk	NOUN
kran	NOUN
kranci	NOUN
kranj	NOUN
krasatici	NOUN
krasic	NOUN
krasiliv	NOUN
kraska	NOUN
krasne	NOUN
krasniki	NOUN
krasnodar	NOUN
krasnodon	NOUN
krasnoperekopsk	NOUN
krasnopilla	NOUN
krasnov	NOUN
krasnova	NOUN
krasnoyarsk	NOUN
krasnoyilsk	NOUN
krassen	NOUN
krater	NOUN
kratovo	NOUN
kravcenko	NOUN
kravtsov	NOUN
kravtsova	NOUN
kraxmal	NOUN,VERB
kraxmalla	VERB
kraxmallan	VERB
kray	NOUN
kraşennikov	NOUN
kraşennikova	NOUN
krbankli	NOUN
kredit	NOUN,VERB
kreditlaştir	VERB
kreditor	NOUN
kreis	NOUN
kreking	VERB
krekinglaştir	VERB
krem	NOUN
krematoriya	NOUN
krematsiya	NOUN
kremencuk	NOUN
kremenets	NOUN
kremenovic	NOUN
kreml	NOUN
kremniy	NOUN
kreol	NOUN
kreollar	NOUN
krep	NOUN
krepastnoy	ADJ
krepdeşin	NOUN
krepostnik	NOUN
krepostnoy	NOUN
krepostnoyci	NOUN
krepostnoylik	NOUN
kresic	NOUN
kreslo	NOUN
kresovic	NOUN
krest	NOUN
krestgullilar	NOUN
kretzulesku	NOUN
kreyser	NOUN
krganov	NOUN
krganova	NOUN
krgovic	NOUN
kricenko	NOUN
krijopil	NOUN
krikuşenko	NOUN
krilatov	NOUN
krilatova	NOUN
krilenko	NOUN
krilic	NOUN
krillov	NOUN
krillova	NOUN
krilov	NOUN
krilova	NOUN
krim	NOUN
krimenergo	NOUN
kriminalistika	NOUN
kriminform	NOUN
kriminlistika	NOUN
kriminologiya	NOUN
krimogli	NOUN
krimov	NOUN
krimova	NOUN
krimsos	NOUN
krioterapiya	NOUN
kriptografiya	NOUN
kriptogramma	NOUN
kris	NOUN
kristal	NOUN,VERB
kristalik	NOUN
kristall	NOUN
kristalla	VERB
kristallan	VERB
kristallaş	VERB
kristallaştir	VERB
kristallik	NOUN
kristallizatsiya	NOUN
kristensson	NOUN
kristian	NOUN
kristina	NOUN
kristo	NOUN
kristof	NOUN
kristofer	NOUN
kristor	NOUN
kristovic	NOUN
krit	NOUN
kritik	NOUN
krivdic	NOUN
krivokapic	NOUN
krivoşeyev	NOUN
krivoşeyeva	NOUN
kriz	NOUN
krizanic	NOUN
krizic	NOUN
krizis	NOUN
krkkalespor	NOUN
krkobabic	NOUN
krneta	NOUN
krnic	NOUN
krnkic	NOUN
kroket	NOUN
krolevets	NOUN
krona	NOUN
kronşteyn	NOUN
kross	NOUN
krossvord	NOUN
krot	NOUN
krotov	NOUN
krotova	NOUN
krovat	NOUN
krsmanovic	NOUN
krstajic	NOUN
krstic	NOUN
krstovic	NOUN
krtic	NOUN
kruglov	NOUN
kruglova	NOUN
krujka	NOUN
krujok	NOUN
krulic	NOUN
krupa	NOUN
krutov	NOUN
krutova	NOUN
kruzeyro	NOUN
kruşevo	NOUN
krvenkovskiy	NOUN
ksen	NOUN
ksenofobiya	NOUN
ksenon	NOUN
kserografiya	NOUN
kserokopiya	NOUN
ksf	NOUN
ksilografiya	NOUN
ktahya	NOUN
kua	NOUN
kub	ADJ,NOUN
kuba	NOUN
kubad	NOUN
kuban	NOUN
kubanka	NOUN
kubaro	NOUN
kubatura	NOUN
kubay	NOUN
kubbe	NOUN
kubik	NOUN
kubizm	NOUN
kubok	NOUN
kubometr	NOUN
kubro	NOUN
kubsimon	ADJ
kuc	ADJ,NOUN,VERB
kuc-kuc	INTJ
kucak	NOUN
kucala	NOUN
kucan	VERB
kucantir	VERB
kucay	VERB
kucayt	VERB
kucaytir	VERB
kucaytiril	VERB
kucbek	NOUN
kucberdi	NOUN
kucbotir	NOUN
kucer	NOUN
kucikboy	NOUN
kuckeldi	NOUN
kucla	VERB
kuclan	VERB
kuclantir	VERB
kucli	ADJ,NOUN
kuclilik	NOUN
kucmon	NOUN
kucmurod	NOUN
kucnazar	NOUN
kucquvvat	NOUN
kucsiz	ADJ,NOUN,VERB
kucsizlan	VERB
kucsizlantir	VERB
kucsizlik	NOUN
kuctirak	NOUN
kucuk	NOUN
kucukbacca	NOUN
kucukboy	NOUN
kucukkoy	NOUN
kuculovskiy	NOUN
kudaşov	NOUN
kudaşova	NOUN
kudraşov	NOUN
kudraşova	NOUN
kudung	NOUN,VERB
kudungci	NOUN
kudungla	VERB
kudunglan	VERB
kudungtar	NOUN
kudurat	NOUN
kudusov	NOUN
kudusova	NOUN
kuf	NOUN,VERB
kuffor	NOUN
kufla	VERB
kufr	NOUN,VERB
kufrlan	VERB
kufrlik	NOUN
kufron	NOUN
kugu	NOUN
kuh	NOUN,VERB
kuhkuh	VERB
kuhkuhla	VERB
kuhla	VERB
kuhrud	NOUN
kujovic	NOUN
kujundzic	NOUN
kukat	NOUN
kukatzor	NOUN
kukes	NOUN
kukic	NOUN
kukku	NOUN,VERB
kukkula	VERB
kukun	NOUN,VERB
kukunla	NOUN,VERB
kukunlat	NOUN
kukunlatgic	NOUN
kul	ADJ,NOUN,VERB
kulagan	NOUN
kulagon	NOUN
kulagonlik	NOUN
kulakov	NOUN
kulakova	NOUN
kulala	NOUN
kulang	NOUN
kulangi	NOUN
kulangir	NOUN
kulankir	NOUN
kular	NOUN
kularboy	NOUN
kulaver	VERB
kulba	NOUN
kulbapoyon	NOUN
kulbaxona	NOUN
kulbek	NOUN
kulca	NOUN,VERB
kulcaboy	NOUN
kulcala	VERB
kulcalan	VERB
kulcatoy	NOUN
kuldir	NOUN,VERB
kuldirgic	NOUN
kuldirtir	VERB
kuldon	NOUN
kulenovic	NOUN
kulfat	NOUN
kulgi	NOUN
kulgic	NOUN
kulgilik	NOUN
kulgu	ADJ
kulguli	ADJ
kuli	NOUN
kulicenko	NOUN
kulikiv	NOUN
kulikivka	NOUN
kulikov	NOUN
kulikova	NOUN
kuliş	VERB
kulişov	NOUN
kulişova	NOUN
kulkov	NOUN
kulkova	NOUN
kullik	NOUN,VERB
kullikci	NOUN
kullikla	VERB
kulliyot	NOUN
kulminatsion	NOUN
kulminatsiya	NOUN
kulmon	NOUN
kulmuhametov	NOUN
kulmuhametova	NOUN
kulob	NOUN
kulogic	NOUN
kuloh	NOUN
kulol	NOUN
kulola	NOUN
kulolci	NOUN
kulolcilik	NOUN
kulollik	NOUN
kulon	NOUN
kulongic	NOUN
kulox	NOUN
kuloxdor	NOUN
kuloxduz	NOUN
kulrang	ADJ,NOUN
kultepa	NOUN
kultivator	NOUN
kultivatsiya	NOUN,VERB
kultivatsiyala	VERB
kultivatsiyalaş	VERB
kuluc	NOUN
kulule	NOUN
kulumsi	VERB
kulumsira	VERB
kulunc	NOUN
kulunqira	VERB
kulur	NOUN
kuluvxon	NOUN
kumak	NOUN
kumakci	NOUN
kumakyon	NOUN
kumandir	NOUN
kumanova	NOUN
kumanovskiy	NOUN
kumir	NOUN
kumul	NOUN
kumuş	NOUN,VERB
kumuşali	NOUN
kumuşbeka	NOUN
kumuşbibi	NOUN
kumuşbonu	NOUN
kumuşboy	NOUN
kumuşgozal	NOUN
kumuşgul	NOUN
kumuşjamol	NOUN
kumuşla	VERB
kumuşlan	VERB
kumuşlantir	VERB
kumuşoy	NOUN
kumuşsoc	NOUN
kumuşsuluv	NOUN
kumuştegin	NOUN
kumuştoj	NOUN
kumuştoy	NOUN
kumuştursun	NOUN
kun	ADJ,NOUN
kunaş	NOUN
kunbeka	NOUN
kunberdi	NOUN
kuncenko	NOUN
kunci	NOUN
kuncilik	NOUN
kunciqar	NOUN
kunda	ADV,NOUN
kundakov	NOUN
kundal	NOUN
kundalik	NOUN
kundek	ADJ,ADV
kundoş	NOUN
kundoşlik	NOUN
kundoşvacca	NOUN
kunduz	NOUN
kunduzi	ADV
kunduzxon	NOUN
kungaboqar	NOUN
kungay	ADJ,NOUN
kungura	NOUN
kunic	NOUN
kuniga	ADV
kunimiz	NOUN
kunimizgaca	NOUN
kunj	NOUN
kunjak	NOUN
kunjamol	NOUN
kunjara	NOUN
kunji	NOUN
kunjiqala	NOUN
kunjut	NOUN
kunjutpoya	NOUN
kunlik	NOUN
kunmurod	NOUN
kunnazar	NOUN
kunnur	NOUN
kunora	ADV
kunoxun	NOUN
kunsulton	NOUN
kunsuluv	NOUN
kuntemir	NOUN
kuntic	NOUN
kuntugdi	NOUN
kuntugmiş	NOUN
kuntuqqan	NOUN
kunumxon	NOUN
kunun	NOUN
kunuzoq	NOUN
kunxoja	NOUN
kunyigit	NOUN
kunzi	NOUN
kupburcak	NOUN
kupe	NOUN
kuplet	NOUN
kupon	NOUN
kuporos	NOUN
kupriyanov	NOUN
kupriyanova	NOUN
kura	NOUN
kurak	NOUN
kurakca	NOUN
kural	NOUN
kurant	NOUN
kurator	NOUN
kuraş	ADJ,NOUN
kuraşcan	ADJ
kuraşci	NOUN
kuraşcin	NOUN
kuraşcinlik	NOUN
kurbankuli	NOUN
kurbanov	NOUN
kurbanova	NOUN
kurbantungul	NOUN
kurbedinov	NOUN
kurbedinova	NOUN
kurbeinov	NOUN
kurbeinova	NOUN
kurcatov	NOUN
kurcatova	NOUN
kurcenko	NOUN
kurd	NOUN
kurdik	NOUN
kurdiston	NOUN
kurdlar	NOUN
kuretic	NOUN
kureş	NOUN
kurgalak	NOUN
kurgalaklar	NOUN
kuric	NOUN
kurk	NOUN,VERB
kurka	NOUN
kurkinak	NOUN
kurklan	VERB
kurkov	NOUN
kurkova	NOUN
kurkovic	NOUN
kurkulla	VERB
kurkullat	VERB
kurkunak	NOUN
kurmak	NOUN,VERB
kurmakla	VERB
kurmaklat	VERB
kurman	NOUN
kurort	NOUN
kurortci	NOUN
kurortologiya	NOUN
kurov	NOUN
kurova	NOUN
kurovic	NOUN
kurpa	NOUN
kurpalik	NOUN
kurra	NOUN
kurs	NOUN,VERB
kursant	NOUN
kursat	NOUN
kursatkic	NOUN
kursdoş	NOUN
kurseitov	NOUN
kurseitova	NOUN
kursi	NOUN
kursilla	VERB
kursillat	VERB
kursiya	NOUN
kursk	NOUN
kursovka	NOUN
kurt	NOUN,VERB
kurtak	NOUN,VERB
kurtakla	VERB
kurtbedinov	NOUN
kurtbedinova	NOUN
kurtilla	VERB
kurtillat	VERB
kurtiyev	NOUN
kurtiyeva	NOUN
kurtka	NOUN
kurtovic	NOUN
kurtseitov	NOUN
kurtseitova	NOUN
kurum	NOUN
kuruv	NOUN
kuruş	NOUN
kuruşiq	NOUN
kurz	NOUN
kurşun	NOUN
kusa	NOUN,VERB
kuseni	NOUN
kustar	NOUN
kustarcilik	NOUN
kustarlik	NOUN
kut	NOUN,VERB
kutayev	NOUN
kutayeva	NOUN
kuti	NOUN
kutil	VERB
kutilmaganda	ADV
kutiş	VERB
kutki	VERB
kutkila	VERB
kutkilan	VERB
kutkilaş	VERB
kutlak	NOUN
kutsenko	NOUN
kuttir	VERB
kuttirgiz	VERB
kutubxona	NOUN
kutubxonaci	NOUN
kutubxonacilik	NOUN
kutuzov	NOUN
kutuzova	NOUN
kuv	NOUN,VERB
kuva	NOUN
kuvaca	NOUN
kuvala	NOUN
kuveyt	NOUN
kuvi	NOUN
kuvla	VERB
kuvlan	VERB
kuvlaş	VERB
kuvrak	NOUN
kuy	ADJ,NOUN,VERB
kuya	NOUN
kuybev	NOUN
kuybişev	NOUN
kuyci	NOUN
kuydi-pişdi	ADJ
kuydir	VERB
kuydiril	VERB
kuydirtir	VERB
kuyib-piş	VERB
kuyik	VERB
kuyikkopir	NOUN
kuyiktir	VERB
kuyin	ADJ,NOUN,VERB
kuyinca	NOUN
kuyincak	ADJ,NOUN
kuyincaklik	NOUN
kuyincalik	NOUN
kuyka	NOUN
kuyla	VERB
kuylan	VERB
kuylaş	VERB
kuymala	VERB
kuymalan	VERB
kuyman	VERB
kuyov	NOUN
kuyovbola	NOUN
kuyovic	NOUN
kuyovlik	NOUN
kuyovnavkar	NOUN
kuyovsuv	NOUN
kuyuk	NOUN
kuyun	ADJ
kuyuncak	ADJ
kuyuncic	NOUN
kuz	ADJ,NOUN
kuza	VERB
kuzahmad	NOUN
kuzak	NOUN
kuzan	NOUN
kuzanboy	NOUN
kuzat	NOUN,VERB
kuzatil	VERB
kuzatuv	NOUN
kuzatuvcan	NOUN
kuzatuvcanlik	NOUN
kuzatuvci	NOUN
kuzboy	NOUN
kuzey	NOUN
kuzgi	ADJ
kuzkeldi	NOUN
kuzlik	NOUN
kuzmamat	NOUN
kuzmanovic	NOUN
kuzmenko	NOUN
kuzmic	NOUN
kuzmuhammad	NOUN
kuzmurod	NOUN
kuznetsov	NOUN
kuznetsova	NOUN
kuzov	NOUN
kuş	NOUN
kuşan	NOUN
kuşanboy	NOUN
kuşanda	NOUN
kuşetka	NOUN
kuşod	NOUN
kuşoyiş	NOUN
kuşxona	NOUN
kvadrant	NOUN
kvadrat	NOUN
kvadratura	NOUN
kvadrillion	NUM
kvadrillionda	NUM
kvadrilliondaman	NUM
kvadrilliondan	NUM
kvadrillionga	NUM
kvadrillioninci	NUM
kvadrillionlab	NUM
kvadrillionlamci	NUM
kvadrillionlarca	NUM
kvadrillionni	NUM
kvadrillionning	NUM
kvadrillionta	NUM
kvadrilliontaca	NUM
kvadrilliontadan	NUM
kvalifikatsiya	VERB
kvalifikatsiyalaş	VERB
kvalifikatsiyalaştir	VERB
kvant	NOUN
kvars	NOUN
kvarsit	NOUN
kvartal	VERB
kvartalla	VERB
kvartet	NOUN
kvartira	NOUN
kvartirant	NOUN
kvas	NOUN
kvasiliv	NOUN
kvetanovskiy	NOUN
kvetkovic	NOUN
kvinslend	NOUN
kvinta	NOUN
kvintet	NOUN
kvitanovic	NOUN
kvitansiya	NOUN
kvitesic	NOUN
kvixovic	NOUN
kvorum	NOUN
kvota	NOUN,VERB
kvotala	VERB
kyat	NOUN
kyriakopolos	NOUN
kyuriy	NOUN
kyustendil	NOUN
kzlda	NOUN
kzlsu	NOUN
la	NOUN
lab	NOUN,VERB
laban	NOUN
labca	NOUN
labdir	NOUN
labdirlik	NOUN
labial	NOUN
labiba	NOUN
labihovuz	NOUN
labikol	NOUN
labiob	NOUN
labirod	NOUN
labirut	NOUN
lablan	VERB
lablantir	VERB
lablaş	VERB
lablaştir	VERB
lablaştiril	VERB
labolab	NOUN
laborant	NOUN
laborantlik	NOUN
laboratoriya	NOUN
labovic	NOUN
labus	NOUN
labz	NOUN
labzak	NOUN
labşakar	NOUN
lacak	NOUN
lacaklik	NOUN
lacevic	NOUN
ladan	NOUN
ladic	NOUN
ladijin	NOUN
ladon	NOUN
laduna	NOUN
lafas	NOUN
lafet	NOUN
lafz	NOUN
lafzsiz	NOUN
lafzsizlik	NOUN
lagan	NOUN
laganbardor	NOUN
laganbardorlik	NOUN
lagandi	NOUN
lager	NOUN
lagman	NOUN
lagmon	NOUN
lagmonxona	NOUN
lahad	NOUN
lahey	NOUN
lahim	NOUN
lahimci	NOUN
lahja	NOUN
lahjaşunos	NOUN
lahm	NOUN
lahza	NOUN
lahzalik	NOUN
laica	NOUN
lain	VERB
lainlaş	VERB
lajcak	NOUN
lajic	NOUN
lajsic	NOUN
lak	NOUN
lakalov	NOUN
lakalovlik	NOUN
lakcevic	NOUN
lake	NOUN
lakicevic	NOUN
lakluk	NOUN
lakmus	NOUN
lal	NOUN
lali	NOUN
lalic	NOUN
lalixon	NOUN
lallay	VERB
lallayiş	VERB
lalmi	ADJ,NOUN
lalmikor	NOUN
lalmikorlik	NOUN
lalovic	NOUN
lama	NOUN
lamatic	NOUN
lamberto	NOUN
lament	NOUN
lamiga	NOUN
laminatsiya	NOUN
lampa	NOUN
lampamoy	NOUN
lampocka	NOUN
lan	NOUN
lanat	NOUN,VERB
lanatla	VERB
lanatlan	VERB
lancin	NOUN
land	NOUN
landavur	ADJ,NOUN
landavurlik	NOUN
landes	NOUN
landşaft	NOUN
lang	IMIT,NOUN,VERB
langar	NOUN
langilla	VERB
langillat	VERB
lanivtsi	NOUN
lanj	NOUN,VERB
lanjlan	VERB
lanjlik	NOUN
lanka	NOUN
lanset	NOUN
lantan	NOUN
laon	NOUN
laos	NOUN
lapang	VERB
lapang-lapang	IMIT
lapangla	VERB
lapanglat	VERB
lapaq	VERB
lapaqla	VERB
lapar	NOUN
laparci	NOUN
lapas	NOUN
lapasoy	NOUN
lapaşang	NOUN
lapaşanglik	NOUN
lapenko	NOUN
lappak	NOUN
lappos	NOUN
laq	NOUN,VERB
laq-laq	IMIT
laqab	NOUN,VERB
laqabla	VERB
laqablan	VERB
laqam	NOUN
laqay	NOUN
laqaygul	NOUN
laqca	NOUN
laqilla	VERB
laqillat	VERB
laqillaş	VERB
laqma	ADJ,NOUN,VERB
laqmalan	VERB
laqmalik	NOUN
laqq	VERB
laqqa	NOUN
laqqila	VERB
laqqilan	VERB
laringit	NOUN
laringolog	NOUN
laringologiya	NOUN
laringoskopiya	NOUN
larionov	NOUN
larionova	NOUN
larsen	NOUN
larson	NOUN
laryok	NOUN
larza	NOUN
larzang	VERB
larzangla	VERB
larzanglat	VERB
las	NOUN
lat	NOUN
latif	ADJ,NOUN
latifa	NOUN
latifaboz	NOUN
latifabozlik	NOUN
latifaci	NOUN
latifagoy	NOUN
latifagoylik	NOUN
latifiddin	NOUN
latifjamol	NOUN
latiflik	NOUN
latifmirza	NOUN
latifov	NOUN
latifova	NOUN
latifrahmon	NOUN
latiftora	NOUN
latifulla	NOUN
latifulrahmon	NOUN
latifxoja	NOUN
latifxon	NOUN
latifzoda	NOUN
latin	NOUN
latiş	NOUN
latofat	ADJ,NOUN
latofatli	ADJ
latta	NOUN
lattacaynar	ADJ
lattafuruş	NOUN
lattalik	NOUN
lattatikan	NOUN
latviya	NOUN
latviyalik	NOUN
lauenburg	NOUN
laura	NOUN
laureat	NOUN
lausic	NOUN
lava	NOUN
lavan	NOUN
lavand	NOUN
lavandlik	NOUN
lavang	NOUN
lavanglik	NOUN
lavh	NOUN
lavha	NOUN
lavlagi	NOUN
lavlagici	NOUN
lavlagicilik	NOUN
lavlagikor	NOUN
lavlagikorlik	NOUN
lavlagikovla	NOUN
lavlagikovlagic	NOUN
lavozim	NOUN
lavozimot	NOUN
lavr	NOUN
lavrov	NOUN
lavvoh	NOUN
lavx	NOUN
law	NOUN
laxad	NOUN
laxca	NOUN
laxcayariq	NOUN
laxta	NOUN,VERB
laxtak	NOUN
laxtala	VERB
laxtalan	VERB
layca	NOUN
laylak	NOUN
laylaktumşuq	NOUN
laylatulqadr	NOUN
layli	NOUN
laylibanot	NOUN
laylijamol	NOUN
layliniso	NOUN
layliqamar	NOUN
laylixon	NOUN
laylo	NOUN
laylobu	NOUN
laylogul	NOUN
laylojahon	NOUN
laylon	NOUN
layn	NOUN
layner	NOUN
layoqat	NOUN
layoqatsiz	NOUN
layoqatsizlik	NOUN
lays	NOUN
layson	NOUN
lazar	NOUN
lazaresku	NOUN
lazaret	NOUN
lazarevic	NOUN
lazarovskiy	NOUN
lazer	NOUN
lazerevic	NOUN
lazgi	NOUN
lazgin	NOUN
lazic	NOUN
lazina	NOUN
lazio	NOUN
laziz	ADJ,NOUN
laziza	NOUN
lazokat	NOUN
lazovic	NOUN
lazzat	ADJ,NOUN,VERB
lazzatlan	VERB
lazzatlantir	VERB
lazzatli	ADJ
laşcenko	NOUN
laşkar	NOUN
laşkarboşi	NOUN
laşkarboşilik	NOUN
laşkargoh	NOUN
laşkov	NOUN
laşkova	NOUN
ldk	NOUN
le	NOUN
leavenworth	NOUN
lebedin	NOUN
lec	NOUN
lecce	NOUN
lecco	NOUN
lecic	NOUN
lecuen	NOUN
lederin	NOUN
leeds	NOUN
lefortov	NOUN
lefortova	NOUN
lefortovo	NOUN
legal	NOUN,VERB
legallaştir	VERB
legallik	NOUN
legioner	NOUN
lehistan	NOUN
leipzig	NOUN
lekic	NOUN
lekin	CNJ
lekiy	NOUN
leksema	NOUN
leksik	NOUN
leksika	NOUN
leksikograf	NOUN
leksikografiya	NOUN
leksikolog	NOUN
leksikologiya	NOUN
leksikon	NOUN
leksiya	NOUN
lektor	NOUN
lektoriy	NOUN
lektorlik	NOUN
lema	VERB
lemala	VERB
lemma	NOUN
len	NOUN
lenar	NOUN
lenara	NOUN
lenin	NOUN
lenina	NOUN
leninca	NOUN
leninci	NOUN
leningrad	NOUN
leninizm	NOUN
leninobod	NOUN
lenkoran	NOUN
lenta	NOUN
lentos	NOUN
leon	NOUN
leonard	NOUN
leonardo	NOUN
leonidov	NOUN
leonidovna	NOUN
leonov	NOUN
leonova	NOUN
leontyev	NOUN
leontyeva	NOUN
leontyevna	NOUN
lepopsavic	NOUN
leposavic	NOUN
lepra	NOUN
leprozoriy	NOUN
lermontov	NOUN
lermontova	NOUN
les	NOUN
lesic	NOUN
lesoto	NOUN
letargiya	NOUN
leticiv	NOUN
letinic	NOUN
letsilllion	NUM
letsilllionda	NUM
letsillliondaman	NUM
letsillliondan	NUM
letsilllionga	NUM
letsilllioninci	NUM
letsilllionlab	NUM
letsilllionlamci	NUM
letsilllionlarca	NUM
letsilllionni	NUM
letsilllionning	NUM
letsilllionta	NUM
letsillliontaca	NUM
letsillliontadan	NUM
letucka	NOUN
lev	NOUN
levante	NOUN
levcenko	NOUN
leverkusen	NOUN
levitskaya	NOUN
levitski	NOUN
levitskiy	NOUN
levomitsetin	NOUN
lewis	NOUN
leya	NOUN
leyborist	NOUN
leyka	NOUN
leykemiya	NOUN
leykoplastir	NOUN
leykotsit	NOUN
leykotsitlar	NOUN
leykotsitoz	NOUN
leyla	NOUN
leytenant	NOUN
leytmotiv	NOUN
leşcenko	NOUN
lgan	NOUN
lgovtsov	NOUN
lgovtsova	NOUN
lhc	NOUN
li	NOUN
lianalar	NOUN
liberal	NOUN
liberalizm	NOUN
liberallik	NOUN
liberiya	NOUN
libos	NOUN
libosxon	NOUN
libresku	NOUN
libretto	NOUN
librettoci	NOUN
licinka	NOUN
lider	NOUN
liderlik	NOUN
lift	NOUN
liftci	NOUN
liftyor	NOUN
liga	NOUN
liguria	NOUN
ligva	NOUN
ligvalik	NOUN
lijanovic	NOUN
lik	ADJ,NOUN,VERB
lik-lik	IMIT
likang	VERB
likang-likang	IMIT
likangla	VERB
likanglat	VERB
likildoq	ADJ,NOUN
likilla	VERB
likillat	VERB
likop	NOUN
likopca	NOUN
likvidator	NOUN
lila	NOUN
lilian	NOUN
lilic	NOUN
liliput	NOUN
liliya	NOUN
lilongwe	NOUN
lilyanic	NOUN
lim	NOUN,PRT,VERB
lim-lim	IMIT
lima	NOUN
liman	NOUN
limanske	NOUN
limena	NOUN
limfa	NOUN
limfadenit	NOUN
limfatik	NOUN
limilla	VERB
limillat	VERB
limit	NOUN,VERB
limitla	VERB
limitlaştir	VERB
limmo -lim	IMIT
limmo -lim,	X
limon	NOUN
limonad	NOUN
limonariy	NOUN
limonzor	NOUN
limu	NOUN
limuzen	NOUN
lin	NOUN
linda	NOUN
linear	VERB
linearla	VERB
lineyka	NOUN
lingafon	NOUN
lingca	NOUN
lingvist	NOUN
lingvistik	NOUN
lingvistika	NOUN
linic	NOUN
liniya	NOUN
linkor	NOUN
linoleum	NOUN
linotip	NOUN
linotipci	NOUN
linovitsa	NOUN
lint	NOUN
linter	NOUN
linterci	NOUN
linuks	NOUN
linza	NOUN
liov	NOUN
lip-lip	IMIT
lipa	NOUN
lipetsk	NOUN
lipovets	NOUN
lipter	NOUN
lipterci	NOUN
liq	NOUN,PRT
liqildoq	NOUN
lira	NOUN
lirik	NOUN
lirika	NOUN
lisanka	NOUN
liscevic	NOUN
lisenko	NOUN
lisets	NOUN
lisicansk	NOUN
lisieux	NOUN
lison	NOUN
lisove	NOUN
lissabon	NOUN
list	NOUN
listaj	NOUN
liter	NOUN
litera	NOUN
litin	NOUN
lito	NOUN
litograf	NOUN
litografiya	NOUN
litologiya	NOUN
litosfera	NOUN
litota	NOUN
litr	NOUN,NUM,VERB
litrla	VERB
litsenziya	NOUN
litsey	NOUN
litva	NOUN
litvinenko	NOUN
litvinov	NOUN
litvinova	NOUN
livadiya	NOUN
livan	NOUN
livanov	NOUN
livanova	NOUN
live	NOUN
liverpool	NOUN
liverpul	NOUN
livit	NOUN,VERB
livitci	NOUN
livitla	VERB
liviya	NOUN
lix	NOUN
lixtenşteyn	NOUN
liya	NOUN
liyanovic	NOUN
liyev	NOUN
liyeva	NOUN
lizing	NOUN
lişainik	NOUN
lişaynik	NOUN
lişenko	NOUN
ljaic	NOUN
ljajic	NOUN
ljubic	NOUN
ljubicic	NOUN
lleida	NOUN
lo	NOUN
loaqal	NOUN
lobal	VERB
loballan	VERB
lobar	NOUN
lobat	NOUN
lobatoy	NOUN
lobez	NOUN
lobid	NOUN
locic	NOUN
locin	NOUN
locinbek	NOUN
locinbu	NOUN
locinoy	NOUN
locinxon	NOUN
locira	NOUN
lodi	NOUN
lodon	NOUN
lof	NOUN
lofci	NOUN
lofcilik	NOUN
lofzan	NOUN
logar	NOUN,VERB
logarifm	NOUN,VERB
logarifmik	NOUN
logarifmla	VERB
logarlan	VERB
logik	NOUN
logika	NOUN
logistika	NOUN
logogramma	NOUN
logopatiya	NOUN
logopediya	NOUN
logvinskaya	NOUN
logvinski	NOUN
lohas	NOUN,VERB
lohaslan	VERB
lohaslantir	VERB
lohaslik	NOUN
lohiy	VERB
lohiylaş	VERB
lohiylaştir	VERB
lohiylaştiril	VERB
lohvitsa	NOUN
loir	NOUN
loire	NOUN
loiret	NOUN
loj	VERB
loja	NOUN
lojsiz	VERB
lojsizlan	VERB
lojuvard	NOUN
lok	NOUN,VERB
lokal	VERB
lokalizatsiya	NOUN
lokalla	VERB
lokallan	VERB
lokatsiya	NOUN
lokaut	NOUN
loki	NOUN
lokidon	NOUN
lokin	NOUN
lokla	VERB
loklan	VERB
loklat	VERB
loklattir	VERB
lokomobil	NOUN
lol	NOUN
lola	NOUN,VERB
lolabek	NOUN
lolabuv	NOUN
lolagul	NOUN
lolagun	NOUN
lolala	VERB
lolalan	VERB
lolaniso	NOUN
lolaqiz	NOUN
lolaqizgaldoq	NOUN
lolaroy	NOUN
lolarux	NOUN
lolaxon	NOUN
lolazor	NOUN
loli	NOUN
lolilik	NOUN
lolovic	NOUN
lom	NOUN
lomakon	NOUN
lomanov	NOUN
lomanova	NOUN
lombard	NOUN
lombardia	NOUN
lombil	VERB
lombilla	VERB
lomboz	NOUN
lomia	NOUN
lomiya	NOUN
lomonosov	NOUN
lomonosova	NOUN
lon	NOUN
loncakov	NOUN
loncakova	NOUN
loncarevic	NOUN
londa	ADJ,NOUN
london	NOUN
lons	NOUN
lop	IMIT,NOUN,VERB
lopandic	NOUN
lopatic	NOUN
lopatin	NOUN
lopcik	NOUN
lope	NOUN
lopez	NOUN
lopilla	VERB
lopillat	VERB
loppalomiq	NOUN
loq	IMIT,VERB
loq-loq	IMIT
loqayd	ADJ,NOUN,VERB
loqaydlan	VERB
loqaydlik	NOUN
loqilla	VERB
loqillat	VERB
lord	NOUN
lors	VERB
lorsilla	VERB
los	NOUN,VERB
losinivka	NOUN
losla	VERB
loslan	VERB
losos	NOUN
lot	NOUN
lotaringi	NOUN
lotaringiya	NOUN
lotereya	NOUN
lotharingiya	NOUN
lotin	NOUN,VERB
lotinlaş	VERB
lotinlaştir	VERB
loto	NOUN
lotok	NOUN
lotokci	NOUN
lotsman	NOUN
lotti	NOUN
lottiboz	NOUN
lottibozlik	NOUN
lottivoz	NOUN
lottivozlik	NOUN
louis	NOUN
loulan	NOUN
lov	NOUN,VERB
lov-lov	IMIT
lovdan	NOUN
love	NOUN
lovec	NOUN
lovinesku	NOUN
loviya	NOUN
lovrenovic	NOUN
lovric	NOUN
lovulla	VERB
lovullat	VERB
loxas	NOUN
loy	ADJ,NOUN,VERB
loya	VERB
loyala	VERB
loyalan	VERB
loyamut	NOUN
loygar	NOUN
loygarcilik	NOUN
loygarlik	NOUN
loyiha	NOUN,VERB
loyihaci	NOUN
loyihala	VERB
loyihalan	VERB
loyihalo	NOUN
loyihalovci	NOUN
loyiq	NOUN
loykaş	NOUN
loyla	VERB
loylan	VERB
loylantir	VERB
loylat	VERB
loylaş	VERB
loyqa	ADJ,NOUN,VERB
loyqala	VERB
loyqalan	VERB
loyqalantir	VERB
loyqalat	VERB
loyqalatil	VERB
loyqali	ADJ
loyqat	VERB
loyqaş&lik	NOUN
loytuvoq	NOUN
loyxona	NOUN
loyxorak	NOUN
lozancic	NOUN
lozanic	NOUN
lozim	NOUN,PRT
lozima	NOUN
lozimlik	NOUN
lozova	NOUN
lozove	NOUN
loş	NOUN
loşakov	NOUN
loşakova	NOUN
lsaint	NOUN
lu	NOUN
luan	NOUN
lub	NOUN
lubar	NOUN
lubaşivka	NOUN
lubec	NOUN
lubimov	NOUN
lubimova	NOUN
lubin	NOUN
lubkor	NOUN
lublin	NOUN
lubni	NOUN
lubonenko	NOUN
lubov	NOUN
lubova	NOUN
luc	NOUN
luccak	NOUN
lucerne	NOUN
lucesku	NOUN
lucic	NOUN
ludovic	NOUN
lugansk	NOUN
luganskoye	NOUN
lugat	NOUN
lugatci	NOUN
lugatcilik	NOUN
lugatşunos	NOUN
lugaviy	ADJ
lugaviya	NOUN
lugini	NOUN
lugo	NOUN
lugovtsov	NOUN
lugovtsova	NOUN
luiz	NOUN
luiziana	NOUN
lujani	NOUN
lujic	NOUN
lujkov	NOUN
lujkova	NOUN
lukanov	NOUN
lukanova	NOUN
lukaşenko	NOUN
luke	NOUN
lukic	NOUN
lukovic	NOUN
luksic	NOUN
lukyancenko	NOUN
lukyanenko	NOUN
lukyanov	NOUN
lukyanova	NOUN
lumyer	NOUN
luncenko	NOUN
lungi	NOUN
lunj	NOUN
lunoxod	NOUN
lupa	NOUN
lupcak	NOUN
luq-luq	IMIT
luqlikol	NOUN
luqma	NOUN
luqmon	NOUN
luqmonoy	NOUN
luqmonxoja	NOUN
lure	NOUN
lusiya	NOUN
lut	NOUN
lutesku	NOUN
lutf	NOUN
lutfi	NOUN
lutfiali	NOUN
lutfiddin	NOUN
lutfihaq	NOUN
lutfiniso	NOUN
lutfirahmon	NOUN
lutfixoja	NOUN
lutfiy	NOUN
lutfiya	NOUN
lutfiyor	NOUN
lutfkor	NOUN
lutfkorlik	NOUN
lutfulhaq	NOUN
lutfulla	NOUN
lutfullo	NOUN
lutsenko	NOUN
lutsk	NOUN
lux	NOUN
luza	NOUN
luzum	NOUN
lvov	NOUN
lxasa	NOUN
lyaic	NOUN
lyapis	NOUN
lyaps	NOUN
lyon	NOUN
lyonid	NOUN
lyu	NOUN
lyublyana	NOUN
lyuboyevic	NOUN
lyudmila	NOUN
lyuizit	NOUN
lyuksemburg	NOUN
lyuksmetr	NOUN
lyumbago	NOUN
lyumen	NOUN
lyuminessensiya	NOUN
lyustra	NOUN
lyutetsiy	NOUN
ma	INTJ,NOUN
maa	IMIT
maaa	IMIT
maalmamnuniyat	NOUN
maattaassuf	NOUN
mabad	NOUN
mablag	NOUN
mabodo	CNJ
mabruk	NOUN
mabrur	NOUN
mabud	NOUN
mabuda	NOUN
mac	NOUN
macay	NOUN
maccoiy	NOUN
macin	NOUN
macit	NOUN
macitbaland	NOUN
macta	NOUN
madabdulla	NOUN
madad	NOUN
madadkor	NOUN
madadkorlik	NOUN
madahmad	NOUN
madakaskar	NOUN
madal	NOUN
madali	NOUN
madalim	NOUN
madalimxon	NOUN
madamin	NOUN
madan	NOUN
madanboy	NOUN
madanci	NOUN
madang	NOUN
madaniy	ADJ,NOUN,VERB
madaniyat	ADJ,NOUN
madaniyatli	ADJ,NOUN
madaniyatlilik	NOUN
madaniyatsiz	NOUN
madaniyatsizlik	NOUN
madaniylaş	VERB
madaniylaştir	VERB
madaniylaştiril	VERB
madaniylik	NOUN
madanoy	NOUN
madanşunos	NOUN
madanşunoslik	NOUN
madariq	NOUN
madayub	NOUN
madazim	NOUN
madboy	NOUN
madda	NOUN,VERB
maddala	VERB
maddoh	NOUN
maddohlik	NOUN
madeson	NOUN
madfayzi	NOUN
madfozil	NOUN
madgafur	NOUN
madgoyib	NOUN
madgozi	NOUN
madgulom	NOUN
madh	NOUN
madhiya	NOUN,VERB
madhiyabibi	NOUN
madhiyaci	NOUN
madhiyala	VERB
madhiyaxon	NOUN
madi	NOUN
madic	NOUN
madid	NOUN
madiha	NOUN
madihşo	NOUN
madikrom	NOUN
madina	NOUN
madinabonu	NOUN
madinaimunavvara	NOUN
madinbek	NOUN
madisman	NOUN
madisroil	NOUN
madixon	NOUN
madiyor	NOUN
madkomil	NOUN
madnazar	NOUN
madniyoz	NOUN
madolim	NOUN
madomiki	NOUN
madomon	NOUN
madonna	NOUN
mador	ADJ,NOUN,VERB
madorlik	NOUN
madoroz	NOUN
madorsiz	ADJ,NOUN,VERB
madorsizlan	VERB
madorsizlantir	VERB
madorsizlik	NOUN
madqobil	NOUN
madrahim	NOUN
madrasa	NOUN
madraso	NOUN
madrasul	NOUN
madrid	NOUN
madrizo	NOUN
madroziq	NOUN
madumar	NOUN
madunic	NOUN
madusmon	NOUN
madvali	NOUN
madxol	NOUN
madyor	NOUN
madyunus	NOUN
madziyo	NOUN
madzokir	NOUN
mafirat	NOUN
mafiya	NOUN
mafiyaci	NOUN
mafkura	NOUN
mafkuraci	NOUN
mafkuraxon	NOUN
mafosil	NOUN
mafruza	NOUN
mafsuf	NOUN
maftuha	NOUN
maftun	ADJ,NOUN
maftuna	NOUN
maftunbek	NOUN
maftunkor	ADJ,NOUN
maftunlik	NOUN
mafura	NOUN
mafzuna	NOUN
magafur	NOUN
magara	NOUN
magarac	NOUN
magazin	NOUN
magazinci	NOUN
magdala	NOUN
mageriv	NOUN
magfira	NOUN
magfirat	NOUN
magistr	NOUN
magistral	NOUN
magistrant	NOUN
magistratura	NOUN
magiz	NOUN
maglub	NOUN
maglubiyat	NOUN
magma	NOUN
magnat	NOUN
magnetizm	NOUN
magneto	NOUN
magnezit	NOUN
magneziya	NOUN
magnit	NOUN,VERB
magnitla	VERB
magnitlan	VERB
magnitlantir	VERB
magnitlantiril	VERB
magnitofon	NOUN
magnitograf	NOUN
magnitometriya	NOUN
magnitsiz	VERB
magnitsizlan	VERB
magnitsizlantir	VERB
magnitsizlaş	VERB
magnitsizlaştir	VERB
magnitsizlaştiril	VERB
magnitsky	NOUN
magniy	NOUN
magnoliya	NOUN
magnuson	NOUN
magomedov	NOUN
magomedova	NOUN
magor	NOUN
magora	NOUN
magoz	NOUN
magoza	NOUN
magra	NOUN
magrib	NOUN
magribjon	NOUN
magrifa	NOUN
magrur	ADJ,NOUN
magrurlik	NOUN
magrurşox	NOUN
magz	NOUN
magzava	NOUN
magzi	NOUN
magzon	NOUN
magzuna	NOUN
mah	NOUN
mah-mah	INTJ
mahabat	NOUN
mahakgul	NOUN
mahal	NOUN
mahalkom	NOUN
mahalla	NOUN
mahallacilik	NOUN
mahalladoş	NOUN
mahallalik	NOUN
mahalliy	NOUN,VERB
mahalliycilik	NOUN
mahalliylaş	VERB
mahalliylaştir	VERB
mahalliylaştiril	VERB
mahamadamin	NOUN
mahamathakim	NOUN
mahamathoji	NOUN
mahamattora	NOUN
mahamatyusuf	NOUN
mahammadjon	NOUN
mahan	NOUN
mahanniso	NOUN
mahanoy	NOUN
mahathoji	NOUN
mahatjon	NOUN
mahbas	NOUN
mahbub	NOUN
mahbuba	NOUN
mahbubali	NOUN
mahbubbek	NOUN
mahbubbeka	NOUN
mahbubiddin	NOUN
mahbubjahon	NOUN
mahbubniso	NOUN
mahbubulla	NOUN
mahbuda	NOUN
mahbulla	NOUN
mahbus	NOUN
mahdi	NOUN
mahdimirza	NOUN
mahdixoja	NOUN
mahdiy	NOUN
mahdiya	NOUN
mahdod	NOUN
mahdud	NOUN,VERB
mahduda	NOUN
mahdudlan	VERB
mahdudlik	NOUN
mahdudsiz	NOUN
mahdudsizlik	NOUN
mahdum	NOUN
mahdumboy	NOUN
mahdumquli	NOUN
mahfil	NOUN
mahfir	NOUN
mahfira	NOUN
mahfirali	NOUN
mahfirat	NOUN
mahfuza	NOUN
mahfuzulla	NOUN
mahina	NOUN
mahinbonu	NOUN
mahingul	NOUN
mahinora	NOUN
mahinoz	NOUN
mahjuba	NOUN
mahkam	NOUN
mahkama	NOUN
mahkamacilik	NOUN
mahkamali	NOUN
mahkambek	NOUN
mahkambu	NOUN
mahkamlik	NOUN
mahkampolat	NOUN
mahkamqul	NOUN
mahkamtoş	NOUN
mahkum	NOUN
mahkumlik	NOUN
mahliqo	NOUN
mahliyo	NOUN
mahmadali	NOUN
mahmadiyor	NOUN
mahmadmurod	NOUN
mahmadona	ADJ,NOUN
mahmadonagarcilik	NOUN
mahmadonalik	NOUN
mahmadost	NOUN
mahmadrajab	NOUN
mahmadrasul	NOUN
mahmadulla	NOUN
mahmadumar	NOUN
mahmadşo	NOUN
mahmamurod	NOUN
mahman	NOUN
mahmanabi	NOUN
mahmanazar	NOUN
mahmarasul	NOUN
mahmatmurod	NOUN
mahmatqul	NOUN
mahmayusuf	NOUN
mahmaşa	NOUN
mahmirza	NOUN
mahmon	NOUN
mahmud	NOUN
mahmuda	NOUN
mahmudali	NOUN
mahmudhoşim	NOUN
mahmudmirza	NOUN
mahmudmurod	NOUN
mahmudnazar	NOUN
mahmudov	NOUN
mahmudova	NOUN
mahmudovic	NOUN
mahmudqul	NOUN
mahmudulla	NOUN
mahmudxoja	NOUN
mahmudşo	NOUN
mahmurod	NOUN
mahmut	NOUN
mahmuza	NOUN
mahobat	NOUN
mahoda	NOUN
mahol	NOUN
mahorat	NOUN
mahosiba	NOUN
mahozod	NOUN
mahpora	NOUN
mahr	NOUN
mahram	NOUN
mahramlik	NOUN
mahramoy	NOUN
mahramqul	NOUN
mahramxon	NOUN
mahroh	NOUN
mahroy	NOUN
mahruh	NOUN
mahrum	NOUN
mahrumiyat	NOUN
mahrumlik	NOUN
mahrus	NOUN
mahrusa	NOUN
mahsar	NOUN
mahsi	ADV,NOUN
mahsicang	ADV
mahsidoz	NOUN
mahsidozlik	NOUN
mahsifuruş	NOUN
mahsuba	NOUN
mahsud	NOUN
mahsul	NOUN
mahsuldor	NOUN
mahsuldorlik	NOUN
mahsulot	NOUN
mahsuma	NOUN
mahsun	NOUN
mahsuna	NOUN
mahsura	NOUN
mahtal	NOUN
mahtob	NOUN
mahtuma	NOUN
mahtuna	NOUN
mahubjamol	NOUN
mahvaş	NOUN
mahzamon	NOUN
mahzar	NOUN
mahzun	NOUN
mahzuna	NOUN
mahşar	NOUN
mahşargoh	NOUN
mahşiroy	NOUN
mainz	NOUN
maita	NOUN
maiyat	NOUN
maiyit	NOUN
maişat	ADJ,NOUN
maişatboz	NOUN
maişatbozlik	NOUN
maişatgoh	NOUN
maişatparast	ADJ,NOUN
maişatparastlik	NOUN
maişatxona	NOUN
maişiy	ADJ
majaq	NOUN
majar	NOUN
majbur	ADV,NOUN
majburan	ADV
majburiy	NOUN
majburiyat	NOUN
majdud	NOUN
majhul	NOUN
majid	NOUN
majida	NOUN
majidali	NOUN
majididdin	NOUN
majidmirza	NOUN
majidqul	NOUN
majidulla	NOUN
majinovic	NOUN
majlis	NOUN
majlisboz	NOUN
majlisbozlik	NOUN
majlisgoh	NOUN
majlum	NOUN
majlumboy	NOUN
majmagil	NOUN
majmagillik	NOUN
majmaril	NOUN
majmu	NOUN
majmua	NOUN
majmui	NOUN
majmuy	NOUN
majnun	NOUN
majnunlik	NOUN
majnuntol	NOUN
majnuntut	NOUN
majol	ADJ,NOUN,VERB
majolis	NOUN
majollik	NOUN
majolsiz	NOUN,VERB
majolsizlan	VERB
majolsizlantir	VERB
majolsizlik	NOUN
major	NOUN
majoz	NOUN
majruh	NOUN,VERB
majruhlan	VERB
majruhlik	NOUN
majuj	NOUN
majun	NOUN
majus	NOUN
majvud	NOUN
makan	NOUN
makao	NOUN
makarenko	NOUN
makariv	NOUN
makaron	NOUN
makarov	NOUN
makarova	NOUN
makaryev	NOUN
makaryeva	NOUN
make	NOUN
makedon	NOUN
makedoniya	NOUN
makedonya	NOUN
maket	NOUN
makeyenko	NOUN
makeyev	NOUN
makeyeva	NOUN
makfax	NOUN
makiivka	NOUN
makintoş	NOUN
makiyaj	NOUN
makiyen	NOUN
makiyon	NOUN
makka	NOUN
makkaboy	NOUN
makkaisano	NOUN
makkajoxori	NOUN
makkajoxorikor	NOUN
makkajoxorikorlik	NOUN
makkasociq	NOUN
makkasupurgi	NOUN
makkaxon	NOUN
makkic	NOUN
makkor	ADV,NOUN,VERB
makkord	NOUN
makkorlaş	VERB
makkorlik	NOUN
makkorona	ADV
makler	NOUN
maknuna	NOUN
makon	NOUN
makongul	NOUN
makonsiz	NOUN
makonsizlik	NOUN
makorim	NOUN
makovic	NOUN
makoşine	NOUN
makr	NOUN
makrci	NOUN
makrit	NOUN
makroiqtisodiyot	NOUN
makrokorsatkic	NOUN
makromolekula	NOUN
makron	NOUN
makrostruktura	NOUN
makrux	NOUN
maksim	NOUN
maksimenko	NOUN
maksimov	NOUN
maksimova	NOUN
maksimovic	NOUN
maksimum	NOUN
maksumic	NOUN
maktab	NOUN
maktabdor	NOUN
maktabdorlik	NOUN
maktabdoş	NOUN
maktabxon	NOUN
maktabxona	NOUN
maktabşunos	NOUN
maktabşunoslik	NOUN
maktub	NOUN,VERB
maktuba	NOUN
maktubjon	NOUN
maktublaş	VERB
makulatura	NOUN
malaga	NOUN
malagimmarjona	NOUN
malah	NOUN
malahov	NOUN
malahova	NOUN
malak	NOUN
malaka	NOUN,VERB
malakalan	VERB
malakalantir	VERB
malakaxon	NOUN
malan	NOUN
malatya	NOUN
malatyaspor	NOUN
malavi	NOUN
malax	NOUN
malaxit	NOUN
malay	NOUN
malaylik	NOUN
malaysia	NOUN
malayziya	NOUN
malaşenko	NOUN
malham	NOUN
malhamiddin	NOUN
malhanxoja	NOUN
mali	NOUN
malic	NOUN
malih	NOUN
maliha	NOUN
malik	NOUN
malika	NOUN
malikabonu	NOUN
malikberdi	NOUN
malikhaydar	NOUN
malikiddin	NOUN
malikmamat	NOUN
malikmuhammad	NOUN
malikmurod	NOUN
malikov	NOUN
malikova	NOUN
malikqul	NOUN
malikturdi	NOUN
malikuşşuaro	NOUN
malikşer	NOUN
malin	NOUN
malina	NOUN
malinovskiy	NOUN
maljkovic	NOUN
malkic	NOUN
malkocogli	NOUN
malla	ADJ,NOUN
mallabeka	NOUN
mallabibi	NOUN
mallabuz	NOUN
mallacoy	NOUN
mallagul	NOUN
mallamirza	NOUN
mallamurod	NOUN
mallanuş	NOUN
mallaoxun	NOUN
mallaqiz	NOUN
mallaqul	NOUN
mallarang	NOUN
mallatoy	NOUN
mallavoş	NOUN
mallaxoja	NOUN
mallaxon	NOUN
mallorca	NOUN
mallorka	NOUN
malofeyev	NOUN
malofeyeva	NOUN
malohat	NOUN
maloik	NOUN
maloika	NOUN
malol	NOUN
malolat	NOUN
malollik	NOUN
malomat	NOUN
malonistogorskaya	NOUN
malovic	NOUN
maloxat	NOUN
malta	NOUN
malul	NOUN
malum	ADJ,NOUN
maluma	NOUN
malumki	PRT
malumot	NOUN
malumotli	NOUN
malumotnoma	NOUN
malun	NOUN
malusa	NOUN
malxai	NOUN
malxam	NOUN
mama	NOUN
mamad	NOUN
mamadali	NOUN
mamadamin	NOUN
mamadazim	NOUN
mamadaziz	NOUN
mamadgulom	NOUN
mamadi	NOUN
mamadiso	NOUN
mamadiyor	NOUN
mamadkabir	NOUN
mamadlatif	NOUN
mamadmirza	NOUN
mamadmomin	NOUN
mamadmurod	NOUN
mamadmuso	NOUN
mamadolim	NOUN
mamadorif	NOUN
mamadqodir	NOUN
mamadqul	NOUN
mamadulla	NOUN
mamagani	NOUN
mamaiso	NOUN
mamajon	NOUN
mamajuma	NOUN
mamalatif	NOUN
maman	NOUN
mamanabi	NOUN
mamanazar	NOUN
mamanberdi	NOUN
mamanboy	NOUN
mamaniyoz	NOUN
mamanosir	NOUN
mamanqul	NOUN
mamantoy	NOUN
mamaodil	NOUN
mamaqozi	NOUN
mamarafiq	NOUN
mamarahim	NOUN
mamarahmat	NOUN
mamarasul	NOUN
mamarayim	NOUN
mamarazzoq	NOUN
mamaraşid	NOUN
mamarizo	NOUN
mamarozi	NOUN
mamaroziq	NOUN
mamasafar	NOUN
mamasaid	NOUN
mamasalim	NOUN
mamasiddiq	NOUN
mamasoat	NOUN
mamasobir	NOUN
mamasobit	NOUN
mamasodiq	NOUN
mamasoib	NOUN
mamasoli	NOUN
mamasolih	NOUN
mamasovur	NOUN
mamasulton	NOUN
mamat	NOUN
mamatali	NOUN
mamatalim	NOUN
mamatazim	NOUN
mamataziz	NOUN
mamatbek	NOUN
mamatbori	NOUN
mamatemin	NOUN
mamatgani	NOUN
mamatgozi	NOUN
mamathakim	NOUN
mamathodiq	NOUN
mamathoşim	NOUN
mamatiso	NOUN
mamatjuma	NOUN
mamatkarim	NOUN
mamatmirza	NOUN
mamatmomin	NOUN
mamatmurod	NOUN
mamatmuso	NOUN
mamatolib	NOUN
mamatolim	NOUN
mamatora	NOUN
mamatoxta	NOUN
mamatoş	NOUN
mamatqozi	NOUN
mamatqul	NOUN
mamattohir	NOUN
mamattoji	NOUN
mamatturdi	NOUN
mamatturgun	NOUN
mamattursun	NOUN
mamatvali	NOUN
mamatxalil	NOUN
mamatxol	NOUN
mamatxoliq	NOUN
mamatxon	NOUN
mamatyoldoş	NOUN
mamatşo	NOUN
mamausmon	NOUN
mamaxalil	NOUN
mamay	NOUN
mamayakub	NOUN
mamayunus	NOUN
mamayusuf	NOUN
mamazarif	NOUN
mamaziyo	NOUN
mamaziyod	NOUN
mamazohid	NOUN
mamazoid	NOUN
mamazokir	NOUN
mamazuhur	NOUN
mamazulun	NOUN
mamaşarif	NOUN
mamaşay	NOUN
mamaşo	NOUN
mamaşoh	NOUN
mamaşokir	NOUN
mamaşukur	NOUN
mambetov	NOUN
mambetova	NOUN
mamdud	NOUN
mamduda	NOUN
mamduha	NOUN
mametov	NOUN
mametova	NOUN
mamiu	NOUN
mamlakat	NOUN
mamma	NOUN
mamnun	NOUN
mamnuna	NOUN
mamnuniyat	NOUN
mamnunlik	NOUN
mamont	NOUN
mamot	NOUN
mamotenko	NOUN
mamun	NOUN
mamur	NOUN
mamura	NOUN
mamurali	NOUN
mamurbeka	NOUN
mamurbibi	NOUN
mamurca	NOUN
mamurcilik	NOUN
mamurgul	NOUN
mamuriy	NOUN
mamuriyat	NOUN
mamuriyatcilik	NOUN
mamurjamol	NOUN
mamurlik	NOUN
mamuroy	NOUN
mamurqul	NOUN
mamurtoy	NOUN
mamurxoja	NOUN
mamurxol	NOUN
mamurxon	NOUN
mamutov	NOUN
mamutova	NOUN
mana	PRON
manak	NOUN
manap	NOUN
manaq	NOUN
manas	NOUN
manasievskiy	NOUN
manasse	NOUN
manat	NOUN
manaviy	NOUN
manaviyat	NOUN
manay	NOUN
manba	NOUN
manbai	NOUN
manbaşunos	NOUN
manbaşunoslik	NOUN
mance	NOUN
mancester	NOUN
mandarin	NOUN
mandat	NOUN
mandelson	NOUN
mandic	NOUN
mandolina	NOUN
manej	NOUN
maneken	NOUN
manel	NOUN
manesku	NOUN
manevr	NOUN
manevskiy	NOUN
manfaat	ADJ,NOUN
manfaatdor	ADJ,NOUN
manfaatdorlik	NOUN
manfaatli	ADJ
manfiy	NOUN
manfur	NOUN
mang	NOUN
mangal	NOUN
mangit	NOUN
mangitarna	NOUN
mangitboy	NOUN
mangitoy	NOUN
mangitqiz	NOUN
mangittora	NOUN
manglai	NOUN
manglay	NOUN
mango	NOUN
mangtt	NOUN
mangu	ADJ,ADV,NOUN,VERB
manguberdi	NOUN
mangulaş	VERB
mangulaştir	VERB
mangulik	NOUN
mangus	NOUN
mangusta	NOUN
manguzar	NOUN
manhus	NOUN
mani	ADJ,NOUN
manifest	NOUN
manigarcilik	NOUN
manija	NOUN
manikyur	NOUN
manila	NOUN
manilik	NOUN
manilo	NOUN
manilovci	NOUN
manilovcilik	NOUN
manin	NOUN
manipulyasiya	NOUN
maniqiz	NOUN
manisa	NOUN
manisaspor	NOUN
manixon	NOUN
maniy	NOUN
maniş	NOUN
manişa	NOUN
manişvor	NOUN
manjalaqi	NOUN
manjalaqilik	NOUN
manjaniq	NOUN
manjet	NOUN
manjuli	NOUN
mankivka	NOUN
mankuha	NOUN
manman	ADJ,NOUN,VERB
manmanlaş	VERB
manmanlik	NOUN
manmansira	VERB
manna	NOUN
manniy	NOUN
mannof	NOUN
mannofmirza	NOUN
mannoftora	NOUN
mannon	NOUN
mannona	NOUN
mannonmirza	NOUN
mannonqul	NOUN
mannontora	NOUN
mannonxoja	NOUN
mano	NOUN
manodor	NOUN
manodorlik	NOUN
manodoş	NOUN
manojlovic	NOUN
manol	NOUN
manometr	NOUN
manor	NOUN
manora	NOUN
manosiz	NOUN
manosizlik	NOUN
manot	NOUN
manoxon	NOUN
manpasi	NOUN
manqa	NOUN,VERB
manqal	NOUN
manqalan	VERB
manqaldon	NOUN
manqalik	NOUN
manqurt	NOUN
mansab	ADJ,NOUN
mansabparast	ADJ,NOUN
mansabparastlik	NOUN
mansaf	NOUN
mansub	ADJ,NOUN
mansuba	NOUN
mansubiyat	NOUN
mansublik	NOUN
mansur	NOUN
mansura	NOUN
mansurali	NOUN
mansurbek	NOUN
mansurmirza	NOUN
manti	NOUN
mantipaz	NOUN
mantipazlik	NOUN
mantiq	ADV,NOUN
mantiqa	NOUN
mantiqan	ADV
mantiqiy	NOUN
mantiqiylik	NOUN
mantiqsiz	NOUN
mantiqsizlik	NOUN
mantis	NOUN
mantixona	NOUN
manto	NOUN
mantuya	NOUN
manucehr	NOUN
manuel	NOUN
manufaktura	NOUN
manxetten	NOUN
manzalat	NOUN
manzar	NOUN
manzara	ADJ,NOUN
manzarali	ADJ
manzarat	NOUN
manzil	NOUN
manzila	NOUN
manzilgoh	NOUN
manziloy	NOUN
manzilulla	NOUN
manzilxon	NOUN
manzilxona	NOUN
manzira	NOUN
manzirat	NOUN
manziya	NOUN
manzuma	NOUN
manzur	NOUN
manzura	NOUN
manzurali	NOUN
manşa	NOUN
manşai	NOUN
mao	NOUN
maofa	NOUN
maonii	NOUN
maorif	NOUN
maorifci	NOUN
maorifparvar	NOUN
maorifparvarlik	NOUN
maoş	NOUN
maqasad	NOUN
maqbara	NOUN
maqbul	NOUN
maqbullik	NOUN
maqil	NOUN
maqiş	NOUN
maqobil	NOUN
maqol	NOUN
maqola	NOUN
maqolanavis	NOUN
maqom	NOUN
maqomci	NOUN
maqomşunos	NOUN
maqosim	NOUN
maqsad	ADJ,NOUN
maqsadali	NOUN
maqsadbek	NOUN
maqsadgul	NOUN
maqsadida	NOUN
maqsadjon	NOUN
maqsadli	ADJ
maqsadmurod	NOUN
maqsadoy	NOUN
maqsadqul	NOUN
maqsadsiz	ADJ,NOUN
maqsadsizlik	NOUN
maqsadxon	NOUN
maqsim	NOUN
maqsud	NOUN
maqsuda	NOUN
maqsudali	NOUN
maqsuddin	NOUN
maqsudmirza	NOUN
maqsum	NOUN
maqsur	NOUN
maqsura	NOUN
maqsuraxon	NOUN
maqta	ADJ,NOUN,VERB
maqtal	VERB
maqtan	ADJ,NOUN,VERB
maqtancoq	ADJ,NOUN
maqtancoqlik	NOUN
maqtanil	VERB
maqtaniş	VERB
maqtarli	ADJ
maqtaş	VERB
maqto	NOUN
maqtov	NOUN
maqtovci	NOUN
maqtul	NOUN
maqtula	NOUN
maqul	NOUN,VERB
maqula	NOUN
maqulcilik	NOUN
maqulla	VERB
maqullan	VERB
maqullat	VERB
maqullaş	VERB
maqullik	NOUN
maquloy	NOUN
mar	NOUN
mara	VERB
marafon	NOUN
marafonci	NOUN
maraka	NOUN
marakana	NOUN
maral	NOUN
maralbei	NOUN
maralbeka	NOUN
maralbibi	NOUN
maraljamol	NOUN
maralquloq	NOUN
marat	NOUN,VERB
maravic	NOUN
maraxon	NOUN
maraş	VERB
marc	NOUN
marce	NOUN
marcenko	NOUN
mard	ADJ,ADV,NOUN
mardali	NOUN
mardi	NOUN
mardiboy	NOUN
mardida	NOUN
mardigul	NOUN
mardiislom	NOUN
mardijon	NOUN
mardikor	NOUN
mardikorci	NOUN
mardikorcilik	NOUN
mardikorlik	NOUN
mardin	NOUN
mardiolim	NOUN
mardioy	NOUN
mardivor	NOUN
mardixol	NOUN
mardixon	NOUN
mardişer	NOUN
mardlarca	ADV,NOUN
mardlik	NOUN
mardon	NOUN
mardona	ADV,NOUN
mardonali	NOUN
mardonalik	NOUN
mardonbek	NOUN
mardonberdi	NOUN
mardonjon	NOUN
mardonkeldi	NOUN
mardonqul	NOUN
mardonşo	NOUN
mardoy	NOUN
mardud	NOUN
mardum	NOUN
marduma	NOUN
mardumozor	NOUN
mardumozorlik	NOUN
mardumxor	NOUN
mardumxorlik	NOUN
mardumxur	NOUN
mardumxurlik	NOUN
mare	NOUN
marekovic	NOUN
maretic	NOUN
marfua	NOUN
marg	NOUN
marganets	NOUN
margarin	NOUN
margarita	NOUN
margetic	NOUN
margimuş	NOUN
margiyona	NOUN
margub	NOUN
marguba	NOUN
margula	NOUN
margzor	NOUN
marhabiddin	NOUN
marhabo	INTJ,NOUN
marhabulla	NOUN
marhamat	ADJ,INTJ,NOUN
marhamatli	ADJ
marhamatsiz	NOUN
marhamatsizlik	NOUN
marhum	ADJ,NOUN
marhuma	NOUN
mari	NOUN
mariana	NOUN
maribor	NOUN
maric	NOUN
maricic	NOUN
marie	NOUN
marifa	NOUN
marifat	NOUN,VERB
marifatci	NOUN
marifatcilik	NOUN
marifatlan	VERB
marifatlantir	VERB
marifatparvar	NOUN
marifatparvarlik	NOUN
mariga	NOUN
marijacic	NOUN
marijanovic	NOUN
marina	NOUN
marinad	NOUN,VERB
marinadla	VERB
marinesku	NOUN
marinkovic	NOUN
marino	NOUN
marinovic	NOUN
marinovka	NOUN
mario	NOUN
maritza	NOUN
mariya	NOUN
mariyam	NOUN
mariyanovic	NOUN
mariyupol	NOUN
marizio	NOUN
marja	NOUN
marjina	NOUN
marjon	NOUN
marjona	NOUN
marjonbeka	NOUN
marjonbibi	NOUN
marjonbuloq	NOUN
marjongul	NOUN
marjonqiz	NOUN
marjoy	NOUN
mark	NOUN
marka	NOUN,VERB
markala	VERB
markalan	VERB
markalik	NOUN
markaz	NOUN,VERB
markazcilik	NOUN
markaziy	NOUN
markazkom	NOUN
markazlaş	VERB
markazlaştir	VERB
markazlaştiril	VERB
marker	NOUN
markesic	NOUN
markev	NOUN
markiza	NOUN
markizet	NOUN
marko	NOUN
markos	NOUN
markov	NOUN
markova	NOUN
markovic	NOUN
markovskiy	NOUN
marksist	NOUN
marksistna	NOUN
marksizm	NOUN
marli	NOUN
marmar	NOUN
marmara	NOUN
marmarak	NOUN
marmaroy	NOUN
marmartoş	NOUN
marmelad	NOUN
marmin	NOUN
maroevic	NOUN
marokaş	NOUN
marom	NOUN
maromxon	NOUN
maroq	NOUN,VERB
maroqlan	VERB
maroqlantir	VERB
maroqlantiril	VERB
marosim	NOUN
marota	NOUN
marotaba	NOUN
marovic	NOUN
marqa	NOUN
marqabibi	NOUN
marra	NOUN
marronbek	NOUN
mars	NOUN
marsel	NOUN
marseleza	NOUN
marsiyai	NOUN
marsuma	NOUN
mart	NOUN
marta	NOUN
martaba	NOUN
marten	NOUN
martepa	NOUN
marth	NOUN
martic	NOUN
martin	NOUN
martinenko	NOUN
martinov	NOUN
martinova	NOUN
martinovic	NOUN
martti	NOUN
martyanov	NOUN
martyanova	NOUN
maruf	NOUN
marufa	NOUN
marufali	NOUN
marufjamol	NOUN
marufjon	NOUN
marufkamol	NOUN
marufxoja	NOUN
marusic	NOUN
maruza	NOUN
maruzaci	NOUN
maruşcenko	NOUN
marva	NOUN
marvad	NOUN
marvak	NOUN
marvan	NOUN
marvar	NOUN
marvarak	NOUN
marvarid	NOUN
marvaridgul	NOUN
marvartak	NOUN
marx	NOUN
mary	NOUN
maryam	NOUN
maryamca	NOUN
maryanovic	NOUN
maryino	NOUN
maryland	NOUN
marza	NOUN,VERB
marzala	VERB
marzbon	NOUN
marzina	NOUN
marziya	NOUN
marş	INTJ,NOUN
marşal	NOUN
marşall	NOUN
marşallik	NOUN
marşrut	NOUN
masaid	NOUN
masal	NOUN
masala	NOUN
masalan	PRT
masalaxon	NOUN
masalaxonlik	NOUN
masalbek	NOUN
masalci	NOUN
masalliq	NOUN
masalnavis	NOUN
masalom	NOUN
masar	NOUN
masariddin	NOUN
masbut	NOUN
masdar	NOUN
mashariddin	NOUN
mashub	NOUN
mashur	NOUN
masic	NOUN
masih	NOUN
masira	NOUN
masita	NOUN
masjid	NOUN
maska	NOUN
maskan	NOUN
maskirovka	NOUN
maskov	NOUN
maskovci	NOUN
maskun	NOUN
maslahat	NOUN
maslahatci	NOUN
maslahatdoş	NOUN
maslahatgoy	NOUN
maslahatgoylik	NOUN
maslahiddin	NOUN
maslak	NOUN
maslakdoş	NOUN
maslama	NOUN
maslaxat	NOUN
maslaxatci	NOUN
maslovaric	NOUN
masnad	NOUN
masnaviy	NOUN
masnun	NOUN
masobat	NOUN
masofa	NOUN
masoha	NOUN
mason	NOUN
masovic	NOUN
masqar	NOUN
masqariddin	NOUN
masrur	NOUN
masrura	NOUN
massa	NOUN
massacutsets	NOUN
massaj	NOUN
massajci	NOUN
massandra	NOUN
massari	NOUN
massimo	NOUN
massiv	NOUN
mast	ADJ,NOUN,VERB
mast-alas	ADJ
masta	NOUN
mastak	NOUN
mastava	NOUN
mastca	NOUN
master	NOUN
masterlik	NOUN
masterovoy	NOUN
masterskoy	NOUN
mastika	NOUN
mastlan	NOUN,VERB
mastlik	NOUN
mastoba	NOUN
maston	NOUN
mastona	NOUN
mastonbibi	NOUN
mastonca	NOUN
mastura	NOUN
masuba	NOUN
masud	NOUN
masuda	NOUN
masudbaxt	NOUN
masul	NOUN
masuliyat	NOUN
masuliyatsiz	NOUN
masuliyatsizlik	NOUN
masullik	NOUN
masum	NOUN
masuma	NOUN
masumali	NOUN
masumlik	NOUN
masumqul	NOUN
masumxoja	NOUN
masumxon	NOUN
masxara	ADJ,NOUN,VERB
masxaraboz	NOUN
masxarabozlik	NOUN
masxarala	VERB
masxaralan	VERB
masxaralaş	VERB
masxarali	ADJ
masxaralik	NOUN
masxur	NOUN
masştab	NOUN
mat	NOUN
mata	NOUN
matakov	NOUN
matakova	NOUN
matal	NOUN
matali	NOUN
matanovic	NOUN
matazim	NOUN
mataş	VERB
matbaa	NOUN
matbaaci	NOUN
matbaacilik	NOUN
matbobo	NOUN
matboqi	NOUN
matbua	NOUN
matbuot	NOUN
matc	NOUN
matcon	NOUN
matemat	ADJ
matematik	ADJ,NOUN
matematika	NOUN
matemin	NOUN
material	NOUN
materialist	NOUN
materializm	NOUN
materik	NOUN
materiya	NOUN
matfozil	NOUN
matgoyib	NOUN
matgozi	NOUN
math	NOUN
mathoşim	NOUN
matibrohim	NOUN
matic	NOUN
matijasevic	NOUN
matin	NOUN
matislom	NOUN
matismoil	NOUN
matiso	NOUN
matisoq	NOUN
matjaşevic	NOUN
matjon	NOUN
matjuma	NOUN
matkarim	NOUN
matkatak	NOUN
matkomil	NOUN
matkovic	NOUN
matkozim	NOUN
matla	NOUN
matlab	NOUN
matlabiddin	NOUN
matlabjon	NOUN
matlabxoja	NOUN
matlub	NOUN
matluba	NOUN
matlubot	NOUN
matlubotci	NOUN
matmirza	NOUN
matmomin	NOUN
matmurod	NOUN
matmuso	NOUN
matn	NOUN
matnazar	NOUN
matniso	NOUN
matnşunos	NOUN
matnşunoslik	NOUN
mato	NOUN
matof	NOUN
matofjon	NOUN
matoh	NOUN
matoi	NOUN
matolib	NOUN
matonat	NOUN
matonatli	NOUN
matonatlilik	NOUN
matoroz	NOUN
matovinovic	NOUN
matpanoh	NOUN
matqobil	NOUN
matqodir	NOUN
matqosim	NOUN
matqul	NOUN
matqurbon	NOUN
matrap	NOUN
matras	NOUN
matrasul	NOUN
matriarxal	NOUN
matriarxat	NOUN
matritsa	NOUN
matrizo	NOUN
matros	NOUN
matroska	NOUN
matsafar	NOUN
matsafo	NOUN
matsano	NOUN
matt	NOUN
matthew	NOUN
matti	NOUN
matturdi	NOUN
matulovic	NOUN
matusmon	NOUN
matvafo	NOUN
matvali	NOUN
matveyev	NOUN
matveyeva	NOUN
matviyenko	NOUN
matxoliq	NOUN
matyakub	NOUN
matyoqub	NOUN
matyusuf	NOUN
mauritius	NOUN
maurizio	NOUN
mauzer	NOUN
mavdud	NOUN
mavhar	NOUN
mavhiba	NOUN
mavhida	NOUN
mavhuba	NOUN
mavhum	NOUN
mavhumlik	NOUN
mavhumot	NOUN
maviz	NOUN
mavj	NOUN,VERB
mavji	NOUN
mavjigul	NOUN
mavjiniso	NOUN
mavjlan	VERB
mavjlantir	VERB
mavjlantiril	VERB
mavjud	NOUN
mavjuda	NOUN
mavjudaat	NOUN
mavjuddin	NOUN
mavjudiyat	NOUN
mavjudlik	NOUN
mavjudot	NOUN
mavlaviy	NOUN
mavlon	NOUN
mavlonberdi	NOUN
mavlonbergan	NOUN
mavlonmirza	NOUN
mavlonmurod	NOUN
mavlonnafas	NOUN
mavlonnazar	NOUN
mavlonnur	NOUN
mavlono	NOUN
mavlonqul	NOUN
mavlonxoja	NOUN
mavloqul	NOUN
mavlud	NOUN
mavluda	NOUN
mavludali	NOUN
mavludbek	NOUN
mavludbeka	NOUN
mavludberdi	NOUN
mavluddin	NOUN
mavludjon	NOUN
mavludqul	NOUN
mavludxon	NOUN
mavludyor	NOUN
mavo	NOUN
mavoxon	NOUN
mavoza	NOUN
mavqe	NOUN
mavrak	NOUN
mavrid	NOUN
mavriddin	NOUN
mavritaniya	NOUN
mavruza	NOUN
mavsala	NOUN
mavsum	NOUN
mavsuma	NOUN
mavsumboy	NOUN
mavsumcilik	NOUN
mavsumiyat	NOUN
mavsumiyatcilik	NOUN
mavsumli	NOUN
mavxum	NOUN
mavxumot	NOUN
mavze	NOUN
mavzemin	NOUN
mavzey	NOUN
mavzoley	NOUN
mavzu	NOUN
mavzui	NOUN
mavzun	NOUN
mavzuna	NOUN
mavzunabonu	NOUN
max	NOUN
maxalla	NOUN
maxallacilik	NOUN
maxci	NOUN
maxcilik	NOUN
maxdum	NOUN
maxduma	NOUN
maxfirat	NOUN
maxfiy	NOUN
maxfiya	NOUN
maxfiylik	NOUN
maxist	NOUN
maxizm	NOUN
maxluq	NOUN
maxluqot	NOUN
maxmal	NOUN
maxmud	NOUN
maxmur	NOUN
maxmura	NOUN
maxmurjon	NOUN
maxmurlik	NOUN
maxnuna	NOUN
maxorka	NOUN
maxraj	NOUN
maxram	ADJ
maxsar	NOUN
maxsim	NOUN
maxsimca	NOUN
maxsuda	NOUN
maxsum	NOUN
maxsuma	NOUN
maxsumqul	NOUN
maxsumxoja	NOUN
maxsus	NOUN,VERB
maxsusboy	NOUN
maxsuslaş	VERB
maxsuslaştir	VERB
maxsuslaştiril	VERB
maxsuslik	NOUN
maxsusulla	NOUN
maxtuba	NOUN
maxtum	NOUN
maxtuma	NOUN
maxtumberdi	NOUN
maxtumkeldi	NOUN
maxtumqilic	NOUN
maxzan	NOUN
maxzap	NOUN
maxzum	NOUN
maxzun	NOUN
may	NOUN
may/moq	VERB
may/moqlan	VERB
may/moqlaş	VERB
may/moqlaştir	VERB
maya	NOUN
mayabibi	NOUN
mayagul	NOUN
mayajon	NOUN
mayak	NOUN
mayami	NOUN
mayd	NOUN
mayda	ADJ,NOUN,VERB
mayda-cuyda	ADJ
mayda-mayda	ADJ
maydagap	ADJ,NOUN
maydagaplik	NOUN
maydala	VERB
maydalan	VERB
maydalat	VERB
maydalaş	VERB
maydalaştir	VERB
maydalaştiril	VERB
maydancic	NOUN
maydayobi	NOUN
maydon	NOUN
maydongul	NOUN
maydonmuhammad	NOUN
mayer	NOUN
maygul	NOUN
maygun	NOUN
mayib	ADJ,NOUN,VERB
mayib-majruh	ADJ
mayibla	VERB
mayiblan	VERB
mayiblik	NOUN
mayin	ADJ,NOUN,VERB
mayinca	NOUN
mayinlaş	VERB
mayisa	NOUN
mayiz	NOUN
mayizxon	NOUN
mayiş	VERB
mayiştir	VERB
mayk	NOUN
mayka	NOUN
maykl	NOUN
mayl	NOUN,VERB
mayli	PRT
mayliboy	NOUN
maylijon	NOUN
maylinor	NOUN
maylixol	NOUN
mayllan	VERB
mayllantir	VERB
mayllantiril	VERB
maylon	NOUN
maymanaq	NOUN
maymanot	NOUN
maymoq	NOUN
maymun	ADJ,NOUN
maymuna	NOUN
maymunaxon	NOUN
maymuncak	NOUN
maymunjon	NOUN
maymunsimon	ADJ
mayna	NOUN
maynaboz	NOUN
maynabozci	NOUN
maynabozcilik	NOUN
maynabozlik	NOUN
maynaxol	NOUN
maynaxon	NOUN
mayniso	NOUN
maynuri	NOUN
mayonez	NOUN
mayoq	NOUN
mayor	NOUN
mayovka	NOUN
mayparast	NOUN
mayparastlik	NOUN
mayqut	NOUN
mayr	VERB
mayram	NOUN
mayrambibi	NOUN
mayrambu	NOUN
mayramca	NOUN
mayril	VERB
maysa	NOUN
maysabeka	NOUN
maysabibi	NOUN
maysagozal	NOUN
maysagul	NOUN
maysajamol	NOUN
maysara	NOUN
maysatoj	NOUN
maysaxon	NOUN
maysazor	NOUN
maystorovic	NOUN
maysura	NOUN
mayta	NOUN
mayub	NOUN
mayus	ADJ,NOUN,VERB
mayuslan	VERB
mayuslantir	VERB
mayuslik	NOUN
mayxon	NOUN
mayxona	NOUN
mayxor	NOUN
mayxorlik	NOUN
mayxur	NOUN
mayxurlik	NOUN
mayya	NOUN
mayzilol	NOUN
mayşakar	NOUN
maza	ADJ,NOUN,VERB
mazacilik	NOUN
mazagar	NOUN
mazagarcilik	NOUN
mazagarlik	NOUN
mazah	NOUN
mazahboy	NOUN
mazalan	VERB
mazali	ADJ
mazalik	NOUN
mazammat	NOUN,VERB
mazammatla	VERB
mazaq	NOUN
mazarmahmud	NOUN
mazasiz	ADJ
mazax	NOUN,VERB
mazaxci	NOUN
mazaxla	VERB
mazaxorak	NOUN
mazaxurak	NOUN
mazbut	NOUN
mazda	NOUN
mazdak	NOUN
mazdakcilik	NOUN
mazdakiy	NOUN
mazdakiylik	NOUN
mazdu	NOUN
mazgil	NOUN
mazhab	NOUN
mazhabci	NOUN
mazhabcilik	NOUN
mazhar	NOUN
mazhariddin	NOUN
mazid	NOUN
mazirat	NOUN
maziya	NOUN
maziyat	NOUN
mazkur	NOUN
mazkura	NOUN
mazlum	NOUN
mazluma	NOUN
mazlumlik	NOUN
mazmun	NOUN,VERB
mazmunan	ADV
mazmundor	NOUN
mazmundorlik	NOUN
mazmuni	ADV,PRT
mazmunsiz	VERB
mazmunsizlan	VERB
mazmunsizlantir	VERB
mazmunsizlantiril	VERB
mazohir	NOUN
mazul	NOUN
mazuna	NOUN
mazur	NOUN
mazut	NOUN
mazxab	NOUN
mazxabci	NOUN
mazxabcilik	NOUN
mazzaxon	NOUN
maşadi	NOUN
maşak	NOUN
maşal	NOUN
maşala	NOUN
maşalas	NOUN
maşalci	NOUN
maşalla	NOUN
maşaq	NOUN
maşaqqat	ADJ,NOUN
maşaqqatli	ADJ
maşarif	NOUN
maşat	NOUN
maşatbeka	NOUN
maşatbibi	NOUN
maşatgul	NOUN
maşatqul	NOUN
maşgul	NOUN
maşgulot	NOUN
maşhad	NOUN
maşhadiy	NOUN
maşhur	ADJ,NOUN
maşhura	NOUN
maşid	NOUN
maşina	NOUN
maşinaci	NOUN
maşinacilik	NOUN
maşinalik	NOUN
maşinasoz	NOUN
maşinasozlik	NOUN
maşinaşunos	NOUN
maşinaşunoslik	NOUN
maşinistka	NOUN
maşinka	NOUN
maşivka	NOUN
maşkob	NOUN
maşkura	NOUN
maşmaşa	NOUN
maşmaşaci	NOUN
maşoh	NOUN
maşokir	NOUN
maşoq	NOUN
maşoqci	NOUN
maşoyix	NOUN
maşq	NOUN
maşqul	NOUN
maşrab	NOUN
maşrabbonu	NOUN
maşrabbu	NOUN
maşraboy	NOUN
maşrabxon	NOUN
maşriq	NOUN
maşru	NOUN
maşruba	NOUN
maşrufa	NOUN
maşuq	NOUN
maşuqa	NOUN
maşuqali	NOUN
maşuqlik	NOUN
maşvarat	NOUN
maşvaratci	NOUN
maşvaratxona	NOUN
maşşoq	NOUN
maşşoqlik	NOUN
maşşota	NOUN
mdh	NOUN
meakic	NOUN
mebel	NOUN
mebelfuruş	NOUN
mebelfuruşlik	NOUN
mebelsoz	NOUN
mebelsozlik	NOUN
mecal	NOUN,VERB
mecallan	VERB
mecibij	NOUN
mecitov	NOUN
mecitova	NOUN
meckay	ADJ,NOUN,VERB
meckaylaş	VERB
meckaylik	NOUN
mecklenburg	NOUN
mecnikov	NOUN
mecnikova	NOUN
meda	NOUN
medal	NOUN
medalon	NOUN
medenic	NOUN
medenika	NOUN
media	NOUN
medial	ADJ
mediana	NOUN
mediapool	NOUN
mediator	NOUN
medic	NOUN
medikament	NOUN
medine	NOUN
meditsina	NOUN
mediyev	NOUN
medojevic	NOUN
medpunkt	NOUN
meduza	NOUN
medvedev	NOUN
mee	IMIT
meee	IMIT
mefayev	NOUN
mefayeva	NOUN
megafon	NOUN
megajin	NOUN
megapolis	NOUN
megina	NOUN
mehed	NOUN
mehic	NOUN
mehinbonu	NOUN
mehlina	NOUN
mehmed	NOUN
mehmedagic	NOUN
mehmedovic	NOUN
mehmet	NOUN
mehmon	NOUN
mehmona	NOUN
mehmonali	NOUN
mehmonbek	NOUN
mehmonca	NOUN
mehmondor	NOUN
mehmondorcilik	NOUN
mehmondorlik	NOUN
mehmondost	NOUN
mehmondostlik	NOUN
mehmongul	NOUN
mehmonkeldi	NOUN
mehmonmurod	NOUN
mehmonoy	NOUN
mehmonqozi	NOUN
mehmontora	NOUN
mehmontoy	NOUN
mehmonxoja	NOUN
mehmonxon	NOUN
mehmonxona	NOUN
mehnat	ADJ,NOUN
mehnatci	NOUN
mehnatkaş	ADJ
mehnatsevar	ADJ,NOUN
mehnatsevarlik	NOUN
mehr	NOUN
mehrali	NOUN
mehran	NOUN
mehrangiz	NOUN
mehrbek	NOUN
mehrbon	NOUN
mehrbonu	NOUN
mehrbor	NOUN
mehrdil	NOUN
mehrdod	NOUN
mehrdoxt	NOUN
mehri	NOUN
mehriali	NOUN
mehribek	NOUN
mehribon	ADJ,NOUN
mehriboncilik	NOUN
mehribonlik	NOUN
mehribonu	NOUN
mehriddin	NOUN
mehrigiyo	NOUN
mehrigozal	NOUN
mehrigul	NOUN
mehrijamol	NOUN
mehrikamol	NOUN
mehrimoh	NOUN
mehrinigor	NOUN
mehriniso	NOUN
mehrinoz	NOUN
mehrinur	NOUN
mehrioy	NOUN
mehriroy	NOUN
mehrisulton	NOUN
mehrisuluv	NOUN
mehriya	NOUN
mehriyo	NOUN
mehriyona	NOUN
mehriyor	NOUN
mehrizoda	NOUN
mehrlik	NOUN
mehrniso	NOUN
mehrnok	NOUN
mehrnoz	NOUN
mehrnoş	NOUN
mehrob	NOUN
mehroba	NOUN
mehrobiddin	NOUN
mehroj	NOUN
mehrojiddin	NOUN
mehron	NOUN
mehrona	NOUN
mehronbek	NOUN
mehrsiz	NOUN
mehrsizlik	NOUN
mehruz	NOUN
mehruza	NOUN
mehrvafo	NOUN
mehrzod	NOUN
mehrşod	NOUN
mehsum	NOUN
mehtar	NOUN
mehtara	NOUN
mehtumsula	NOUN
mehvar	NOUN
meinov	NOUN
meinova	NOUN
mejakic	NOUN
mekic	NOUN
mekran	NOUN
meksika	NOUN
mektic	NOUN
melburn	NOUN
meli	NOUN
melibibi	NOUN
melibori	NOUN
melibu	NOUN
melimamad	NOUN
melimirza	NOUN
melimuhammad	NOUN
melimurod	NOUN
melinesku	NOUN
meliniso	NOUN
meliorator	NOUN
melioratsiya	NOUN
melioy	NOUN
meliqocqor	NOUN
meliqozi	NOUN
meliqul	NOUN
melisa	NOUN
melitoji	NOUN
melitopol	NOUN
melitoş	NOUN
melixoja	NOUN
melixol	NOUN
melixurram	NOUN
meliziyo	NOUN
melkic	NOUN
melkisedek	NOUN
melnicenko	NOUN
melnikov	NOUN
melnikova	NOUN
melodik	NOUN
melodiklik	NOUN
melodiya	NOUN
melodrama	NOUN
membrana	NOUN
memedeminov	NOUN
memedeminova	NOUN
memetov	NOUN
memetova	NOUN
memic	NOUN
memişevic	NOUN
memor	NOUN
memorandum	NOUN
memorci	NOUN
memorcilik	NOUN
memorial	NOUN
memorlik	NOUN
memtili	NOUN
memtimin	NOUN
memuar	NOUN
men	ADJ,NOUN,PRON
mena	NOUN
menaciyev	NOUN
menaciyeva	NOUN
menaşe	NOUN
menbop	ADJ
mendelson	NOUN
mendh	NOUN
mendu	NOUN
menejer	NOUN
menejerlar	NOUN
menejment	NOUN
meng	NOUN
mengali	NOUN
menganor	NOUN
mengazim	NOUN
mengbeka	NOUN
mengberdi	NOUN
mengbonu	NOUN
mengbota	NOUN
mengbotir	NOUN
mengbuvi	NOUN
mengcori	NOUN
mengdobil	NOUN
mengdona	NOUN
mengdovul	NOUN
menggul	NOUN
menggulci	NOUN
mengisman	NOUN
mengjahon	NOUN
mengjamol	NOUN
mengjigit	NOUN
menglar	NOUN
mengli	NOUN
mengliali	NOUN
mengliazim	NOUN
mengliaziz	NOUN
menglibahor	NOUN
menglibasir	NOUN
menglibaxt	NOUN
menglibek	NOUN
menglibeka	NOUN
mengliberdi	NOUN
menglibibi	NOUN
menglidavlat	NOUN
menglieş	NOUN
mengligozi	NOUN
mengligul	NOUN
menglihabib	NOUN
menglihaq	NOUN
menglihay	NOUN
menglihaydar	NOUN
menglihodi	NOUN
menglihojar	NOUN
menglihoji	NOUN
menglijahon	NOUN
menglijamol	NOUN
menglijannat	NOUN
menglijon	NOUN
menglimamat	NOUN
menglimat	NOUN
menglimirza	NOUN
menglimuhammad	NOUN
menglimurod	NOUN
menglinafas	NOUN
menglinazar	NOUN
mengliniso	NOUN
mengliniyoz	NOUN
menglinor	NOUN
menglinoz	NOUN
menglinozik	NOUN
menglinur	NOUN
menglioroz	NOUN
menglioy	NOUN
menglipolat	NOUN
mengliqamar	NOUN
mengliqilic	NOUN
mengliqora	NOUN
mengliqul	NOUN
mengliqurbon	NOUN
mengliroy	NOUN
menglisafo	NOUN
menglisaid	NOUN
menglisihat	NOUN
menglisora	NOUN
menglisulton	NOUN
menglisuluv	NOUN
menglitemir	NOUN
menglitoş	NOUN
mengliturdi	NOUN
menglitursun	NOUN
menglivafo	NOUN
menglivali	NOUN
menglivohid	NOUN
menglixoja	NOUN
menglixol	NOUN
menglixon	NOUN
mengliyazdon	NOUN
mengliyor	NOUN
mengliyuz	NOUN
mengliziyo	NOUN
menglizoda	NOUN
mengliş	NOUN
menglişo	NOUN
mengnazar	NOUN
mengniso	NOUN
mengniyoz	NOUN
mengnor	NOUN
mengnur	NOUN
mengortiq	NOUN
mengoyim	NOUN
mengpolat	NOUN
mengqobil	NOUN
mengqozi	NOUN
mengrov	VERB
mengrovsi	VERB
mengsayid	NOUN
mengsora	NOUN
mengsulton	NOUN
mengsuluv	NOUN
mengtora	NOUN
mengtoy	NOUN
mengtoş	NOUN
mengza	VERB
mengzifo	NOUN
mengziyo	NOUN
mengziyod	NOUN
mengziyoda	NOUN
mengzoda	NOUN
meningit	NOUN
menkinovskiy	NOUN
menliazizov	NOUN
menliazizova	NOUN
menlibanot	NOUN
menliomon	NOUN
menlioyşa	NOUN
menlişayx	NOUN
mensi	NOUN,VERB
mensimas	NOUN
mensimaslik	NOUN
menstruatsiya	NOUN
mentalitet	NOUN
mentol	NOUN
menyu	NOUN
menzurka	NOUN
menşevik	NOUN
menşevizm	NOUN
menşikov	NOUN
menşikova	NOUN
meod	NOUN
merari	NOUN
mercanbulak	NOUN
merdan	NOUN
mergan	NOUN
merganbol	NOUN
merganca	NOUN
mergancilik	NOUN
mergankeldi	NOUN
merganlik	NOUN
merganmirza	NOUN
mergel	NOUN
merhjon	NOUN
merikov	NOUN
merikova	NOUN
merilend	NOUN
merinos	NOUN
merkantilist	NOUN
merkantilizm	NOUN
merkel	NOUN
merkuriy	NOUN
merkuriyat	NOUN
meroj	NOUN
merojiddin	NOUN
merojxon	NOUN
meron	NOUN
meronşoh	NOUN
meros	NOUN
merosiddin	NOUN
merosxon	NOUN
merov	ADJ,NOUN,VERB
merovlan	VERB
merovsira	VERB
mert	VERB
mertik	NOUN
mertil	VERB
mesarevic	NOUN
mesarovic	NOUN
mesic	NOUN
mesit	NOUN
messina	NOUN
mest	NOUN
mestkom	NOUN
mesut	NOUN
metafizika	NOUN
metafor	NOUN
metafora	NOUN
metal	NOUN
metall	NOUN
metallci	NOUN
metallist	NOUN
metallizatsiya	NOUN
metallmas	NOUN
metallografiya	NOUN
metalloid	NOUN
metalloidlar	NOUN
metallurg	NOUN
metallurgiya	NOUN
metallşunos	NOUN
metallşunoslik	NOUN
metamorfik	NOUN
metan	NOUN
metara	NOUN
metateza	NOUN
meteor	NOUN
meteorit	NOUN
meteorolog	NOUN
meteorologiya	NOUN
metil	NOUN
metilen	NOUN
metin	ADJ,NOUN,VERB
metiniddin	NOUN
metinlan	VERB
metinlaş	VERB
metinoy	NOUN
metis	NOUN
metizatsiya	NOUN
metkovic	NOUN
metlicic	NOUN
metod	NOUN
metodi	NOUN
metodika	NOUN
metodist	NOUN
metodolog	NOUN
metodologiya	NOUN
metonimiya	NOUN
metr	NOUN,NUM,VERB
metraj	NOUN
metrik	NOUN
metrika	NOUN
metrla	VERB
metrlaş	VERB
metrlaştir	VERB
metro	NOUN
metroci	NOUN
metrolog	NOUN
metrologiya	NOUN
metropoligen	NOUN
metropoliten	NOUN
metropoliya	NOUN
metrosoz	NOUN
metrostroy	NOUN
metrostroyci	NOUN
meurthe	NOUN
meuse	NOUN
meva	ADJ,NOUN
mevabeka	NOUN
mevaci	NOUN
mevacilik	NOUN
mevafuruş	NOUN
mevafuruşlik	NOUN
mevagul	NOUN
mevali	ADJ,NOUN
mevasiz	NOUN
mevasizlik	NOUN
mevazor	NOUN
mevazorlik	NOUN
mevic	NOUN
mevlut	NOUN
mexanik	ADJ,NOUN
mexanika	NOUN,VERB
mexanikalaş	VERB
mexanikalaştir	VERB
mexanikalaştiril	VERB
mexaniklik	NOUN
mexanist	NOUN
mexanistik	NOUN
mexaniza	NOUN
mexanizator	NOUN
mexanizatsiya	NOUN,VERB
mexanizatsiyalaş	VERB
mexanizatsiyalaştir	VERB
mexanizatsiyalaştiril	VERB
mexanizm	NOUN
mexiko	NOUN
meyakic	NOUN
meyer	NOUN
meyor	NOUN
mezana	NOUN
mezbon	NOUN
mezen	NOUN
mezmurlar	NOUN
mezon	NOUN
mezopotamya	NOUN
mezozoy	NOUN
meş	NOUN
meşcan	NOUN,VERB
meşcanlaş	VERB
meşcanlik	NOUN
meşkob	NOUN
meşkobci	NOUN
meşkobcilik	NOUN
meşkobkuş	NOUN
meşkobquş	NOUN
meşkov	NOUN
meşkova	NOUN
mhamet	NOUN
mhammed	NOUN
mhp	NOUN
mia	NOUN
miad	NOUN
miami	NOUN
micael	NOUN
micalis	NOUN
micel	NOUN
micic	NOUN
micigan	NOUN
mickovskiy	NOUN
micovic	NOUN
microsoft	NOUN
micunevic	NOUN
micunovic	NOUN
middlesex	NOUN
midhad	NOUN
midhat	NOUN
mif	NOUN
mifologiya	NOUN
mifsafar	NOUN
miftoh	NOUN
miftohiddin	NOUN
miftohulla	NOUN
migel	NOUN
migratsiya	NOUN
migren	NOUN
mihai	NOUN
mihail	NOUN
mihalkov	NOUN
mihalkova	NOUN
mihalovic	NOUN
mihalyevic	NOUN
mihay	NOUN
mihaylesku	NOUN
mihaylicenko	NOUN
mihaylivka	NOUN
mihaylo	NOUN
mihaylov	NOUN
mihaylova	NOUN
mihaylovic	NOUN
mihaylovna	NOUN
mihaylovskiy	NOUN
miheyev	NOUN
miheyeva	NOUN
mihran	NOUN
miiyq	NOUN
mijanovic	NOUN
mijgi	VERB
mijgila	VERB
mijgilan	VERB
mijgilat	VERB
mijgirya	NOUN
mijgiş	VERB
mijgon	NOUN
mijgov	ADJ,NOUN,VERB
mijgovlan	VERB
mijgovlik	NOUN
miji	NOUN,VERB
mijic	NOUN
mijig	NOUN
mijiq	VERB
mijiqla	VERB
mijiqlan	VERB
mijiş	VERB
mijja	NOUN
mijovic	NOUN
mijoz	NOUN
mika	NOUN
mikelic	NOUN
mikerevic	NOUN
mikic	NOUN
miklasic	NOUN
mikolayiv	NOUN
mikolayivka	NOUN
mikov	NOUN
mikova	NOUN
mikovic	NOUN
mikrob	NOUN
mikrobiolog	NOUN
mikrobiologiya	NOUN
mikroblar	NOUN
mikroelement	NOUN
mikroelementlar	NOUN
mikrofilm	NOUN
mikrofon	NOUN
mikrofotonusxa	NOUN
mikroiktisodiyot	NOUN
mikroinsult	NOUN
mikroiqlim	NOUN
mikroklimat	NOUN
mikrometr	NOUN
mikrometrik	NOUN
mikrometriya	NOUN
mikron	NOUN
mikroneziya	NOUN
mikroogit	NOUN
mikroogitlar	NOUN
mikroorganizm	NOUN
mikroorganizmlar	NOUN
mikrorayon	NOUN
mikroskop	NOUN
mikroxirurgiya	NOUN
mikser	NOUN
miksic	NOUN
mikstura	NOUN
mikulic	NOUN
mikulicic	NOUN
mikulintsi	NOUN
mil	NOUN
milacic	NOUN
miladinovskiy	NOUN
milakovic	NOUN
milan	NOUN
milankovic	NOUN
milanovanovic	NOUN
milanovic	NOUN
milardovic	NOUN
milcop	NOUN
mildira	NOUN,VERB
mildirat	NOUN,VERB
milekovic	NOUN
milenkovic	NOUN
milenkovskiy	NOUN
miletic	NOUN
milic	NOUN
milicevic	NOUN
milicic	NOUN
milijkovic	NOUN
milinkovic	NOUN
milinovic	NOUN
milisavlyevic	NOUN
milisic	NOUN
militarist	NOUN
militarizatsiya	NOUN
militarizm	NOUN
militsioner	NOUN
militsiya	NOUN
militsiyaxona	NOUN
milivojevic	NOUN
milivoyevic	NOUN
milişevic	NOUN
miljevic	NOUN
miljing	VERB
miljingla	VERB
miljkovic	NOUN
miljojkovic	NOUN
milk	NOUN
milkaq	NOUN
millat	NOUN
millatci	NOUN
millatcilik	NOUN
millatdoş	NOUN
millatparvar	NOUN
millatparvarlik	NOUN
milliard	NOUN
milliarder	NOUN
milligramm	NOUN
millimetr	NOUN
millimetrovka	NOUN
million	ADV,NOUN
millionci	NOUN
millioner	NOUN
millionlab	ADV
millionlarca	ADV
milliy	NOUN,VERB
milliyat	NOUN
milliylaş	VERB
milliylaştir	VERB
milliylik	NOUN
millliard	NUM
millliardda	NUM
millliarddaman	NUM
millliarddan	NUM
millliardga	NUM
millliardinci	NUM
millliardlab	NUM
millliardlamci	NUM
millliardlarca	NUM
millliardni	NUM
millliardning	NUM
millliardta	NUM
millliardtaca	NUM
millliardtadan	NUM
milllion	NUM
milllionda	NUM
millliondaman	NUM
millliondan	NUM
milllionga	NUM
milllioninci	NUM
milllionlab	NUM
milllionlamci	NUM
milllionlarca	NUM
milllionni	NUM
milllionning	NUM
milllionta	NUM
millliontaca	NUM
millliontadan	NUM
milly	NOUN
milm	VERB
milmilla	VERB
milo	NOUN
milod	NOUN
milohevic	NOUN
milonov	NOUN
milonova	NOUN
milorad	NOUN
milosavljevic	NOUN
milosavlyevic	NOUN
milosevic	NOUN
milososki	NOUN
milosovic	NOUN
milosovskiy	NOUN
milovan	NOUN
milovanov	NOUN
milovanova	NOUN
milovanovic	NOUN
milovcic	NOUN
milovic	NOUN
miloyevic	NOUN
miloşevic	NOUN
milsoevic	NOUN
milt	NOUN,VERB
milt-milt	IMIT
miltilla	VERB
miltillat	VERB
miltillaş	VERB
miltiq	NOUN
miltiqboz	NOUN
miltiqbozlik	NOUN
miltiqsoz	NOUN
miltiqsozlik	NOUN
miltiqvoz	NOUN
miltiqvozlik	NOUN
miltira	VERB
miltirat	VERB
milutinivic	NOUN
milutinovic	NOUN
milutnovic	NOUN
milya	NOUN
milyanic	NOUN
milyevic	NOUN
mim	NOUN
mimika	NOUN
mimikriya	NOUN
mimit	NOUN
mimoza	NOUN
min	NOUN,VERB
mina	NOUN,VERB
minakov	NOUN
minakova	NOUN
minala	VERB
minalat	VERB
minalaştir	VERB
minalaştiril	VERB
minbad	NOUN
minbar	NOUN
mincoq	NOUN
mindir	VERB
mindiril	VERB
mindirtir	VERB
mindon	NOUN
mineral	NOUN,VERB
mineralizatsiya	NOUN
minerallaş	VERB
mineralog	NOUN
mineralogiya	NOUN
mineyev	NOUN
mineyeva	NOUN
ming	ADV,NOUN,NUM,VERB
mingali	NOUN
mingay	VERB
mingazim	NOUN
mingaş	VERB
mingaştir	VERB
mingbeka	NOUN
mingbolsin	NOUN
mingbonu	NOUN
mingbota	NOUN
mingboy	NOUN
mingboş	NOUN
mingboşi	NOUN
mingboşilik	NOUN
mingbuloq	NOUN
mingbuvi	NOUN
mingci	NOUN
mingcinor	NOUN
mingcuqur	NOUN
mingda	NUM
mingdaman	NUM
mingdan	NUM
mingdevona	NOUN
mingdona	NOUN
mingga	NUM
mingilla	VERB
minginci	NUM
mingir	VERB
mingirla	VERB
mingirlayver	VERB
mingirlaş	VERB
mingiz	NOUN,VERB
mingizdir	VERB
mingjahon	NOUN
mingjamol	NOUN
mingjasar	NOUN
minglab	ADV,NUM
minglamci	NUM
minglar	NOUN
minglarca	NUM
minglik	NOUN
mingnazar	NOUN
mingni	NUM
mingning	NUM
mingnor	NOUN
mingon	NOUN
mingortiq	NOUN
mingoyim	NOUN
mingoyoq	NOUN
mingpolat	NOUN
mingqobil	NOUN
mingqozi	NOUN
mingqul	NOUN
mingsulton	NOUN
mingsuluv	NOUN
mingta	NUM
mingtaca	NUM
mingtadan	NUM
mingtalik	NOUN
mingtilla	NOUN
mingtora	NOUN
mingtoy	NOUN
mingtoş	NOUN
mingtut	NOUN
mingyigit	NOUN
mingziyod	NOUN
mingziyoda	NOUN
minhoji	NOUN
minhojiddin	NOUN
miniatura	NOUN
miniatyur	NOUN
miniatyura	NOUN
minic	NOUN
minih	NOUN
minihanov	NOUN
minihanova	NOUN
minimal	NOUN
minimum	NOUN
ministr	NOUN
ministrlik	NOUN
miniş	VERB
minnar	NOUN
minnat	ADJ,NOUN
minnatci	NOUN
minnatdor	NOUN
minnatdorcilik	NOUN
minnatdorlik	NOUN
minneapolis	NOUN
minnesota	NOUN
minnihanov	NOUN
minnihanova	NOUN
mino	NOUN
minobiddin	NOUN
minoj	NOUN
minojboy	NOUN
minomet	NOUN
minometci	NOUN
minomyot	NOUN
minomyotci	NOUN
minonos	NOUN
minonosets	NOUN
minor	NOUN
minora	NOUN
minorboy	NOUN
minsk	NOUN
mintaqa	NOUN
mintimer	NOUN
minura	NOUN
minus	NOUN
minut	NOUN
minxoja	NOUN
minyor	NOUN
minyorlik	NOUN
minzele	NOUN
miodrag	NOUN
miokard	NOUN
miokardit	NOUN
miologiya	NOUN
miomir	NOUN
mionic	NOUN
miosevic	NOUN
miq	IMIT,NOUN
miqdor	NOUN
miqli	NOUN
miqliboy	NOUN
miqnotis	NOUN
miqqay	VERB
miqqi	NOUN
miqqiy	NOUN
miqroz	NOUN,VERB
miqroziddin	NOUN
miqrozla	VERB
miqti	NOUN,VERB
miqtiboy	NOUN
miqtila	VERB
miqtilan	VERB
miqyos	NOUN
mir	NOUN
mira	NOUN
mirabbos	NOUN
mirabdulla	NOUN
mirabror	NOUN
miradl	NOUN
mirafzal	NOUN
mirahmad	NOUN
mirahror	NOUN
mirak	NOUN
mirakbat	NOUN
miraki	NOUN
mirakmal	NOUN
mirakram	NOUN
mirali	NOUN
miralim	NOUN
miralişer	NOUN
miramin	NOUN
miran	NOUN
miranbar	NOUN
mirarslon	NOUN
mirasil	NOUN
mirasror	NOUN
mirayyub	NOUN
mirazam	NOUN
mirazim	NOUN
miraziz	NOUN
miraşur	NOUN
mirbadal	NOUN
mirbahor	NOUN
mirbahrom	NOUN
mirbaqo	NOUN
mirbarot	NOUN
mirbattol	NOUN
mirbaşar	NOUN
mirbaşir	NOUN
mirbek	NOUN
mirbobo	NOUN
mirbolta	NOUN
mirbonu	NOUN
mirboqi	NOUN
mirbota	NOUN
mirbotir	NOUN
mirbozor	NOUN
mirbuva	NOUN
mircic	NOUN
mirdada	NOUN
mirdas	NOUN
mirdavlat	NOUN
mirdovud	NOUN
mirel	NOUN
miren	NOUN
mireson	NOUN
mireyev	NOUN
mireyeva	NOUN
mirfariz	NOUN
mirfayyoz	NOUN
mirfayz	NOUN
mirfayzi	NOUN
mirfayzulla	NOUN
mirfotih	NOUN
mirfozil	NOUN
mirgani	NOUN
mirgaq	NOUN
mirgazab	NOUN
mirgiyos	NOUN
mirgorod	NOUN
mirgozi	NOUN
mirgulom	NOUN
mirhabib	NOUN
mirhafiz	NOUN
mirhakim	NOUN
mirhalil	NOUN
mirhamid	NOUN
mirhamza	NOUN
mirhasan	NOUN
mirhaydar	NOUN
mirhayit	NOUN
mirhayot	NOUN
mirhidoyat	NOUN
mirhikmat	NOUN
mirhikoya	NOUN
mirhodi	NOUN
mirhoji	NOUN
mirhojiddin	NOUN
mirhomid	NOUN
mirhosil	NOUN
mirhotam	NOUN
mirhoşim	NOUN
mirhusan	NOUN
mirhusayn	NOUN
mirhusn	NOUN
miri	NOUN
mirilik	NOUN
mirilyos	NOUN
mirinoyat	NOUN
miriq	NOUN,VERB
miriqtir	VERB
mirishoq	NOUN
mirislom	NOUN
mirisman	NOUN
miriş	NOUN
mirişkor	NOUN
mirişkorlik	NOUN
mirjahon	NOUN
mirjalil	NOUN
mirjalol	NOUN
mirjamol	NOUN
mirjavod	NOUN
mirjon	NOUN
mirjora	NOUN
mirkamol	NOUN
mirkarim	NOUN
mirkeldi	NOUN
mirkent	NOUN
mirko	NOUN
mirkolon	NOUN
mirkomil	NOUN
mirkovic	NOUN
mirkozim	NOUN
mirmadi	NOUN
mirmahmud	NOUN
mirmamad	NOUN
mirmaqsud	NOUN
mirmaqsum	NOUN
mirmat	NOUN
mirmavjud	NOUN
mirmaşriq	NOUN
mirmiron	NOUN
mirmomin	NOUN
mirmuhammad	NOUN
mirmuhsin	NOUN
mirmulla	NOUN
mirmurod	NOUN
mirmuso	NOUN
mirmustafo	NOUN
mirnazar	NOUN
mirnemat	NOUN
mirniy	NOUN
mirnosir	NOUN
mirnov	NOUN
mirnova	NOUN
mirob	NOUN
mirobboy	NOUN
mirobboşi	NOUN
mirobid	NOUN
mirobiddin	NOUN
mirobjon	NOUN
miroblik	NOUN
mirobliq	NOUN
mirobod	NOUN
mirodil	NOUN
mirojiddin	NOUN
mirolim	NOUN
miroljb	NOUN
miroljub	NOUN
mirolmos	NOUN
miromil	NOUN
miromon	NOUN
miron	NOUN
mirona	NOUN
mironcic	NOUN
mironenko	NOUN
mironivka	NOUN
mironov	NOUN
mironova	NOUN
mironşo	NOUN
mironşoh	NOUN
miropil	NOUN
miroqboy	NOUN
miroqil	NOUN
mirorif	NOUN
mirortiq	NOUN
mirosic	NOUN
mirosim	NOUN
miroslav	NOUN
miroslavovna	NOUN
mirov	NOUN
miroxorboşi	NOUN
miroxur	NOUN
miroşnicenko	NOUN
mirpolat	NOUN
mirpoşşa	NOUN
mirqayyum	NOUN
mirqobil	NOUN
mirqodir	NOUN
mirqosim	NOUN
mirqozi	NOUN
mirqul	NOUN
mirqunduz	NOUN
mirqurbon	NOUN
mirquruq	NOUN
mirrabi	NOUN
mirrahim	NOUN
mirrahmat	NOUN
mirrahmon	NOUN
mirrajab	NOUN
mirrasul	NOUN
mirrix	NOUN
mirroziq	NOUN
mirsad	NOUN
mirsadiy	NOUN
mirsadulla	NOUN
mirsafo	NOUN
mirsaid	NOUN
mirsaiddin	NOUN
mirsak	NOUN
mirsalim	NOUN
mirsalmon	NOUN
mirsaloh	NOUN
mirsami	NOUN
mirsangin	NOUN
mirsayid	NOUN
mirsayyod	NOUN
mirsiddiq	NOUN
mirsihat	NOUN
mirsoat	NOUN
mirsobir	NOUN
mirsobit	NOUN
mirsodiq	NOUN
mirsodir	NOUN
mirsoli	NOUN
mirsulton	NOUN
mirtemir	NOUN
mirtilla	NOUN
mirtl	NOUN
mirtohir	NOUN
mirtoji	NOUN
mirtolib	NOUN
mirtora	NOUN
mirturdi	NOUN
mirtursun	NOUN
mirulugbek	NOUN
mirumar	NOUN
mirusman	NOUN
mirvafo	NOUN
mirvahhob	NOUN
mirvali	NOUN
mirvaqqos	NOUN
mirvohid	NOUN
mirvosil	NOUN
mirvosiq	NOUN
mirvosit	NOUN
mirxalil	NOUN
mirxatif	NOUN
mirxoja	NOUN
mirxoldor	NOUN
mirxoliq	NOUN
mirxon	NOUN
mirxond	NOUN
mirxudovand	NOUN
miryahyo	NOUN
miryaqub	NOUN
miryoldoş	NOUN
miryoqub	NOUN
miryunus	NOUN
miryusuf	NOUN
mirz	NOUN
mirza	ADJ,NOUN
mirzaabdal	NOUN
mirzaabdullo	NOUN
mirzaahmad	NOUN
mirzaahror	NOUN
mirzaakbar	NOUN
mirzaakram	NOUN
mirzaalam	NOUN
mirzaali	NOUN
mirzaamin	NOUN
mirzaanvar	NOUN
mirzaaziz	NOUN
mirzabadal	NOUN
mirzabagir	NOUN
mirzabahrom	NOUN
mirzabek	NOUN
mirzaberdi	NOUN
mirzabobo	NOUN
mirzaboşi	NOUN
mirzabuva	NOUN
mirzacol	NOUN
mirzadavlat	NOUN
mirzafayyoz	NOUN
mirzafotih	NOUN
mirzafozil	NOUN
mirzagani	NOUN
mirzagulom	NOUN
mirzahabib	NOUN
mirzahakim	NOUN
mirzahamdam	NOUN
mirzahamid	NOUN
mirzahamro	NOUN
mirzahanif	NOUN
mirzahasan	NOUN
mirzahaydar	NOUN
mirzahusan	NOUN
mirzajamol	NOUN
mirzajanov	NOUN
mirzajanova	NOUN
mirzajon	NOUN
mirzakamol	NOUN
mirzakarim	NOUN
mirzakeldi	NOUN
mirzakolon	NOUN
mirzakomil	NOUN
mirzali	NOUN
mirzalik	NOUN
mirzamahmud	NOUN
mirzamaqsud	NOUN
mirzamiddin	NOUN
mirzamir	NOUN
mirzamuhammad	NOUN
mirzamurod	NOUN
mirzanabi	NOUN
mirzanaqib	NOUN
mirzanazar	NOUN
mirzanemat	NOUN
mirzaniyoz	NOUN
mirzanodir	NOUN
mirzanor	NOUN
mirzanozim	NOUN
mirzanur	NOUN
mirzaobid	NOUN
mirzaodil	NOUN
mirzaolim	NOUN
mirzaoy	NOUN
mirzaoyim	NOUN
mirzapolat	NOUN
mirzaqambar	NOUN
mirzaqand	NOUN
mirzaqiz	NOUN
mirzaqobil	NOUN
mirzaqodir	NOUN
mirzaqosim	NOUN
mirzaqozi	NOUN
mirzaqul	NOUN
mirzaquruq	ADJ
mirzarahim	NOUN
mirzarahmat	NOUN
mirzarahmon	NOUN
mirzarasul	NOUN
mirzasaid	NOUN
mirzasalim	NOUN
mirzasoat	NOUN
mirzasobir	NOUN
mirzasohib	NOUN
mirzasolih	NOUN
mirzatboy	NOUN
mirzaterak	NOUN
mirzatilla	NOUN
mirzatohir	NOUN
mirzatolib	NOUN
mirzatop	NOUN
mirzatoy	NOUN
mirzatoş	NOUN
mirzaulug	NOUN
mirzaumar	NOUN
mirzaumid	NOUN
mirzavali	NOUN
mirzavohid	NOUN
mirzaxalil	NOUN
mirzaxmatov	NOUN
mirzaxmatova	NOUN
mirzaxoja	NOUN
mirzaxol	NOUN
mirzaxoliq	NOUN
mirzaxolmat	NOUN
mirzaxon	NOUN
mirzaxona	NOUN
mirzayaqub	NOUN
mirzayoldoş	NOUN
mirzayoqub	NOUN
mirzayor	NOUN
mirzayunus	NOUN
mirzayusuf	NOUN
mirzaşamol	NOUN
mirzaşamsi	NOUN
mirzaşarif	NOUN
mirzaşirin	NOUN
mirzaşo	NOUN
mirziyayev	NOUN
mirziyo	NOUN
mirziyod	NOUN
mirzo	NOUN
mirzobek	NOUN
mirzod	NOUN
mirzoda	NOUN
mirzohid	NOUN
mirzohiddin	NOUN
mirzoid	NOUN
mirzoir	NOUN
mirzokir	NOUN
mirzoy	NOUN
mirzoyi	NOUN
mirşab	NOUN
mirşabxona	NOUN
mirşakar	NOUN
mirşamil	NOUN
mirşamsi	NOUN
mirşaraf	NOUN
mirşayx	NOUN
mirşi	NOUN
mirşikor	NOUN
mirşo	NOUN
mirşod	NOUN
mirşohid	NOUN
mirşuhrat	NOUN
mis	NOUN,VERB
misa	NOUN
misakovskiy	NOUN
misbibi	NOUN
misboh	NOUN
misbohiddin	NOUN
miscevic	NOUN
misetic	NOUN
misic	NOUN
misimovic	NOUN
misir	NOUN
misirali	NOUN
misirgul	NOUN
misiriddin	NOUN
misirogli	NOUN
misiroy	NOUN
misirsuluv	NOUN
misirxon	NOUN
misitic	NOUN
miska	NOUN
miskar	NOUN
miskarlik	NOUN
miskin	ADJ,NOUN,VERB
miskinali	NOUN
miskinlaş	VERB
miskinlik	NOUN
miskinoy	NOUN
miskovic	NOUN
misl	NOUN
misla	VERB
misli	AUX,NOUN
mislişoh	NOUN
mislsiz	NOUN
mislsizlik	NOUN
misol	NOUN
misoli	AUX
misoloy	NOUN
misovic	NOUN
misqar	NOUN
misqol	NOUN,VERB
misqolbibi	NOUN
misqoli	NOUN
misqolla	VERB
misqoloy	NOUN
misr	NOUN
misra	NOUN
misrlik	NOUN
missioner	NOUN
missionerlik	NOUN
missisipi	NOUN
missisippi	NOUN
mississippi	NOUN
missiya	NOUN
missouri	NOUN
missuri	NOUN
mister	NOUN
mistitsizm	NOUN
misvok	NOUN
misvoq	VERB
misvoqla	VERB
mit	NOUN
mita	NOUN,VERB
mitala	VERB
mitanboy	NOUN
mitanovskiy	NOUN
mitanoy	NOUN
mitc	NOUN
mitcell	NOUN
mitic	NOUN
miting	NOUN
mitingboz	NOUN
mitingbozlik	NOUN
mitropolit	NOUN
mitrovic	NOUN
mitrovitsa	NOUN
mitrovskiy	NOUN
mitskev	NOUN
mitti	ADJ,NOUN
mittigul	NOUN
mittixol	NOUN
mittixon	NOUN
mitulesku	NOUN
mix	NOUN,VERB
mixcop	NOUN
mixla	VERB
mixlan	VERB
mixlat	VERB
mixlattir	VERB
mixli	NOUN
mixxat	NOUN
miya	NOUN
miyanovic	NOUN
miyasiz	NOUN
miyasizlik	NOUN
miyatovic	NOUN
miyelit	NOUN
miyon	NOUN
miyona	NOUN
miyov	IMIT,NOUN,VERB
miyov -miyov	IMIT
miyovla	VERB
miyovlat	VERB
miysagiye	NOUN
miz	NOUN
mizanssena	NOUN
mizbon	NOUN
mizgi	NOUN,VERB
mizoj	NOUN
mizon	NOUN
mizrob	NOUN
mizrobjon	NOUN
mizrobxon	NOUN
mizrobşoh	NOUN
miş	NOUN
mişcenko	NOUN
mişik	NOUN
mişiqi	NOUN
mişmiş	NOUN
mişmişci	NOUN
mladen	NOUN
mladenovic	NOUN
mladic	NOUN
mladjan	NOUN
mlaga	NOUN
mlinaric	NOUN
mlivoncic	NOUN
mlrşodl	NOUN
mlyonkal	NOUN
mnbi	NOUN
mo	IMIT
moab	NOUN
mobaynida	NOUN
mobayniga	NOUN
mobhan	NOUN
mobi	NOUN
mobilizatsiya	NOUN
moca	NOUN
mocagar	NOUN
mocalka	NOUN
mocanov	NOUN
mocanova	NOUN
mocaxar	NOUN
mocci	NOUN
mocin	NOUN
mockov	NOUN
mockova	NOUN
moda	NOUN
modal	NOUN
modallik	NOUN
modda	NOUN
moddiy	NOUN,VERB
moddiyat	NOUN
moddiylaş	VERB
moddiylik	NOUN
moddiyun	NOUN
moddiyunci	NOUN
moddiyuncilik	NOUN
moddiyunlik	NOUN
model	NOUN,VERB
modelci	NOUN
modeler	NOUN
modellaştir	VERB
modernist	NOUN
modernizatsiya	NOUN,VERB
modernizatsiyala	VERB
modernizm	NOUN
modesto	NOUN
modifikator	NOUN
modifikatsiya	NOUN
modin	NOUN
modomiki	CNJ,NOUN
modric	NOUN
mogadişu	NOUN
mogilev	NOUN
mogilxon	NOUN
mogol	NOUN
mogor	NOUN,VERB
mogorla	VERB
mogorlan	VERB
mogorlat	VERB
mogul	ADV,NOUN
mogulca	NOUN
mogulcasiga	ADV
moguliston	NOUN
mogullar	NOUN
mogultog	NOUN
mogulxon	NOUN
moh	NOUN
mohak	NOUN
mohasal	NOUN
mohbahora	NOUN
mohbegim	NOUN
mohbonu	NOUN
mohbuvi	NOUN
mohcehra	NOUN
mohcucuk	NOUN
mohdod	NOUN
mohfira	NOUN
mohi	NOUN
mohiasma	NOUN
mohiba	NOUN
mohibanot	NOUN
mohibegim	NOUN
mohibonu	NOUN
mohica	NOUN
mohicehra	NOUN
mohida	NOUN
mohidil	NOUN
mohigavhar	NOUN
mohigul	NOUN
mohijamol	NOUN
mohijon	NOUN
mohikamol	NOUN
mohila	NOUN
mohiliqo	NOUN
mohim	NOUN
mohina	NOUN
mohinabonu	NOUN
mohinav	NOUN
mohinaxon	NOUN
mohiniso	NOUN
mohinur	NOUN
mohinura	NOUN
mohipari	NOUN
mohipora	NOUN
mohir	ADJ,NOUN,VERB
mohira	NOUN
mohirabibi	NOUN
mohirajab	NOUN
mohiraniso	NOUN
mohirlan	VERB
mohirlik	NOUN
mohiroy	NOUN
mohiruzbegim	NOUN
mohirşo	NOUN
mohisafo	NOUN
mohisara	NOUN
mohisarvar	NOUN
mohisitorabonu	NOUN
mohistara	NOUN
mohisulton	NOUN
mohisuluv	NOUN
mohitabon	NOUN
mohitob	NOUN
mohitobon	NOUN
mohitora	NOUN
mohiya	NOUN
mohiyat	NOUN
mohiyena	NOUN
mohizamon	NOUN
mohizevar	NOUN
mohizoda	NOUN
mohişakar	NOUN
mohişaraf	NOUN
mohjahon	NOUN
mohjon	NOUN
mohjuba	NOUN
mohlar	NOUN
mohlarbonu	NOUN
mohlarbu	NOUN
mohlaroyim	NOUN
mohliqo	NOUN
mohmal	VERB
mohmallaş	VERB
mohmallaştir	VERB
mohmirza	NOUN
mohmoh	VERB
mohmohla	VERB
mohnigor	NOUN
mohniso	NOUN
mohnur	NOUN
mohpari	NOUN
mohpora	NOUN
mohqul	NOUN
mohrajab	NOUN
mohroy	NOUN
mohruh	NOUN
mohruxsor	NOUN
mohsafar	NOUN
mohsanam	NOUN
mohseniy	NOUN
mohtob	NOUN
mohtobon	NOUN
mohvor	NOUN
mohxumor	NOUN
mohşod	NOUN
moil	NOUN
moila	NOUN
moilbek	NOUN
moilbeka	NOUN
moina	NOUN
moisiu	NOUN
mojar	NOUN
mojaro	NOUN,VERB
mojaroci	NOUN
mojarolaş	VERB
mojaz	ADJ
mojegov	NOUN
mojegova	NOUN
mojiza	NOUN
mojizakor	NOUN
moka	NOUN
moki	NOUN
mokki	NOUN
mokrakov	NOUN
mokrakova	NOUN
mokrousov	NOUN
mokrousova	NOUN
moktasam	NOUN
mol	NOUN,VERB
mol-kol	ADV
mola	NOUN,VERB
molala	VERB
molalat	VERB
molatoş	NOUN
molaxon	NOUN
molay	VERB
molbert	NOUN
molboqar	NOUN
molboy	NOUN
molci	NOUN
molcilik	NOUN
moldavan	NOUN
moldavanlar	NOUN
moldira	VERB
moldirat	VERB
moldova	NOUN
molekula	NOUN
molekulyar	NOUN
molguzar	NOUN
molibden	NOUN
molik	NOUN
molimardum	NOUN
molimardumxor	NOUN
molimardumxorlik	NOUN
moliya	ADJ,NOUN,VERB
moliyalaş	VERB
moliyalaştir	VERB
moliyat	NOUN
moliyaviy	ADJ
moljal	NOUN,VERB
moljalla	VERB
moljallan	VERB
molla	VERB
mollaş	VERB
mollik	NOUN
mollyuska	NOUN
molocnikov	NOUN
molocnikova	NOUN
molodi	NOUN
molodyojnoye	NOUN
moloq	VERB
moloqlan	VERB
molotilka	NOUN
molotov	NOUN
molotova	NOUN
molqora	NOUN
molqura	NOUN
molt	VERB
molt-molt	IMIT
moltay	VERB
moltaytir	VERB
moltilla	VERB
moltillat	VERB
moltira	VERB
moltoni	NOUN
moltonilik	NOUN
moltopar	NOUN
molxona	NOUN
molyigar	NOUN
moma	NOUN
momaguldurak	NOUN
momaqaldiroq	NOUN
momaqaymoq	NOUN
momasirka	NOUN
momataloq	NOUN
momcilo	NOUN
moment	NOUN
momin	ADJ,NOUN
momin-qobil	ADJ
momina	NOUN
mominali	NOUN
mominca	NOUN
mominmirza	NOUN
mominniso	NOUN
mominqul	NOUN
momintoy	NOUN
mominşoh	NOUN
momiq	ADJ,NOUN
momo	NOUN
momobeka	NOUN
momobuvi	NOUN
momocucuk	NOUN
momodavlat	NOUN
momodol	NOUN
momogozal	NOUN
momogul	NOUN
momohavo	NOUN
momojamol	NOUN
momojon	NOUN
momokiyik	NOUN
momokolon	NOUN
momoqiz	NOUN
momosoc	NOUN
momosulton	NOUN
momosuluv	NOUN
momotoj	NOUN
momoxavo	NOUN
momoxol	NOUN
monaco	NOUN
monako	NOUN
monand	NOUN
monarx	NOUN
monarxist	NOUN
monarxiya	NOUN
monarxiyaci	NOUN
monarxizm	NOUN
monastir	NOUN
monastiriska	NOUN
monastirişce	NOUN
monax	NOUN
monaxl	NOUN
monaxlik	NOUN
monda	VERB
mondalan	VERB
mondi	NOUN
mone	NOUN
monelik	NOUN
monesiz	NOUN
monesizlik	NOUN
monetarizm	NOUN
mongol	NOUN
monist	NOUN
monitor	NOUN
monitoring	NOUN
moniy	NOUN
monizm	NOUN
monogamiya	NOUN
monografik	NOUN
monografiya	NOUN
monolit	ADJ,NOUN
monolitlik	NOUN
monolog	NOUN
monologik	NOUN
monopol	NOUN
monopolist	NOUN
monopoliya	NOUN
monopoliyaci	NOUN
monoteist	NOUN
monoteizm	NOUN
monotip	NOUN
monotipci	NOUN
monotipist	NOUN
monsimo	NOUN
monson	NOUN
mont	NOUN
montaj	NOUN,VERB
montajci	NOUN
montajla	VERB
montajyor	NOUN
montalat	NOUN
montana	NOUN
montanay	NOUN
montbard	NOUN
montenegro	NOUN
monter	NOUN
montgomery	NOUN
montpellier	NOUN
montreal	NOUN
montrond	NOUN
montserrat	NOUN
montyor	NOUN
monucehra	NOUN
monument	ADJ,NOUN
monumental	ADJ,NOUN
moo	IMIT
moon	NOUN
mooo	IMIT
mop	NOUN
moparda	NOUN
moped	NOUN
moqina	NOUN
mor	NOUN
morakov	NOUN
morakova	NOUN
morala	VERB
moralaş	VERB
morbihan	NOUN
morca	NOUN
morcamiyon	NOUN
mordak	NOUN
mordekay	NOUN
mordvin	NOUN
morfema	NOUN
morfemika	NOUN
morfin	NOUN
morfinizm	NOUN
morfologik	ADJ
morfologiya	NOUN
mori	NOUN
moric	NOUN
moriya	NOUN
morj	NOUN
morkon	NOUN
morojniy	NOUN
morozko	NOUN
morozov	NOUN
morozova	NOUN
mors	NOUN
mort	NOUN,VERB
mortlaş	VERB
mortlik	NOUN
mortuk	NOUN
morze	NOUN
morşin	NOUN
mos	NOUN,VERB
mosaddiq	NOUN
moselle	NOUN
moskalenko	NOUN
moskva	NOUN
mosla	VERB
moslan	VERB
moslaş	VERB
moslaştir	VERB
moslaştiril	VERB
moslik	NOUN
mostar	NOUN
mostiska	NOUN
mosul	NOUN
mosuvo	ADJ
mot	NOUN
motabar	NOUN,VERB
motabarlaş	VERB
motabarlaştir	VERB
motadil	NOUN,VERB
motadillaş	VERB
motadillaştir	VERB
motadillik	NOUN
motal	NOUN
motalci	NOUN
motam	ADJ,NOUN
motamdor	NOUN
motamsaro	ADJ,NOUN
motamxona	NOUN
motel	NOUN
motiga	NOUN
motila	NOUN
motiv	NOUN
motka	NOUN
motobol	NOUN
motodrom	NOUN
motokross	NOUN
motopoyga	NOUN
motor	NOUN,VERB
motorci	NOUN
motorist	NOUN
motorizatsiya	NOUN
motorlaş	VERB
motoroller	NOUN
motorsiz	NOUN
motorsizlik	NOUN
motorsoz	NOUN
motorsozlik	NOUN
mototsikl	NOUN
mototsiklci	NOUN
mototsiklet	NOUN
mototsikletci	NOUN
mov	VERB
movagar	NOUN
movarounnahr	NOUN
moviy	ADJ,NOUN
moviya	NOUN
movla	VERB
movlaş	VERB
movliyat	NOUN
movluda	NOUN
movoza	NOUN
movut	NOUN
mox	NOUN
moxidil	NOUN
moxina	NOUN
moxinabonu	NOUN
moxişirin	NOUN
moxlaroyim	NOUN
moxliqo	NOUN
moxora	NOUN
moxov	NOUN
moxparca	NOUN
moxruh	NOUN
moy	NOUN,VERB
moya	NOUN
moyak	NOUN
moyana	NOUN
moyariq	NOUN
moycecak	NOUN
moycinak	NOUN,VERB
moycinakla	VERB
moyciroq	NOUN
moygul	NOUN
moyil	NOUN,VERB
moyillan	VERB
moyillaş	VERB
moyillik	NOUN
moyjuvoz	NOUN
moyla	VERB
moylan	VERB
moylat	VERB
moylaş	VERB
moyli	NOUN
moylibolta	NOUN
moyliboy	NOUN
moylisoy	NOUN
moylixon	NOUN
moylixona	NOUN
moylo	NOUN
moylov	NOUN
moylovci	NOUN
moyna	NOUN
moynaci	NOUN
moynacilik	NOUN
moynaduz	NOUN
moynazar	NOUN
moynoq	NOUN
moypaykar	NOUN
moyqalam	NOUN
moyqaragan	NOUN
moyqut	NOUN
moysafid	NOUN,VERB
moysafidlaş	VERB
moysiz	VERB
moysizlan	VERB
moysizlantir	VERB
moysizlantiril	VERB
moytora	NOUN
moyupa	NOUN
moyxorak	NOUN
moyşakar	NOUN
mozadaxon	NOUN
mozaika	NOUN
mozambik	NOUN
mozi	NOUN
mozilabonu	NOUN
mozor	NOUN
mozori	NOUN
mozoriston	NOUN
mozorot	NOUN
moş	NOUN
moşak	NOUN
moşcena	NOUN
moşina	NOUN
moşinaci	NOUN
moşkiciri	NOUN
moşova	NOUN
moşpoya	NOUN
moşrang	NOUN
moşugra	NOUN
moşxol	NOUN
moşxorda	NOUN
mpa	NOUN
mpumalanga	NOUN
mrakic	NOUN
mrdovic	NOUN
mrkonjic	NOUN
mrksic	NOUN
mrvalyevic	NOUN
ms	NOUN
msk	NOUN
msnbc	NOUN
mstafa	NOUN
mti	NOUN
mtin	NOUN
mtnjir	NOUN
mts	NOUN
mtv	NOUN
mu	NOUN
muallam	NOUN
muallama	NOUN
muallaq	ADJ,NOUN
muallaqci	NOUN
muallif	NOUN,VERB
mualliflaş	VERB
mualliflaştir	VERB
mualliflik	NOUN
muallim	NOUN
muallima	NOUN
muallimlik	NOUN
muallo	NOUN
muammar	NOUN
muammo	NOUN,VERB
muammolaş	VERB
muanbar	NOUN
muannas	NOUN
muarrix	NOUN
muassasa	NOUN
muassis	NOUN
muattar	ADJ,NOUN
muayyad	NOUN
muayyan	NOUN,VERB
muayyana	NOUN
muayyanlan	VERB
muayyanlaş	VERB
muayyanlaştir	VERB
muayyanlaştiril	VERB
muayyanlik	NOUN
muayyid	NOUN
muayyiddin	NOUN
muaz	NOUN
muazzam	ADJ,NOUN
muazzama	NOUN
muazzaz	NOUN
muazzima	NOUN
muazzin	NOUN
muaşşar	NOUN
muaşşax	NOUN
mubarra	NOUN
mubayyana	NOUN
mubaşşer	NOUN
mubaşşira	NOUN
mubham	NOUN,VERB
mubhamlaş	VERB
mubhamlik	NOUN
mubila	NOUN
mubilaxon	NOUN
mubin	NOUN
mubina	NOUN
mubohasa	NOUN,VERB
mubohasalaş	VERB
mubolaga	NOUN
mubolagaci	NOUN
mubora	NOUN
muborak	NOUN
muborakbod	NOUN
muboraknoma	NOUN
muborakqadam	NOUN
muboraktoy	NOUN
muborakulla	NOUN
muborakxon	NOUN
muborakşo	NOUN
muboraza	NOUN
muborcaxon	NOUN
muboriz	NOUN
muborxon	NOUN
muboxasa	NOUN
muboşir	NOUN
muboşira	NOUN
muboşirlik	NOUN
muca	NOUN
mucal	NOUN
mucci	NOUN,VERB
muccila	VERB
mucibabic	NOUN
mucic	NOUN
mucinovic	NOUN
mudabbir	NOUN
mudabbira	NOUN
mudar	NOUN
mudarris	NOUN
mudarrislik	NOUN
muddaii	NOUN
muddaiy	NOUN
muddao	NOUN
muddat	ADJ,NOUN
muddatli	ADJ
mudhiş	ADJ
mudir	NOUN
mudira	NOUN
mudirlik	NOUN
mudofaa	NOUN,VERB
mudofaaci	NOUN
mudofaacilik	NOUN
mudofaalan	VERB
mudofe	NOUN
mudom	ADV,NOUN
mudomiki	NOUN
mudoxala	NOUN
mudoxalaci	NOUN
mudra	VERB
mudrat	VERB
mudraş	VERB
mudrik	NOUN
mudro	ADJ
mudroq	ADJ
mufaddal	NOUN
mufarrah	NOUN
mufassal	NOUN,VERB
mufassallaş	VERB
mufassallik	NOUN
mufassalxon	NOUN
mufassar	NOUN
mufattin	NOUN
mufattiş	NOUN
mufazzal	NOUN
mufid	NOUN
mufiz	NOUN
muflih	NOUN
mufliha	NOUN
muflihiddin	NOUN
muflihulla	NOUN
muflis	NOUN
muft	NOUN
mufti	NOUN
muftilik	NOUN
muftiodil	NOUN
muftizoda	NOUN
muftulla	NOUN
muftxor	NOUN
muftxorlik	NOUN
mufzila	NOUN
mug	NOUN
mugambir	NOUN
mugambircilik	NOUN
mugamin	NOUN
muganniy	NOUN
mugay	NOUN,VERB
mugayt	VERB
mugaytir	VERB
mugbacca	NOUN
mugca	NOUN
muge	NOUN
mugis	NOUN
mugiz	NOUN
mugja	NOUN
mugla	NOUN
muglon	NOUN
muglonoy	NOUN
mugombir	ADJ,NOUN,VERB
mugombirlaş	VERB
mugombirlik	NOUN
mugon	NOUN
mugoyir	NOUN
mugtafi	NOUN
mugul	NOUN
muguz	NOUN
muhabbat	NOUN
muhaddara	NOUN
muhaddis	NOUN
muhaddisa	NOUN
muhallab	NOUN
muhammad	NOUN
muhammadafzal	NOUN
muhammadahmad	NOUN
muhammadakbar	NOUN
muhammadalam	NOUN
muhammadali	NOUN
muhammadalo	NOUN
muhammadamin	NOUN
muhammadanas	NOUN
muhammadanvar	NOUN
muhammadasad	NOUN
muhammadato	NOUN
muhammadayyub	NOUN
muhammadazam	NOUN
muhammadazim	NOUN
muhammadaziz	NOUN
muhammadbakir	NOUN
muhammadbek	NOUN
muhammadberdi	NOUN
muhammadbilol	NOUN
muhammadbobo	NOUN
muhammadbobur	NOUN
muhammadboqiy	NOUN
muhammadbori	NOUN
muhammadboy	NOUN
muhammaddarveş	NOUN
muhammaddin	NOUN
muhammaddiya	NOUN
muhammaddost	NOUN
muhammademin	NOUN
muhammadeson	NOUN
muhammadeş	NOUN
muhammadfasiq	NOUN
muhammadfaxir	NOUN
muhammadfayoz	NOUN
muhammadfayyoz	NOUN
muhammadfayzi	NOUN
muhammadforuh	NOUN
muhammadfotih	NOUN
muhammadfozil	NOUN
muhammadgado	NOUN
muhammadgafur	NOUN
muhammadgani	NOUN
muhammadgarib	NOUN
muhammadgavs	NOUN
muhammadgolib	NOUN
muhammadgoyib	NOUN
muhammadgozi	NOUN
muhammadgulom	NOUN
muhammadhabib	NOUN
muhammadhafiz	NOUN
muhammadhakim	NOUN
muhammadhasan	NOUN
muhammadhaydar	NOUN
muhammadhayot	NOUN
muhammadhodi	NOUN
muhammadhoji	NOUN
muhammadhoşim	NOUN
muhammadhoşir	NOUN
muhammadhusan	NOUN
muhammadi	NOUN
muhammadibrohim	NOUN
muhammadikrom	NOUN
muhammadishoq	NOUN
muhammadislom	NOUN
muhammadismoil	NOUN
muhammadiso	NOUN
muhammadisroil	NOUN
muhammadiy	NOUN
muhammadjalil	NOUN
muhammadjamil	NOUN
muhammadjon	NOUN
muhammadjuma	NOUN
muhammadkamol	NOUN
muhammadkarim	NOUN
muhammadkomil	NOUN
muhammadkozim	NOUN
muhammadlabib	NOUN
muhammadlatif	NOUN
muhammadmajid	NOUN
muhammadmansur	NOUN
muhammadmasum	NOUN
muhammadmaxdum	NOUN
muhammadmaxsum	NOUN
muhammadmazid	NOUN
muhammadmirza	NOUN
muhammadmomin	NOUN
muhammadmuazzam	NOUN
muhammadmubin	NOUN
muhammadmuhsin	NOUN
muhammadmurod	NOUN
muhammadmuso	NOUN
muhammadmustafo	NOUN
muhammadnabi	NOUN
muhammadnaqiy	NOUN
muhammadnazar	NOUN
muhammadnazir	NOUN
muhammadniyoz	NOUN
muhammadnodir	NOUN
muhammadnosir	NOUN
muhammadnozim	NOUN
muhammadnur	NOUN
muhammadodil	NOUN
muhammadolim	NOUN
muhammadoqil	NOUN
muhammadorif	NOUN
muhammadorin	NOUN
muhammadoroz	NOUN
muhammadosim	NOUN
muhammadota	NOUN
muhammadpanoh	NOUN
muhammadqobil	NOUN
muhammadqodir	NOUN
muhammadqosim	NOUN
muhammadqozi	NOUN
muhammadqul	NOUN
muhammadqurbon	NOUN
muhammadrafiq	NOUN
muhammadrahim	NOUN
muhammadrajab	NOUN
muhammadraso	NOUN
muhammadrasul	NOUN
muhammadrauf	NOUN
muhammadrazzoq	NOUN
muhammadraşid	NOUN
muhammadrizgar	NOUN
muhammadrizo	NOUN
muhammadrost	NOUN
muhammadrozi	NOUN
muhammadroziq	NOUN
muhammadsafo	NOUN
muhammadsaid	NOUN
muhammadsalim	NOUN
muhammadsano	NOUN
muhammadsarvar	NOUN
muhammadsattor	NOUN
muhammadsayid	NOUN
muhammadsiddiq	NOUN
muhammadsoat	NOUN
muhammadsobir	NOUN
muhammadsobit	NOUN
muhammadsodiq	NOUN
muhammadsodir	NOUN
muhammadsoib	NOUN
muhammadsoli	NOUN
muhammadsolih	NOUN
muhammadsovur	NOUN
muhammadsulton	NOUN
muhammadtohir	NOUN
muhammadtoji	NOUN
muhammadtolib	NOUN
muhammadtora	NOUN
muhammadtoxta	NOUN
muhammadtoyib	NOUN
muhammadtoş	NOUN
muhammadturdi	NOUN
muhammadturgun	NOUN
muhammadtursun	NOUN
muhammadulla	NOUN
muhammadumar	NOUN
muhammadusmon	NOUN
muhammadvafo	NOUN
muhammadvali	NOUN
muhammadvoris	NOUN
muhammadxabar	NOUN
muhammadxalil	NOUN
muhammadxoja	NOUN
muhammadxol	NOUN
muhammadxoliq	NOUN
muhammadxon	NOUN
muhammadxoris	NOUN
muhammadyaqub	NOUN
muhammadyasir	NOUN
muhammadyoldoş	NOUN
muhammadyoqub	NOUN
muhammadyor	NOUN
muhammadyunus	NOUN
muhammadyusuf	NOUN
muhammadzabir	NOUN
muhammadzakiy	NOUN
muhammadzamon	NOUN
muhammadzar	NOUN
muhammadzarif	NOUN
muhammadzikir	NOUN
muhammadzikriyo	NOUN
muhammadziyo	NOUN
muhammadziyod	NOUN
muhammadzohid	NOUN
muhammadzohir	NOUN
muhammadzokir	NOUN
muhammadzubayr	NOUN
muhammadzuhur	NOUN
muhammadzulun	NOUN
muhammadzunnun	NOUN
muhammadşafi	NOUN
muhammadşahin	NOUN
muhammadşaraf	NOUN
muhammadşarif	NOUN
muhammadşayx	NOUN
muhammadşer	NOUN
muhammadşo	NOUN
muhammadşoh	NOUN
muhammadşokir	NOUN
muhammadşukur	NOUN
muhammetarif	NOUN
muhammiddinov	NOUN
muhammiddinova	NOUN
muhandis	NOUN
muhandislik	NOUN
muhaqqaq	NOUN,PRT
muharram	NOUN
muharrama	NOUN
muharrir	NOUN
muharririyat	NOUN
muharrirlik	NOUN
muhayyo	NOUN
muhbil	NOUN
muhib	NOUN
muhiba	NOUN
muhibali	NOUN
muhibbibi	NOUN
muhibiddin	NOUN
muhibjahon	NOUN
muhibjamol	NOUN
muhibjon	NOUN
muhibkamol	NOUN
muhibmirza	NOUN
muhibniso	NOUN
muhibulla	NOUN
muhibullo	NOUN
muhibzoda	NOUN
muhic	NOUN
muhid	NOUN
muhida	NOUN
muhidaxon	NOUN
muhiddin	NOUN
muhiddina	NOUN
muhiddinqori	NOUN
muhim	NOUN
muhima	NOUN
muhimlik	NOUN
muhin	NOUN
muhiniso	NOUN
muhir	NOUN
muhiroy	NOUN
muhit	NOUN
muhlat	NOUN
muhmal	NOUN
muhofaza	NOUN
muhofazakor	NOUN
muhofazakorlik	NOUN
muhofazat	NOUN
muhofiz	NOUN
muhojir	ADJ,NOUN
muhojira	NOUN
muhojirlik	NOUN
muhokama	NOUN,VERB
muhokamalaş	VERB
muhoraba	NOUN
muhosara	NOUN
muhr	NOUN,VERB
muhra	NOUN
muhrboy	NOUN
muhriddin	NOUN
muhriniso	NOUN
muhriz	NOUN
muhrkan	NOUN
muhrkanlik	NOUN
muhrla	VERB
muhrlan	VERB
muhrlat	VERB
muhsiddin	NOUN
muhsin	NOUN
muhsina	NOUN
muhsinali	NOUN
muhsiniddin	NOUN
muhsintoy	NOUN
muhtaram	NOUN
muhtarama	NOUN
muhtasam	NOUN
muhtaşam	NOUN
muhtoj	ADJ,NOUN
muhtojiddin	NOUN
muhtojlik	NOUN
muhubullo	NOUN
muhur	NOUN
muin	NOUN
muina	NOUN
muinaduz	NOUN
muiniddin	NOUN
muinjon	NOUN
muinulhaq	NOUN
muiz	NOUN
muiziddin	NOUN
mujahid	NOUN
mujalla	NOUN
mujarrad	NOUN
mujassam	ADJ,VERB
mujassamlan	VERB
mujassamlantir	VERB
mujassamlaş	VERB
mujavvir	NOUN
mujda	NOUN
mujdabayev	NOUN
mujdabayeva	NOUN
mujdaboy	NOUN
mujenko	NOUN
mujgon	NOUN
mujgona	NOUN
muji	NOUN,VERB
mujiba	NOUN
mujic	NOUN
mujik	NOUN
mujiriddin	NOUN
mujirrulmulk	NOUN
mujiş	VERB
mujmal	NOUN,VERB
mujmallan	VERB
mujmallaş	VERB
mujmallaştir	VERB
mujmallik	NOUN
mujohid	NOUN
mujohiddin	NOUN
mujovir	NOUN
mujovira	NOUN
mujrim	NOUN
mujtaba	NOUN
mujtahid	NOUN
muk	NOUN
mukaab	NOUN
mukaceve	NOUN
mukaddar	NOUN
mukallaf	NOUN
mukambar	NOUN
mukammal	ADJ,NOUN,VERB
mukammallaş	VERB
mukammallaştir	VERB
mukammallaştiril	VERB
mukammallik	NOUN
mukarca	NOUN
mukarnas	NOUN
mukarram	NOUN
mukarrama	NOUN
mukarrar	NOUN
mukarrarlik	NOUN
mukarrir	NOUN
mukcay	NOUN,VERB
mukdadil	NOUN
mukka	NOUN
mukkala	VERB
mukkay	VERB
mukofot	NOUN,VERB
mukofotla	VERB
mukofotlan	VERB
mukolama	NOUN
mulahalilovic	NOUN
mulahaliovic	NOUN
mulat	NOUN
mulic	NOUN
muljacic	NOUN
mulk	NOUN
mulka	NOUN
mulkberdi	NOUN
mulkci	NOUN
mulkcilik	NOUN
mulkdor	NOUN
mulkdorlik	NOUN
mulkijahon	NOUN
mulkiya	NOUN
mulkkeldi	NOUN
mulkomon	NOUN
mulkoro	NOUN
mulla	NOUN
mullaali	NOUN
mullaanor	NOUN
mullabacca	NOUN
mullabek	NOUN
mullaberdi	NOUN
mullaboy	NOUN
mullabuloq	NOUN
mullaeş	NOUN
mullagani	NOUN
mullagozi	NOUN
mullagulom	NOUN
mullahasan	NOUN
mullajon	NOUN
mullaka	NOUN
mullakarim	NOUN
mullakeldi	NOUN
mullamahmud	NOUN
mullamamad	NOUN
mullamok	NOUN
mullamuhammad	NOUN
mullamurod	NOUN
mullanafas	NOUN
mullaniyoz	NOUN
mullanur	NOUN
mullaormon	NOUN
mullaoroz	NOUN
mullaotab	NOUN
mullaparda	NOUN
mullaqahhor	NOUN
mullaqand	NOUN
mullaqilic	NOUN
mullaqocqor	NOUN
mullaqodir	NOUN
mullaqoşmat	NOUN
mullaqul	NOUN
mullaqurbon	NOUN
mullasafo	NOUN
mullasalim	NOUN
mullatoy	NOUN
mullaturdi	NOUN
mullausmon	NOUN
mullavacca	NOUN
mullaxoja	NOUN
mullaxon	NOUN
mullayoldoş	NOUN
mullayor	NOUN
mullazoda	NOUN
mullaşer	NOUN
mullaşix	NOUN
mullaşoh	NOUN
mullik	NOUN
mullo	NOUN
mulohaza	NOUN
mulohazaci	NOUN
mulohazakor	NOUN
mulohazakorlik	NOUN
mulohazalik	NOUN
mulohazasiz	NOUN
mulohazasizlik	NOUN
muloq	NOUN
muloqot	NOUN
muloxaza	NOUN
muloxazasiz	NOUN
muloxazasizlik	NOUN
muloyim	ADJ,NOUN
muloyimlik	NOUN
mulozamat	NOUN
mulozamatlik	NOUN
mulozim	NOUN
mulozimat	NOUN
multajiba	NOUN
multimedia	NOUN
multimillioner	NOUN
multiplikator	NOUN
multiplikatsion	NOUN
multiplikatsiya	NOUN
multon	NOUN
multoni	NOUN
multoniy	NOUN
multoniylik	NOUN
mulzam	ADJ,NOUN
mulzamlik	NOUN
mum	NOUN
mumay	NOUN
mumbay	NOUN
mumca	NOUN
mumini	NOUN
mumiyo	NOUN
mumkin	NOUN,PRT
mumkinlik	NOUN
mumsik	NOUN
mumtoz	NOUN
mumtoza	NOUN
mumtozabonu	NOUN
mumtozbegim	NOUN
mumtozbek	NOUN
mumtozlik	NOUN
mumtozmaxalbegim	NOUN
munafassa	NOUN
munajjim	NOUN
munajjimlik	NOUN
munajjimxon	NOUN
munaka	NOUN
munakangi	NOUN
munaqqaş	NOUN
munaqqid	NOUN
munavvar	NOUN
munavvara	NOUN
munavvarlik	NOUN
munazzaf	NOUN
munazzafa	NOUN
munazzam	NOUN
munazzama	NOUN
munazzax	NOUN
munbit	NOUN
munca	NOUN
muncalik	NOUN
muncok	NOUN
muncoq	NOUN
munda	NOUN
mundaqa	NOUN
mundarija	NOUN
munday	NOUN
mundi	NOUN
mundir	NOUN
mundok	NOUN
munfail	NOUN
mung	NOUN,VERB
mungay	NOUN
mungdoş	NOUN
munglan	VERB
mungli	NOUN
munglilik	NOUN
munib	NOUN
muniba	NOUN
munibulla	NOUN
munif	NOUN
munim	NOUN
munir	NOUN
munira	NOUN
munirxoja	NOUN
munis	NOUN
munisa	NOUN
munisipalitet	NOUN
munisxon	NOUN
munitic	NOUN
munitsipalitet	NOUN
munitsipalizatsiya	NOUN
munjiha	NOUN
munk	VERB
munkarnakir	NOUN
munkay	VERB
munkaytir	VERB
munki	NOUN,VERB
munkilla	VERB
munkillat	VERB
munkit	VERB
munofiq	ADJ,NOUN
munofiqlik	NOUN
munoj	NOUN
munojat	NOUN
munojiddin	NOUN
munojot	NOUN
munoqaşa	NOUN
munoqaşaci	NOUN
munoqaşacilik	NOUN
munosabat	NOUN
munosabatsiz	NOUN
munosabatsizlik	NOUN
munosib	ADJ,NOUN
munosiba	NOUN
munosiblik	NOUN
munosif	NOUN
munozara	NOUN,VERB
munozaralaş	VERB
munqariz	NOUN
munsed	NOUN
muntajibiddin	NOUN
muntaloq	NOUN
muntasir	NOUN
muntazam	NOUN
muntazamlik	NOUN
muntazimxon	NOUN
muntazir	ADJ,NOUN
muntazira	NOUN
muntazirlik	NOUN
muntazoqul	NOUN
muntola	NOUN
munzir	NOUN
munşaot	NOUN
munşiy	NOUN
muohada	NOUN
muolaja	NOUN
muomala	NOUN
muomila	NOUN
muovin	NOUN
muovinlik	NOUN
muoz	NOUN
muqaddam	ADV,NOUN
muqaddar	NOUN
muqaddara	NOUN
muqaddas	ADJ,NOUN,VERB
muqaddaslaş	VERB
muqaddaslaştir	VERB
muqaddasot	NOUN
muqaddima	NOUN
muqallid	NOUN
muqanna	NOUN
muqarnas	NOUN
muqarnasci	NOUN
muqarrab	NOUN
muqarrar	NOUN,VERB
muqarrarlaş	VERB
muqat	NOUN
muqaş	NOUN
muqbil	NOUN
muqiba	NOUN
muqim	NOUN
muqima	NOUN
muqimbibi	NOUN
muqimiddin	NOUN
muqimlik	NOUN
muqimtoş	NOUN
muqobala	NOUN
muqom	NOUN
muqova	NOUN,VERB
muqovaci	NOUN
muqovacilik	NOUN
muqovala	VERB
muqovalat	VERB
muqovamat	NOUN
muqovasoz	NOUN
muqovasozlik	NOUN
muqoyasa	NOUN
muqrim	NOUN
muqtadir	NOUN
muqtazo	NOUN
murabba	NOUN
murabbiy	NOUN
murabbiya	NOUN
murabbiylik	NOUN
murabbo	NOUN
muradov	NOUN
muradova	NOUN
murakkab	NOUN,VERB
murakkabgullilar	NOUN
murakkablan	VERB
murakkablaş	VERB
murakkablaştir	VERB
murakkablaştiril	VERB
murakkablik	NOUN
murassa	NOUN
muratagic	NOUN
muratov	NOUN
muratova	NOUN
muratovic	NOUN
muratovskiy	NOUN
muravyov	NOUN
muravyova	NOUN
murayev	NOUN
murayeva	NOUN
murc	NOUN,VERB
murca	NOUN
murcdon	NOUN
murcla	VERB
murd	NOUN
murda	NOUN
murdaxona	NOUN
murdaşoy	NOUN
murdor	NOUN,VERB
murdorlan	VERB
murdorlik	NOUN
murg	NOUN
murid	NOUN
murmansk	NOUN
murobşo	NOUN
murod	NOUN
murodali	NOUN
murodasil	NOUN
murodbaxş	NOUN
murodbek	NOUN
murodboy	NOUN
murodiso	NOUN
murodjon	NOUN
murodkeldi	NOUN
murodli	NOUN
murodmamat	NOUN
murodmuhammad	NOUN
murodmuso	NOUN
murodnabi	NOUN
murodnafas	NOUN
murodnazar	NOUN
murodniyoz	NOUN
murodqilic	NOUN
murodqobil	NOUN
murodqosim	NOUN
murodqul	NOUN
murodqurbon	NOUN
murodsulton	NOUN
murodtoy	NOUN
murodturdi	NOUN
murodulla	NOUN
murodxoja	NOUN
murodxon	NOUN
murodşo	NOUN
murofaa	NOUN
murojaat	NOUN
murojaatnoma	NOUN
muroqaba	NOUN
murosa	NOUN
murosaci	NOUN
murosacilik	NOUN
murosasiz	NOUN
murosasizlik	NOUN
murosasoz	NOUN
murosasozlik	NOUN
mursak	NOUN
mursal	NOUN
mursala	NOUN
murt	NOUN
murtad	NOUN
murtak	NOUN
murtazo	NOUN
murtca	NOUN
murteza	NOUN
murtic	NOUN
murtoz	NOUN
murtozali	NOUN
muruntov	NOUN
murut	NOUN
muruvvat	ADJ,NOUN
muruvvatli	ADJ
murvat	NOUN
murşid	NOUN
murşida	NOUN
murşidbek	NOUN
murşiddin	NOUN
murşidjon	NOUN
musabbiya	NOUN
musabiha	NOUN
musaddas	NOUN
musaddin	NOUN
musaffo	ADJ,NOUN,VERB
musaffolan	VERB
musaffolaş	VERB
musaffolik	NOUN
musahhih	NOUN
musainna	NOUN
musakocoyev	NOUN
musallah	NOUN
musallam	NOUN
musallama	NOUN
musallas	NOUN
musallim	NOUN
musallima	NOUN
musalloh	NOUN
musammo	NOUN
musannaf	NOUN
musannif	NOUN
musarrah	NOUN
musattar	NOUN
musavih	NOUN
musavvar	NOUN
musavvara	NOUN
musavvir	NOUN
musavvira	NOUN
musaxhih	NOUN
musayev	NOUN
musayeva	NOUN
musayyab	NOUN
musbat	NOUN
muselimovic	NOUN
musetesku	NOUN
musibat	NOUN
music	NOUN
musica	NOUN
musif	NOUN
musifulla	NOUN
musin	NOUN
musina	NOUN
musiq	NOUN
musiqa	NOUN
musiqaci	NOUN
musiqaşunos	NOUN
musiqaşunoslik	NOUN
musiqiy	NOUN
musiqiylik	NOUN
musir	NOUN
muskat	NOUN
muskul	NOUN
muskullar	NOUN
musliddin	NOUN
muslih	NOUN
musliha	NOUN
muslihiddin	NOUN
muslihulla	NOUN
muslim	NOUN
muslima	NOUN
muslimbek	NOUN
muslimov	NOUN
muslimova	NOUN
muslimxon	NOUN
muslin	NOUN
muso	NOUN
musoali	NOUN
musobaqa	NOUN,VERB
musobaqaci	NOUN
musobaqadoş	NOUN
musobaqalaş	VERB
musobek	NOUN
musoberdi	NOUN
musobibi	NOUN
musobiya	NOUN
musoboy	NOUN
musodara	NOUN
musofir	ADJ,NOUN
musofira	NOUN
musofirci	NOUN
musofircilik	NOUN
musofirlik	NOUN
musofirxona	NOUN
musohaba	NOUN,VERB
musohabalaş	VERB
musohala	NOUN
musohib	NOUN
musoid	NOUN
musojon	NOUN
musolaa	NOUN
musolaha	NOUN
musomamat	NOUN
musomat	NOUN
musomirza	NOUN
musomuhammad	NOUN
musomurod	NOUN
musoqora	NOUN
musoqozi	NOUN
musoqul	NOUN
musotoy	NOUN
musovada	NOUN
musovic	NOUN
musoviy	NOUN
musovot	NOUN
musovotci	NOUN
musoxoja	NOUN
musoxon	NOUN
musoyib	NOUN
musoyor	NOUN
musoşayx	NOUN
musrap	NOUN
mussolini	NOUN
musson	NOUN
mustabid	NOUN
mustabidlik	NOUN
mustabos	NOUN
mustafayev	NOUN
mustafayevna	NOUN
mustafic	NOUN
mustafo	NOUN
mustafoqul	NOUN
mustahiq	NOUN
mustahkam	ADJ,NOUN,VERB
mustahkamla	VERB
mustahkamlan	VERB
mustahkamlik	NOUN
mustajo	NOUN
mustajob	NOUN
mustak	NOUN
mustalifa	NOUN
mustamlaka	NOUN
mustamlakaci	NOUN
mustamlakacilik	NOUN
mustaor	NOUN
mustaqil	NOUN
mustaqillik	NOUN
mustaqim	NOUN
mustaqima	NOUN
mustaram	NOUN
mustarama	NOUN
mustatil	NOUN
mustaşriq	NOUN
mustojib	NOUN
musulmon	NOUN
musulmonbek	NOUN
musulmoncilik	NOUN
musulmonlik	NOUN
musulmonobod	NOUN
musulmonqul	NOUN
musxaf	NOUN
muta	VERB
mutaassib	NOUN,VERB
mutaassiblaş	VERB
mutaassiblik	NOUN
mutaassir	NOUN
mutafakkir	NOUN
mutahham	ADJ
mutahhar	NOUN
mutahhara	NOUN
mutakabbir	NOUN,VERB
mutakabbirlan	VERB
mutakabbirlaş	VERB
mutakabbirlik	NOUN
mutakkabir	NOUN
mutal	NOUN
mutallib	NOUN
mutallim	NOUN
mutamok	NOUN
mutanosib	NOUN
mutanosiblik	NOUN
mutaraddid	NOUN
mutaraddidlik	NOUN
mutarra	NOUN
mutarro	NOUN
mutasaddi	NOUN
mutasim	NOUN
mutavakkal	NOUN
mutavakkil	NOUN
mutavalli	NOUN
mutavoze	NOUN
mutavozelik	NOUN
mutaxassis	NOUN
mutaxassislik	NOUN
mutaz	NOUN
mute	NOUN
mutelik	NOUN
mutellip	NOUN
muti	NOUN
mutina	NOUN
mutiy	NOUN
mutiyulla	NOUN
mutlaq	VERB
mutlaqlaş	VERB
mutlaqlaştir	VERB
mutlaqo	ADV,PRT
mutohharoh	NOUN
mutolaa	NOUN
mutoyiba	NOUN
mutrib	NOUN
muttaham	ADJ,NOUN
muttahamcilik	NOUN
muttahamgarcilik	NOUN
muttahamlik	NOUN
muttasil	NOUN
mutti	NOUN
muvaffaq	NOUN
muvaffaqiyasizlik	NOUN
muvaffaqiyat	ADJ,NOUN
muvaffaqiyat\	NOUN
muvaffaqiyatli	ADJ
muvaffaqiyatsiz	NOUN
muvaffaqiyatsizlik	NOUN
muvaffar	NOUN
muvaqqat	NOUN
muvarrada	NOUN
muvaşşah	NOUN
muvofiq	AUX,NOUN,VERB
muvofiqla	VERB
muvofiqlan	VERB
muvofiqlaş	VERB
muvofiqlaştir	VERB
muvofiqlik	NOUN
muvofiqsiz	NOUN
muvofiqsizlik	NOUN
muvozanat	NOUN
muvoziy	NOUN
muxammaddiyor	NOUN
muxammas	NOUN
muxarram	NOUN
muxbir	NOUN
muxbira	NOUN
muxbirjon	NOUN
muxbirlik	NOUN
muxiddin	NOUN
muxiddinov	NOUN
muxiddinova	NOUN
muxit	NOUN
muxlis	NOUN
muxlisa	NOUN
muxlisabonu	NOUN
muxlisali	NOUN
muxlisbek	NOUN
muxlisiddin	NOUN
muxlislik	NOUN
muxlisulla	NOUN
muxobara	NOUN
muxofaza	NOUN
muxofiz	NOUN
muxolafat	NOUN
muxolif	NOUN
muxriddin	NOUN
muxsora	NOUN
muxtabar	NOUN
muxtasar	NOUN,VERB
muxtasarlaş	VERB
muxtasib	NOUN
muxtor	NOUN
muxtora	NOUN
muxtorali	NOUN
muxtoriddin	NOUN
muxtoriyat	NOUN
muxtoriyatci	NOUN
muxtorulla	NOUN
muy	NOUN
muyas	NOUN
muyassar	NOUN,VERB
muyassarlan	VERB
muyassarqul	NOUN
muycinak	NOUN
muyedinov	NOUN
muyedinova	NOUN
muyiba	NOUN
muyibjon	NOUN
muyic	NOUN
muykanovic	NOUN
muyna	NOUN
muynaduz	NOUN
muynaduzlik	NOUN
muysafid	NOUN
muysafidlik	NOUN
muytob	NOUN
muytobci	NOUN
muyuliş	NOUN
muz	NOUN,VERB
muza	NOUN
muzaffar	NOUN
muzaffara	NOUN
muzaffarali	NOUN
muzaffariddin	NOUN
muzaffariyat	NOUN
muzaffarulla	NOUN
muzahhab	NOUN
muzakkar	NOUN
muzallam	NOUN
muzaxona	NOUN
muzayyaba	NOUN
muzayyan	NOUN
muzayyana	NOUN
muzd	NOUN
muzdalifa	NOUN
muzdev	NOUN
muze	NOUN
muzey	NOUN
muzeyşunos	NOUN
muzeyşunoslik	NOUN
muziana	NOUN
muzika	NOUN
muzikaci	NOUN
muzikacilik	NOUN
muzikant	NOUN
muzikaviy	NOUN
muzikaviylik	NOUN
muzikaşunos	NOUN
muzikaşunoslik	NOUN
muzir	NOUN
muzira	NOUN
muzla	VERB
muzlat	VERB
muzlatil	VERB
muzlik	NOUN
muzloq	NOUN
muzofat	NOUN
muzofot	NOUN
muzohir	NOUN
muzohirulhaq	NOUN
muzokara	NOUN,VERB
muzokaraci	NOUN
muzokaralaş	VERB
muzrabot	NOUN
muzrina	NOUN
muzrob	NOUN
muzrobbek	NOUN
muztabar	NOUN
muztar	NOUN
muztarlik	NOUN
muzurovic	NOUN
muzxona	NOUN
muzyorar	NOUN
muş	NOUN
muşak	ADJ,NOUN
muşakboz	NOUN
muşakbozlik	NOUN
muşakli	ADJ
muşarraf	NOUN
muşarrafa	NOUN
muşavvaş	NOUN
muşfik	NOUN
muşfiq	ADJ,NOUN
muşfiqa	NOUN
muşgipar	NOUN
muşgumxon	NOUN
muşirboy	NOUN
muşk	NOUN
muşketyor	NOUN
muşketyorlar	NOUN
muşki	NOUN
muşkina	NOUN
muşkinoz	NOUN
muşknoz	NOUN
muşkul	ADJ,NOUN,VERB
muşkulkuşod	NOUN
muşkullaş	VERB
muşkullik	NOUN
muşkulot	NOUN
muşoara	NOUN,VERB
muşoaralaş	VERB
muşohada	NOUN
muşoira	NOUN
muşovir	NOUN
muşrif	NOUN
muşrifiddin	NOUN
muşt	NOUN,VERB
muştahiyda	NOUN
muştak	NOUN
muştara	NOUN
muştarak	NOUN,VERB
muştaraklaş	VERB
muştaralik	NOUN
muştariy	NOUN
muştariybonu	NOUN
muştariyxon	NOUN
muştimzor	ADJ
muştla	VERB
muştlaş	VERB
muştlaştir	VERB
muştoq	ADJ,NOUN,VERB
muştoqlan	VERB
muştoqlik	NOUN
muştuk	NOUN
muştum	NOUN
muştumzor	NOUN
muştumzorlik	NOUN
muşuk	NOUN
muşukbacca	NOUN
muşukvacca	NOUN
muşşay	NOUN,VERB
myanma	NOUN
myasorubka	NOUN
myomir	NOUN
myunxen	NOUN
m�ftun�	NOUN
m�xsunb�k	NOUN
na	X
na-na	PRT
nabi	NOUN
nabiahmad	NOUN
nabib	NOUN
nabiba	NOUN
nabibulla	NOUN
nabiddin	NOUN
nabih	NOUN
nabiha	NOUN
nabiqozi	NOUN
nabiqul	NOUN
nabira	NOUN
nabirahmon	NOUN
nabiriddin	NOUN
nabiulla	NOUN
nabixoja	NOUN
nabixon	NOUN
nabiy	NOUN
nabiydin	NOUN
nabiyor	NOUN
nabiş	NOUN
nabobat	NOUN
nabobatşunos	NOUN
nabohat	NOUN
nabor	NOUN
naborşcik	NOUN
naborşciklik	NOUN
nabot	NOUN
nabotali	NOUN
nabotbegim	NOUN
nabotot	NOUN
nabucco	NOUN
nabukadnazar	NOUN
nabukko	NOUN
nacalnik	NOUN
nadarevic	NOUN
nadejda	NOUN
nadida	NOUN
nadim	NOUN
nadima	NOUN
nadimoy	NOUN
nadimxoja	NOUN
nadm	NOUN
nadomat	NOUN
nadvirna	NOUN
naf	NOUN,VERB
nafaqa	NOUN
nafaqaxor	NOUN
nafar	NOUN
nafarmon	NOUN
nafas	ADJ,NOUN
nafasali	NOUN
nafasdoş	NOUN
nafaskeldi	NOUN
nafaslik	NOUN
nafasmamat	NOUN
nafasmirza	NOUN
nafasmuhammad	NOUN
nafasoy	NOUN
nafasqul	NOUN
nafigulla	NOUN
nafiqa	NOUN
nafis	ADJ,NOUN,VERB
nafisa	NOUN
nafisaat	NOUN
nafisla	VERB
nafislan	VERB
nafislaş	VERB
nafislaştir	VERB
nafislik	NOUN
nafl	NOUN
naflan	VERB
naflantir	VERB
nafli	NOUN
naflilik	NOUN
nafosat	NOUN
nafrat	NOUN,VERB
nafratla	VERB
nafratlan	VERB
nafratlantir	VERB
nafs	ADJ,NOUN
nafsambir	NOUN
nafsilamr	NOUN
nafsoniy	NOUN
nafsoniyat	NOUN
naftali	NOUN
naftalin	NOUN,VERB
naftalinla	VERB
naftogaz	NOUN
nagahan	NOUN
nagal	NOUN
nagalci	NOUN
nagan	NOUN
nagayev	NOUN
nagayeva	NOUN
nagiyev	NOUN
nagiyeva	NOUN
nagizboy	NOUN
nagma	NOUN
nagmaci	NOUN
nagmacilik	NOUN
nagmasoz	NOUN
nagmasozlik	NOUN
nagradzic	NOUN
nagzigul	NOUN
nahal	NOUN
nahan	NOUN
nahanboy	NOUN
nahang	NOUN
nahangboy	NOUN
nahimov	NOUN
nahimova	NOUN
nahor	ADJ,NOUN,VERB
nahori	NOUN
nahoriy	ADJ
nahorlan	VERB
nahorlik	NOUN
nahot	PRT
nahotki	NOUN,PRT
nahoyat	NOUN
nahr	NOUN
nahra	NOUN
nahriddin	NOUN
nahrulhayot	NOUN
nahrulxayot	NOUN
nahs	NOUN,VERB
nahslan	VERB
nahslaş	VERB
nahv	NOUN
nail	NOUN
naim	NOUN
naima	NOUN
naimiddin	NOUN
naimjon	NOUN
naimxon	NOUN
naira	NOUN
naiza	NOUN
naizaboz	NOUN
naizai	NOUN
najab	NOUN
najabali	NOUN
najabov	NOUN
najabova	NOUN
najabqul	NOUN
najas	NOUN
najdak	NOUN
najdat	NOUN
najdenovskiy	NOUN
najdovskiy	NOUN
naji	NOUN
najib	NOUN
najiba	NOUN
najibali	NOUN
najibiddin	NOUN
najibuddin	NOUN
najibulla	NOUN
najim	NOUN
najima	NOUN
najimoy	NOUN
najimulla	NOUN
najimxoja	NOUN
najimxon	NOUN
najiy	NOUN
najiya	NOUN
najjor	NOUN
najjorboşi	NOUN
najjorlik	NOUN
najl	NOUN
najmi	NOUN
najmiddin	NOUN
najminiso	NOUN
najmioy	NOUN
najmirahmon	NOUN
najmixon	NOUN
najmulla	NOUN
najobat	NOUN
najod	NOUN
najosat	NOUN
najot	NOUN
najotbibi	NOUN
najotkor	NOUN
najotnur	NOUN
najotsiz	NOUN
najotsizlik	NOUN
najotxon	NOUN
nakaro	NOUN
nakaz	NOUN
naki	NOUN
nakliyot	NOUN
nal	NOUN,VERB
nalat	NOUN
nalbandov	NOUN
nalbandova	NOUN
nalbantov	NOUN
nalbantova	NOUN
nalboy	NOUN
naletilic	NOUN
nalivaycenko	NOUN
nalla	VERB
nallat	VERB
nam	ADJ,NOUN,VERB
nama	NOUN
namak	NOUN,VERB
namakdon	NOUN
namaklan	VERB
namakob	NOUN,VERB
namakobla	VERB
namangan	NOUN
namasoz	NOUN
namat	NOUN
namatak	NOUN
namatci	NOUN
namatcilik	NOUN
namaton	NOUN
namatullayev	NOUN
namatullayeva	NOUN
namgar	NOUN
namgarcilik	NOUN
namibiya	NOUN
namida	NOUN
naminqira	VERB
namiq	VERB
namiqa	NOUN
namiqtir	VERB
namit	VERB
namla	VERB
namlan	VERB
namlantir	VERB
namli	NOUN
namlik	NOUN
namlilik	NOUN
namoyanda	NOUN
namoyiş	ADV,NOUN
namoyişci	NOUN
namoyişgoh	NOUN
namoyişkor	ADV
namoyişkorona	ADV
namoyon	NOUN
namoz	NOUN
namozali	NOUN
namozbuvi	NOUN
namozgar	NOUN
namozgoh	NOUN
namozgul	NOUN
namozlik	NOUN
namozqul	NOUN
namozxoja	NOUN
namozxon	NOUN
namozxona	NOUN
namozşom	NOUN
namozşomatlas	NOUN
namozşomgul	NOUN
namuna	NOUN
namxuş	ADJ,NOUN
nanay	NOUN
nancy	NOUN
nane	NOUN
nanmuluna	NOUN
nanna	NOUN
nano	NOUN
nansen	NOUN
nansy	NOUN
naomi	NOUN
napoli	NOUN
napolyon	NOUN
naq	PRT
naqadar	NOUN
naqarot	NOUN
naqb	NOUN
naqd	NOUN
naqdina	NOUN
naqib	NOUN
naqibjon	NOUN
naqiya	NOUN
naqiyulla	NOUN
naql	NOUN
naqliyot	NOUN
naqqoş	NOUN
naqqoşlik	NOUN
naqş	NOUN
naqşband	NOUN
naqşbandiy	NOUN
naqşbandiya	NOUN
naqşbandiylik	NOUN
naqşbek	NOUN
naqşboy	NOUN
naqşci	NOUN
naqşin	NOUN
naqşinkor	NOUN
naqşkor	NOUN
nar	NOUN
nara	NOUN
narayev	NOUN
narayeva	NOUN
nard	NOUN
nargas	NOUN
nargis	NOUN
nargiz	NOUN
nargiza	NOUN
nari	ADV,AUX
nari-beri	ADV
naribek	NOUN
naridan-beri	ADV
nariga	AUX
narimon	NOUN
nark	NOUN
narkas	NOUN
narkevici	NOUN
narko	NOUN
narkobiznes	NOUN
narkolog	NOUN
narkologiya	NOUN
narkoman	NOUN
narkomaniya	NOUN
narkotik	NOUN
narkotiklar	NOUN
narkoz	NOUN,VERB
narkozla	VERB
narmin	NOUN
narmina	NOUN
narodici	NOUN
narodnik	NOUN
narodniklik	NOUN
narodov	NOUN
narodova	NOUN
narodovolets	NOUN
narpay	NOUN
narra	NOUN
narraki	NOUN
narsa	NOUN
narvon	NOUN
narvoy	NOUN
narx	NOUN,VERB
narx-navo	NOUN
narxla	VERB
narxlan	VERB
narxlat	VERB
naryad	NOUN
naryok	NOUN
naryoq	NOUN
narzan	NOUN
narzi	NOUN
narziali	NOUN
narziddin	NOUN
narzigul	NOUN
narzija	NOUN
narziniso	NOUN
narzipolat	NOUN
narziqul	NOUN
narzitoş	NOUN
narzixol	NOUN
narziya	NOUN
narziyabegim	NOUN
narzulla	NOUN
nas	NOUN
nasab	NOUN
nasabdoş	NOUN
nasabdoşlik	NOUN
nasabnoma	NOUN
nasabxon	NOUN
nasib	NOUN
nasiba	NOUN
nasibali	NOUN
nasibgul	NOUN
nasibmirza	NOUN
nasibqul	NOUN
nasibtora	NOUN
nasibulla	NOUN
nasibulloh	NOUN
nasibxoja	NOUN
nasibxon	NOUN
nasif	NOUN
nasih	NOUN
nasiha	NOUN
nasihat	NOUN,VERB
nasihatci	NOUN
nasihatgoy	NOUN
nasihatgoylik	NOUN
nasihatla	VERB
nasila	NOUN
nasim	NOUN
nasima	NOUN
nasimbek	NOUN
nasir	NOUN
nasiriddin	NOUN
nasixat	NOUN
nasixatgoy	NOUN
nasixatgoylik	NOUN
nasixatomuz	NOUN
nasiya	NOUN
nasiye	NOUN
nasl	ADV,NOUN
naslan	ADV
naslcilik	NOUN
nasldoş	NOUN
nasli	NOUN
nason	NOUN
nasoro	NOUN
nasos	NOUN,VERB
nasosla	VERB
nasoslat	VERB
nasr	NOUN
nasra	NOUN
nasreddin	NOUN
nasri	NOUN
nasriddin	NOUN
nasrin	NOUN
nasroniy	ADJ,NOUN
nasroniylik	NOUN
nasrulla	NOUN
nasrulloxon	NOUN
nastaliq	NOUN
nastarin	NOUN
nastase	NOUN
nastic	NOUN
nasturiy	NOUN
nasva	NOUN
nasx	NOUN
nat	NOUN
natalya	NOUN
nataşa	NOUN
natija	NOUN,VERB
natijada	ADV
natijala	VERB
natijalan	VERB
natijasiz	NOUN
natijasizlik	NOUN
natijaxon	NOUN
natriy	NOUN
natsionalizatsiya	NOUN
natura	NOUN
natural	NOUN,VERB
naturalist	NOUN
naturalizatsiya	NOUN
naturalizm	NOUN
naturallaş	VERB
naturallaştir	VERB
natyurmort	NOUN
naucniy	NOUN
naumenko	NOUN
naumovskiy	NOUN
nauru	NOUN
nauşnik	NOUN
nav	NOUN,VERB
navakot	NOUN
navara	NOUN
navarra	NOUN
navbahor	NOUN
navbat	NOUN,VERB
navbatci	NOUN
navbatcilik	NOUN
navbatkeldi	NOUN
navbatla	VERB
navbatlan	VERB
navbatlaş	VERB
navbatma-navbat	ADV
navbatmurod	NOUN
navbatniyoz	NOUN
navbatqul	NOUN
navbatsiz	ADV
navbatxon	NOUN
navbog	NOUN
navda	NOUN
navdagul	NOUN
navdil	NOUN
navdor	NOUN
navfal	NOUN
navgul	NOUN
navha	NOUN
navid	NOUN
navigatsiya	NOUN
navisanda	NOUN
navjon	NOUN
navjuvon	NOUN
navkar	NOUN
navkent	NOUN
navla	VERB
navmetan	NOUN
navmuhammad	NOUN
navnihol	NOUN
navniyoz	NOUN
navo	ADJ,NOUN
navoiy	NOUN
navoiyşunos	NOUN
navoiyşunoslik	NOUN
navol	NOUN
navola	NOUN
navot	NOUN
navoz	NOUN
navozanda	NOUN
navoziş	NOUN
navqiron	ADJ,NOUN
navqon	NOUN
navroz	NOUN
navroza	NOUN
navrozali	NOUN
navrozbek	NOUN
navrozbeka	NOUN
navrozberdi	NOUN
navrozboy	NOUN
navrozgul	NOUN
navrozkeldi	NOUN
navrozlik	NOUN
navrozmomo	NOUN
navrozmuhammad	NOUN
navrozoy	NOUN
navrozqul	NOUN
navrozxoja	NOUN
navrozxon	NOUN
navruz	NOUN
navruzlik	NOUN
navvot	NOUN
navxas	NOUN
navxos	NOUN
navşa	NOUN
navşod	NOUN
nax	NOUN
naxang	NOUN
naxor	NOUN
naxot	NOUN
naxotak	NOUN
naxr	NOUN
naxs	NOUN
nay	ADJ,NOUN,VERB
nayaki	NOUN
nayca	NOUN,VERB
naycala	VERB
naycalan	VERB
nayci	NOUN
nayetovic	NOUN
nayjston	NOUN
naykamalak	NOUN
nayla	VERB
naylayin	NOUN
nayman	NOUN
naymanca	NOUN
naymankol	NOUN
naymanqul	NOUN
naymanyap	NOUN
nayniq	VERB
nayniqlan	VERB
naynova	NOUN
nayrang	ADJ,NOUN
nayrangboz	NOUN
nayrangbozlik	NOUN
nayrangci	NOUN
nayrangli	ADJ
nayrobi	NOUN
naysan	NOUN
naysimon	ADJ
nayson	NOUN
nayyira	NOUN
nayza	ADJ,NOUN,VERB
nayzabarg	NOUN
nayzaboz	NOUN
nayzabozlik	NOUN
nayzadast	NOUN
nayzakora	NOUN
nayzala	VERB
nayzalan	VERB
nayzalaş	VERB
nayzavarg	NOUN
nayşakar	NOUN
nazaloy	NOUN
nazar	NOUN,VERB
nazarali	NOUN
nazarbayev	NOUN
nazarbek	NOUN
nazarberdi	NOUN
nazarenko	NOUN
nazargul	NOUN
nazarhoji	NOUN
nazarhoşim	NOUN
nazariya	NOUN
nazariyaci	NOUN
nazariyot	NOUN
nazariyotci	NOUN
nazarlan	VERB
nazarmahram	NOUN
nazarmamat	NOUN
nazarmat	NOUN
nazarmuhammad	NOUN
nazarmurod	NOUN
nazarov	NOUN
nazarova	NOUN
nazarqilic	NOUN
nazarqosim	NOUN
nazarqul	NOUN
nazarqurbon	NOUN
nazartoj	NOUN
nazarxoja	NOUN
nazarxol	NOUN
nazarxon	NOUN
nazaryev	NOUN
nazd	NOUN
nazhad	NOUN
nazhat	NOUN
nazib	NOUN
naziba	NOUN
nazibjon	NOUN
nazif	NOUN
nazifa	NOUN
nazifulla	NOUN
nazih	NOUN
naziha	NOUN
nazihulla	NOUN
nazim	NOUN
nazima	NOUN
nazimjon	NOUN
nazimqul	NOUN
nazir	NOUN
nazira	NOUN
nazirali	NOUN
naziraoy	NOUN
nazirgul	NOUN
naziriddin	NOUN
nazirjon	NOUN
nazirqul	NOUN
nazirtoş	NOUN
nazirxoja	NOUN
nazirşo	NOUN
nazla	NOUN
nazm	ADJ,NOUN
nazmboz	NOUN
nazmbozlik	NOUN
nazmi	NOUN
nazmiddin	NOUN
nazmin	NOUN
nazminiso	NOUN
nazmiy	ADJ
nazmiya	NOUN
nazohat	NOUN
nazokat	NOUN
nazokatsiz	NOUN
nazokatsizlik	NOUN
nazora	NOUN
nazorat	NOUN
nazoratci	NOUN
nazoratsiz	NOUN
nazoratsizlik	NOUN
nazr	NOUN
nazrali	NOUN
nazrat	NOUN
nazri	NOUN
nazriddin	NOUN
nazrigul	NOUN
nazriqul	NOUN
nazrixon	NOUN
nazrulla	NOUN
nazzaloy	NOUN
nazzora	NOUN
naşa	NOUN
naşagul	NOUN
naşakaş	NOUN
naşapoya	NOUN
naşatir	NOUN,VERB
naşatirla	VERB
naşavand	NOUN
naşavandlik	NOUN
naşida	NOUN
naşidaxon	NOUN
naşr	NOUN
naşriyot	NOUN
naşriyotci	NOUN
naşriyotcilik	NOUN
naşryyot	NOUN
naşryyotci	NOUN
naşryyotcilik	NOUN
naştar	NOUN
naşunamo	NOUN
naşvati	NOUN
neandertal	NOUN
neapol	NOUN
nebiyev	NOUN
nebiyeva	NOUN
nebojsa	NOUN
neboysa	NOUN
nebraska	NOUN
neciporenko	NOUN
necog	ADV,NOUN
necoglik	ADV
necogliq	NOUN
nedeljkovic	NOUN
nedic	NOUN
nedrigayliv	NOUN
nefrit	NOUN
nefrolog	NOUN
nefrologiya	NOUN
neft	NOUN
neftci	NOUN
nefteguyansk	NOUN
negaki	CNJ
neganov	NOUN
neganova	NOUN
negativ	ADJ
negina	NOUN
negiz	NOUN,VERB
negizla	VERB
negizlan	VERB
negotin	NOUN
negov	NOUN
negr	NOUN
nehemya	NOUN
nejat	NOUN
nek	ADJ
nekbaxt	NOUN
nekbibi	NOUN
nekbin	ADJ,NOUN
nekbinlik	NOUN
nekboy	NOUN
nekbuvi	NOUN
nekcehra	NOUN
nekdil	NOUN
nekjon	NOUN
neklayev	NOUN
neklayeva	NOUN
neklik	NOUN
neklinov	NOUN
neklinova	NOUN
nekliqo	NOUN
nekludov	NOUN
nekludova	NOUN
nekmirza	NOUN
neknafas	NOUN
nekniso	NOUN
neknom	NOUN
nekobro	NOUN
nekoz	NOUN
nekqadam	NOUN
nekrolog	NOUN
nekroy	NOUN
nekroz	NOUN
nektar	NOUN
nektoy	NOUN
neku	NOUN
nelsen	NOUN
nelson	NOUN
nelu	NOUN
nemanic	NOUN
nemanja	NOUN
nemat	NOUN
nematbibi	NOUN
nematoy	NOUN
nematulla	NOUN
nematşo	NOUN
nemesku	NOUN
nemetullayev	NOUN
nemetullayeva	NOUN
nemik	NOUN
nemiriv	NOUN
nemis	NOUN,VERB
nemisca	NOUN,VERB
nemiscala	VERB
nemislar	NOUN
nemişayeve	NOUN
nemsic	NOUN
nemtsov	NOUN
nemtsova	NOUN
nenad	NOUN
nenadic	NOUN
nenadovic	NOUN
nenandic	NOUN
nenets	NOUN
nenezic	NOUN
neofaşizm	NOUN
neokolonializm	NOUN
neolit	NOUN
neologizm	NOUN
neon	NOUN
nepal	NOUN
nepolokivtsi	NOUN
neptun	NOUN
neptuni	NOUN
neretva	NOUN
nerv	NOUN
nesai	NOUN
nesefzoda	NOUN
nesibeli	NOUN
nesovskiy	NOUN
nestorovskiy	NOUN
net	VERB
netan	NOUN
netanyahu	NOUN
netay	NOUN
netayxon	NOUN
netişin	NOUN
netto	NOUN
neufcteau	NOUN
neum	NOUN
nevada	NOUN
nevai	NOUN
nevara	NOUN
nevara-cevara	NOUN
neverov	NOUN
neverova	NOUN
nevralgiya	NOUN
nevrasteniya	NOUN
nevrolog	NOUN
nevrologiya	NOUN
nevropatolog	NOUN
nevropatologiya	NOUN
nevroz	NOUN
nevs	NOUN
nevton	NOUN
new	NOUN
newcastle	NOUN
neylon	NOUN
neyroanatomiya	NOUN
neyrodermit	NOUN
neyrolingvistika	NOUN
neyroxirurgiya	NOUN
neytral	NOUN,VERB
neytralitet	NOUN
neytralizatsiya	NOUN
neytralla	VERB
neytrallan	VERB
neytrallaş	VERB
neytrallaştir	VERB
neytrallik	NOUN
neytron	NOUN
ni	NOUN
nice	NOUN
nicic	NOUN
niciporenko	NOUN
nicolae	NOUN
nicolas	NOUN
nicolson	NOUN
niderlandiya	NOUN
nido	NOUN
nidoxon	NOUN
nifoq	NOUN
nifoqci	NOUN
niger	NOUN
nigeriya	NOUN
nigilist	NOUN
nigilizm	NOUN
nigin	NOUN
nigina	NOUN
nigoh	NOUN
nigor	NOUN
nigora	NOUN
nigorbu	NOUN
nigormo	NOUN
nigormoh	NOUN
nigoroy	NOUN
nigun	NOUN
nihat	NOUN
nihol	NOUN
nihola	NOUN
niholbibi	NOUN
niholboy	NOUN
niholbu	NOUN
niholgul	NOUN
niholjon	NOUN
niholoy	NOUN
nihon	NOUN
nihonjon	NOUN
nihonxoja	NOUN
nihoya	ADJ,NOUN
nihoyat	ADJ,NOUN,PRT
nihoyatxon	NOUN
nijankovici	NOUN
nijgar	NOUN
nijin	NOUN
nijoda	NOUN
nik	NOUN
nikacevic	NOUN
nikaragua	NOUN
nikel	NOUN,VERB
nikella	VERB
nikellan	VERB
nikellat	VERB
nikic	NOUN
nikicevic	NOUN
nikiforov	NOUN
nikiforova	NOUN
nikita	NOUN
nikitenko	NOUN
nikişenko	NOUN
niko	NOUN
nikodim	NOUN
nikoh	NOUN,VERB
nikohla	VERB
nikohlan	VERB
nikohlantir	VERB
nikola	NOUN
nikolaesku	NOUN
nikolai	NOUN
nikolas	NOUN
nikolay	NOUN
nikolayenko	NOUN
nikolayev	NOUN
nikolayeva	NOUN
nikolayevka	NOUN
nikolayevna	NOUN
nikolesku	NOUN
nikolic	NOUN
nikolov	NOUN
nikolova	NOUN
nikolovskiy	NOUN
nikopol	NOUN
nikos	NOUN
nikosiya	NOUN
nikotin	NOUN
nikovic	NOUN
nikovskiy	NOUN
nikoye	NOUN
niksic	NOUN
nikulesku	NOUN
nil	NOUN,VERB
nilfuza	NOUN
nilgul	NOUN
nilgun	NOUN
niliy	NOUN
nilka	NOUN
nilla	VERB
nillan	VERB
nilov	NOUN
nilova	NOUN
nilson	NOUN
nilufar	NOUN
niluzar	NOUN
nim	NOUN
nima	NOUN
nimalik	NOUN
nimca	NOUN
nimcilik	NOUN
nimciliq	NOUN
nimcorak	NOUN
nimdoş	NOUN
nimetz	NOUN
nimjon	NOUN
nimjonlik	NOUN
nimkor	NOUN
nimkorlik	NOUN
nimkosa	NOUN
nimloyqa	NOUN
nimmast	NOUN
nimpalto	NOUN
nimpoşna	NOUN
nimpuşti	ADJ,NOUN
nimqorongi	NOUN
nimran	NOUN
nimta	NOUN
nimtatir	NOUN
nimxuşk	NOUN
nina	NOUN
ninaci	NOUN
nineve	NOUN
ning	NOUN
ninkovic	NOUN
ninni	NOUN
nippel	NOUN
niqob	NOUN
niqta	NOUN
nisa	NOUN
nisavic	NOUN
nisbat	ADV,NOUN
nisbatan	ADV
nisbatoy	NOUN
nisbiiy	NOUN
nisbiiylik	NOUN
nisbiy	NOUN
nisbiyat	NOUN
nisbiylik	NOUN
nisf	NOUN
nisfkor	NOUN
nisfkorlik	NOUN
nisic	NOUN
niso	NOUN
nisobeka	NOUN
nisobibi	NOUN
nisobonu	NOUN
nisol	NOUN
nisooy	NOUN
nisor	NOUN
nisoxon	NOUN
nispi	NOUN
nisrina	NOUN
nistoresku	NOUN
nitrat	NOUN
nitrid	NOUN
nitro	NOUN
nitroglitserin	NOUN
nitron	NOUN
nitsşe	NOUN
nitsşeci	NOUN
nitşe	NOUN
nitşecilik	NOUN
niva	NOUN
nivelir	NOUN,VERB
nivelirla	VERB
nivelirovka	NOUN
nivelirovkaci	NOUN
niyag	NOUN
niyat	NOUN
niyatali	NOUN
niyatqobil	NOUN
niyatqul	NOUN
niyatulla	NOUN
niyatxon	NOUN
niyora	NOUN
niyoz	NOUN
niyozali	NOUN
niyozbek	NOUN
niyozbeka	NOUN
niyozberdi	NOUN
niyozbibi	NOUN
niyozboqi	NOUN
niyozbuvi	NOUN
niyozdavlat	NOUN
niyozgozal	NOUN
niyozgul	NOUN
niyoziddin	NOUN
niyozjon	NOUN
niyozkeldi	NOUN
niyozmad	NOUN
niyozmamad	NOUN
niyozmamat	NOUN
niyozmat	NOUN
niyozmoh	NOUN
niyozmuhammad	NOUN
niyozmurod	NOUN
niyozoxun	NOUN
niyozoy	NOUN
niyozpolat	NOUN
niyozqul	NOUN
niyozqurbon	NOUN
niyozturdi	NOUN
niyoztursin	NOUN
niyozvali	NOUN
niyozxoja	NOUN
niyozxol	NOUN
nizi	NOUN
niziyenko	NOUN
nizo	NOUN,VERB
nizol	NOUN
nizolaş	VERB
nizom	NOUN
nizomiddin	NOUN
nizomnoma	NOUN
nizomulmulk	NOUN
nizomxoja	NOUN
nizora	NOUN
nizormoh	NOUN
niş	NOUN,VERB
nişab	NOUN
nişablik	NOUN
nişasta	NOUN
nişla	VERB
nişlan	VERB
nişob	VERB
nişobla	VERB
nişoblaş	VERB
nişolda	NOUN
nişoldaci	NOUN
nişon	NOUN,VERB
nişona	NOUN
nişonali	NOUN
nişonbibi	NOUN
nişonbuvi	NOUN
nişongul	NOUN
nişonla	VERB
nişonlan	VERB
nişonlantir	VERB
nişonoy	NOUN
nişonxon	NOUN
nişopur	NOUN
nişot	NOUN
niştar	NOUN,VERB
niştarla	VERB
nişxort	NOUN
nişxurt	NOUN
no	VERB
no[iloj	VERB
no[ilojlan	VERB
no[rizo	VERB
no[rizola	VERB
no[rizolan	VERB
no[rozi	VERB
no[rozila	VERB
no[rozilan	VERB
no[soz	VERB
no[sozla	VERB
no[sozlaş	VERB
no[tin	VERB
no[tinc	VERB
no[tinclan	VERB
no[toblan	VERB
no[umid	VERB
no[umidlan	VERB
no[şod	VERB
no[şodlan	VERB
nobakor	NOUN
nobakorlik	NOUN
nobel	NOUN
nobiga	NOUN
nobud	NOUN,VERB
nobudgar	NOUN
nobudgarcilik	NOUN
nobudgarlik	NOUN
nobudlan	VERB
nocor	ADJ,NOUN,VERB
nocorlan	VERB
nocorlik	NOUN
nodavlat	ADJ
nodijon	NOUN
nodim	NOUN
nodir	ADJ,NOUN
nodira	NOUN
nodirabegim	NOUN
nodirabeka	NOUN
nodirabibi	NOUN
nodirbek	NOUN
nodirbonu	NOUN
nodirgul	NOUN
nodiriddin	NOUN
nodirlik	NOUN
nodirmamat	NOUN
nodirmat	NOUN
nodirmirza	NOUN
nodirmuhammad	NOUN
nodirniyoz	NOUN
nodirqilic	NOUN
nodirqul	NOUN
nodirtoj	NOUN
nodirxoja	NOUN
nodirxon	NOUN
nodirşoh	NOUN
nodirşox	NOUN
nodiya	NOUN
nodon	NOUN
nodonlik	NOUN
noel	NOUN
noffarbek	NOUN
nogahon	ADJ
nogahoniy	ADJ
nogay	NOUN
nogaybek	NOUN
nogiron	NOUN
nogironlik	NOUN
nogora	NOUN
nogoraci	NOUN
nogoy	NOUN
nohid	NOUN
nohida	NOUN
nohidjon	NOUN
nohiya	NOUN
nohiyabu	NOUN
noib	NOUN
noiba	NOUN
noiblik	NOUN
noikic	NOUN
noil	NOUN
noila	NOUN
noiloj	ADV
noilojlikdan	ADV
noira	NOUN
noiz	NOUN
noiza	NOUN
nojia	NOUN
nojkic	NOUN
nok	NOUN
nokar	NOUN
nokas	ADJ,NOUN,VERB
nokaslan	VERB
nokaslaş	VERB
nokaslik	NOUN
nokasta	NOUN
nokastalik	NOUN
nokdaun	NOUN
nokgul	NOUN
nokia	NOUN
nokijon	NOUN
nokiniso	NOUN
nokisovul	NOUN
nokiya	NOUN
noklik	NOUN
nokrat	NOUN
nokzor	NOUN
nol	NOUN
nola	NOUN
noli	VERB
noliş	VERB
nolon	NOUN
noloyiq	NOUN
nom	NOUN,VERB
nom-nişon	NOUN
noma	NOUN
nomahram	NOUN
nomakbul	NOUN
nomalum	ADJ
nomanov	NOUN
nomanova	NOUN
nomaqul	NOUN
nomaqulcilik	NOUN
nomard	ADJ,NOUN,VERB
nomardlaş	VERB
nomatlub	NOUN
nomaşgul	NOUN
nomdor	NOUN
nomdorlik	NOUN
nomenklatura	NOUN
nomer	NOUN,VERB
nomerla	VERB
nomerlan	VERB
nomerlat	VERB
nomiga	ADV
nominal	NOUN
nominalizm	NOUN
nominatsiya	NOUN
nominiso	NOUN
nomla	VERB
nomlan	VERB
nomma-nom	ADV
nomon	NOUN
nomoz	NOUN
nomuborak	NOUN
nomunosib	NOUN
nomus	ADJ,NOUN
nomusli	ADJ
nomuslik	NOUN
nomussiz	NOUN
nomussizlik	NOUN
nomuvofiq	NOUN
nomuvofiqlik	NOUN
nomzod	NOUN
non	NOUN
nondon	NOUN
nonfuruş	NOUN
nonillion	NUM
nonillionda	NUM
nonilliondaman	NUM
nonilliondan	NUM
nonillionga	NUM
nonillioninci	NUM
nonillionlab	NUM
nonillionlamci	NUM
nonillionlarca	NUM
nonillionni	NUM
nonillionning	NUM
nonillionta	NUM
nonilliontaca	NUM
nonilliontadan	NUM
nonişta	NOUN
nonkor	ADJ,NOUN
nonkorlik	NOUN
nonkur	NOUN
nonkurlik	NOUN
nonoq	ADJ,VERB
nonoqlaş	VERB
nonpaz	NOUN
nontepki	NOUN
nontepkilik	NOUN
nontovoq	NOUN
nonuşta	NOUN,VERB
nonuştalan	VERB
nonuştalik	NOUN
nonvoy	NOUN
nonxor	NOUN
nonxorak	NOUN
nookat	NOUN
nopar	NOUN
noparmon	NOUN
noporom	NOUN
noqi	NOUN,VERB
noqijon	NOUN
noqil	NOUN
noqila	VERB
noqis	NOUN
noqiya	NOUN
noqiyabu	NOUN
nor	NOUN
nora	NOUN
norahmad	NOUN
norali	NOUN
norasida	NOUN
norasidalik	NOUN
noraso	NOUN
norasta	NOUN
noravo	NOUN
norbacca	NOUN
norbadal	NOUN
norbadan	NOUN
norbardor	NOUN
norbegim	NOUN
norbek	NOUN
norbeka	NOUN
norberdi	NOUN
norbibi	NOUN
norbibiş	NOUN
norbobo	NOUN
norbodom	NOUN
norbonu	NOUN
norbori	NOUN
norbota	NOUN
norboş	NOUN
norbu	NOUN
norbuvi	NOUN
norca	NOUN
norcecak	NOUN
norci	NOUN
norcucuk	NOUN
nordavlat	NOUN
nordon	ADJ,NOUN,VERB
nordona	NOUN
nordonlaş	VERB
noreal	NOUN
norgozal	NOUN
norguc	NOUN
norgucci	NOUN
norgul	NOUN
norhayot	NOUN
norhurram	NOUN
nori	NOUN
norigul	NOUN
norijon	NOUN
norim	NOUN
norimgul	NOUN
norimon	NOUN
norin	NOUN
noringul	NOUN
noriniso	NOUN
norinxoja	NOUN
norinxor	NOUN
norinxorlik	NOUN
noriston	NOUN
noriya	NOUN
norjamol	NOUN
norjiga	NOUN
norjigit	NOUN
norjon	NOUN
norka	NOUN
norkamol	NOUN
norkel	NOUN
norkuc	NOUN
norkumuş	NOUN
norli	NOUN
norma	NOUN,VERB
normad	NOUN
normahmud	NOUN
normal	VERB
normala	VERB
normalan	VERB
normalaştir	NOUN
normalaştiruvci	NOUN
normalizatsiya	NOUN
normalla	VERB
normallaştir	VERB
normalo	NOUN
normalovci	NOUN
normamat	NOUN
normandiya	NOUN
normandy	NOUN
normat	NOUN
normativ	NOUN
normeli	NOUN
normeng	NOUN
normirza	NOUN
normomin	NOUN
normomo	NOUN
normuhammad	NOUN
normurod	NOUN
norniso	NOUN
norocil	NOUN
noroy	NOUN
norpolat	NOUN
norpolvon	NOUN
norpoy	NOUN
norpoşşa	NOUN
norqilic	NOUN
norqiz	NOUN
norqizil	NOUN
norqobil	NOUN
norqocdi	NOUN
norqocqor	NOUN
norqosim	NOUN
norqozi	NOUN
norqozoq	NOUN
norqoşoq	NOUN
norqudrat	NOUN
norqul	NOUN
norqurbon	NOUN
norquvon	NOUN
norquvvat	NOUN
norsafar	NOUN
norsaid	NOUN
norsanam	NOUN
norsifat	NOUN
norsoat	NOUN
norsoli	NOUN
norsubhon	NOUN
norsulton	NOUN
norsuluv	NOUN
nortilla	NOUN
nortoji	NOUN
nortola	NOUN
nortora	NOUN
nortoxta	NOUN
nortoy	NOUN
nortoyloq	NOUN
nortoş	NOUN
nortur	NOUN
norturdi	NOUN
nortursun	NOUN
noruzahun	NOUN
norvegiya	NOUN
norvegiyalik	NOUN
norvon	NOUN
norwic	NOUN
norxoja	NOUN
norxol	NOUN
norxon	NOUN
norxonbu	NOUN
norxonim	NOUN
norxoroz	NOUN
noryigit	NOUN
norşodi	NOUN
nos	NOUN
nosboy	NOUN
nosboyci	NOUN
nosboycilik	NOUN
nosfuruş	NOUN
nosfuruşlik	NOUN
nosiba	NOUN
nosih	NOUN
nosiha	NOUN
nosilka	NOUN
nosir	NOUN
nosira	NOUN
nosirali	NOUN
nosirqul	NOUN
nosivka	NOUN
noskaş	NOUN
noski	NOUN
nosqovoq	NOUN
nosvoy	NOUN
nosvoyci	NOUN
nota	NOUN,VERB
notalaştir	VERB
notarius	NOUN
notarnal	NOUN
notavon	ADJ,NOUN
notavonlik	NOUN
notin\c	VERB
notin\clan	VERB
notin\clantir	VERB
notiq	NOUN
notiqa	NOUN
notiqlik	NOUN
nov	NOUN
nova	NOUN
novabuloq	NOUN
novak	NOUN
novakor	NOUN
novakovic	NOUN
novakovskiy	NOUN
novara	NOUN
novator	ADV,NOUN
novatorlarca	ADV
novatorlik	NOUN
novbahor	NOUN
novboz	NOUN
novbur	NOUN
novca	ADJ,NOUN,VERB
novcalaş	VERB
novcalik	NOUN
novda	NOUN,VERB
novdala	VERB
novdalan	VERB
nove	NOUN
novella	NOUN
novellist	NOUN
novese	NOUN
novgat	NOUN
novgorod	NOUN
novgorodka	NOUN
novgul	NOUN
novic	NOUN
novikov	NOUN
novikova	NOUN
novjuvon	NOUN
novkent	NOUN
novkon	NOUN
novkovic	NOUN
novnusxa	NOUN
novoarhangelsk	NOUN
novoaydar	NOUN
novoazovsk	NOUN
novobod	NOUN
novodnistrovsk	NOUN
novofodorovka	NOUN
novogrigoryevka	NOUN
novoguyvinske	NOUN
novokain	NOUN
novomirhorod	NOUN
novoorjitske	NOUN
novoozeranka	NOUN
novoozornoye	NOUN
novopavlovka	NOUN
novopokrovka	NOUN
novorossiya	NOUN
novorossiysk	NOUN
novoselitsa	NOUN
novosibirsk	NOUN
novotroitsk	NOUN
novoukrayinka	NOUN
novovic	NOUN
novoyavorivsk	NOUN
novqat	NOUN
novqiron	NOUN
novqos	VERB
novqoslan	VERB
novut	NOUN
novvos	NOUN
novvot	NOUN
novvotbibi	NOUN
novvotoy	NOUN
novvotxon	NOUN
novvoy	NOUN
novvoylik	NOUN
novvoyxona	NOUN
novxos	NOUN
novşadil	NOUN
noxat	NOUN
noxatgul	NOUN
noxatoy	NOUN
noxatşorak	NOUN
noxatşorakci	NOUN
noxin	NOUN
noxota	NOUN
noxta	NOUN,VERB
noxta/la	VERB
noxta/lan	VERB
noxtala	VERB
noxud	NOUN
noxun	NOUN
noxuna	NOUN
noxuş/lan	VERB
noxuş/lantir	VERB
noyabr	NOUN
noyira	NOUN
noykic	NOUN
noyob	ADJ,NOUN
noyobiddin	NOUN
noyobjon	NOUN
noz	NOUN,VERB
noz-nemat	NOUN
noza	NOUN
nozanda	NOUN
nozanin	NOUN
nozbahor	NOUN
nozbegim	NOUN
nozbeka	NOUN
nozbibi	NOUN
nozboy	NOUN
nozbuvi	NOUN
nozbuviş	NOUN
nozdavlat	NOUN
nozgul	NOUN
nozhonim	NOUN
nozi	NOUN
nozigardon	NOUN
nozigim	NOUN
nozigul	NOUN
nozik	ADJ,NOUN,VERB
nozik/laş	VERB
nozik/laştir	VERB
nozikbeka	NOUN
nozikbibi	NOUN
nozikgozal	NOUN
nozikgul	NOUN
nozikjamol	NOUN
noziklan	VERB
noziklaş	VERB
noziklik	NOUN
nozikoy	NOUN
nozila	NOUN
nozim	NOUN
nozima	NOUN
nozimgul	NOUN
nozimşer	NOUN
nozina	NOUN
nozir	NOUN
nozira	NOUN
nozirmuhammad	NOUN
nozixon	NOUN
noziya	NOUN
nozjamol	NOUN
nozlan	VERB
nozlan/tir	VERB
nozli	NOUN
nozlisuluv	NOUN
nozliya	NOUN
nozmehr	NOUN
nozmengli	NOUN
noznoz	NOUN
nozpari	NOUN
nozsulton	NOUN
noş	NOUN
noşar	NOUN
noşarboy	NOUN
noşir	NOUN
noşira	NOUN
noşirboy	NOUN
noşirlik	NOUN
noşkent	NOUN
noşoba	NOUN
noşoyen	NOUN
noşpoti	NOUN
noşud	NOUN
noşudlik	NOUN
nri	NOUN
nubuvvat	NOUN
nudovic	NOUN
nufus	NOUN
nufuz	NOUN
nufuza	NOUN
nuh	NOUN
nuhanovic	NOUN
nuic	NOUN
nujacic	NOUN
nujum	NOUN
nuklon	NOUN
nukta	NOUN
nuktadon	NOUN
nukus	NOUN
nullifikatsiya	NOUN
numa	NOUN
numizmatika	NOUN
numon	NOUN
numonca	NOUN
numonxon	NOUN
nun	NOUN
nunoq	NOUN
nunoqlik	NOUN
nuqi	NOUN
nuqra	NOUN
nuqraboy	NOUN
nuqraoy	NOUN
nuqs	NOUN
nuqson	NOUN
nuqta	NOUN,VERB
nuqtala	VERB
nuqul	ADV,NOUN
nur	NOUN,VERB
nur/la	VERB
nur/lan	VERB
nur/lantir	VERB
nur/siz	VERB
nur/sizlan	VERB
nur/sizlan\tir	VERB
nura	NOUN,VERB
nura/t	VERB
nura/til\	VERB
nura/ttir	VERB
nuraddin	NOUN
nurafşon	NOUN
nurahad	NOUN
nurahmad	NOUN
nurali	NOUN
nurangiz	NOUN
nurazim	NOUN
nuraziz	NOUN
nurbadal	NOUN
nurbadan	NOUN
nurbahor	NOUN
nurbanot	NOUN
nurbaxt	NOUN
nurbek	NOUN
nurbeka	NOUN
nurberdi	NOUN
nurbibi	NOUN
nurbodom	NOUN
nurbonu	NOUN
nurboqi	NOUN
nurbota	NOUN
nurboy	NOUN
nurbuva	NOUN
nurbuvi	NOUN
nurca	NOUN
nurcambar	NOUN
nurcaxon	NOUN
nurcecak	NOUN
nurci	NOUN
nurcin	NOUN
nurdada	NOUN
nurdavlat	NOUN
nurdono	NOUN
nurfayoz	NOUN
nurfayyoz	NOUN
nurfayz	NOUN
nurfayzi	NOUN
nurgiyos	NOUN
nurgozal	NOUN
nurgozi	NOUN
nurgul	NOUN
nurgulşan	NOUN
nurhabiba	NOUN
nurhaq	NOUN
nurhayo	NOUN
nurhayot	NOUN
nurhoji	NOUN
nuri	NOUN
nuribek	NOUN
nuriboy	NOUN
nurida	NOUN
nuriddin	NOUN
nuridiyda	NOUN
nurigul	NOUN
nuriislom	NOUN
nurijahon	NOUN
nurilloh	NOUN
nurim	NOUN
nurimardon	NOUN
nurimmat	NOUN
nurimron	NOUN
nuriniso	NOUN
nurislom	NOUN
nurixon	NOUN
nuriya	NOUN
nuriyazdon	NOUN
nuriymon	NOUN
nurizamon	NOUN
nurizar	NOUN
nurişon	NOUN
nurjahon	NOUN
nurjamol	NOUN
nurjannat	NOUN
nurjigit	NOUN
nurjon	NOUN
nurjov	NOUN
nurjovgon	NOUN
nurjovul	NOUN
nurkamol	NOUN
nurkarim	NOUN
nurkeldi	NOUN
nurkomil	NOUN
nurkovic	NOUN
nurla	VERB
nurlan	NOUN
nurli	NOUN
nurlibek	NOUN
nurlibeka	NOUN
nurliboy	NOUN
nurligoyat	NOUN
nurlihayot	NOUN
nurlijon	NOUN
nurliman	NOUN
nurlimon	NOUN
nurlimuhammad	NOUN
nurliniso	NOUN
nurlioy	NOUN
nurliqo	NOUN
nurliroy	NOUN
nurlixon	NOUN
nurlon	NOUN
nurmahmud	NOUN
nurmajid	NOUN
nurmamat	NOUN
nurman	NOUN
nurmat	NOUN
nurmirza	NOUN
nurmomin	NOUN
nurmomo	NOUN
nurmon	NOUN
nurmuhammad	NOUN
nurmurod	NOUN
nurnafas	NOUN
nurnazar	NOUN
nurniyoz	NOUN
nurnoz	NOUN
nurnozik	NOUN
nurolim	NOUN
nuron	NOUN
nurona	NOUN
nuroniy	NOUN,VERB
nuroniya	NOUN
nuroniylaş	VERB
nuroroz	NOUN
nurota	NOUN
nuroxun	NOUN
nuroy	NOUN
nurpoc	NOUN
nurpolat	NOUN
nurpoş	NOUN
nurpoşşa	NOUN
nurqay	NOUN
nurqilic	NOUN
nurqiz	NOUN
nurqobil	NOUN
nurqosim	NOUN
nurqozi	NOUN
nurqul	NOUN
nurqurbon	NOUN
nurquvvat	NOUN
nursadaf	NOUN
nursafo	NOUN
nursaid	NOUN
nursalim	NOUN
nursayid	NOUN
nursen	NOUN
nursiymo	NOUN
nursiz	NOUN
nursizlik	NOUN
nursoat	NOUN
nursulton	NOUN
nursuluv	NOUN
nursuq	NOUN
nurtilla	NOUN
nurtoji	NOUN
nurtoy	NOUN
nurtoza	NOUN
nurulhaq	NOUN
nurulla	NOUN
nurvafo	NOUN
nurvali	NOUN
nurxayot	NOUN
nurxoja	NOUN
nurxon	NOUN
nurxurabek	NOUN
nuryaxşi	NOUN
nuryogdi	NOUN
nuryuz	NOUN
nurziyarak	NOUN
nurziyo	NOUN
nurziyoda	NOUN
nurzod	NOUN
nurzoda	NOUN
nurşod	NOUN
nurşodbek	NOUN
nusic	NOUN
nusqa	NOUN
nusqaoy	NOUN
nusqas	NOUN
nusraddin	NOUN
nusrat	NOUN
nusratulla	NOUN
nustatdin	NOUN
nusxa	NOUN
nutq	NOUN
nutriya	NOUN
nux	NOUN
nuxat	NOUN
nuxatşurak	NOUN
nuxatşurakci	NOUN
nuxna	NOUN
nuxta	NOUN
nuzhad	NOUN
nuzhat	NOUN
nuşafaran	NOUN
nyu	NOUN
nyukastl	NOUN
nyurnberg	NOUN
o	INTJ
oakili	NOUN
ob	NOUN
ob-havo	NOUN
ob/dir	VERB
ob/dira\t\	VERB
ob/kaş	VERB
ob/kaşla	VERB
obadiya	NOUN
obaki	NOUN
obakidandon	NOUN
obakidondon	NOUN
obama	NOUN
obbo	INTJ,NOUN,VERB
obbola	VERB
obdan	NOUN
obdasta	NOUN
obdida	NOUN
obdir/a	VERB
obdir/aş\	VERB
obdiş	NOUN
obdon	ADV,NOUN
obdor	NOUN
obed	NOUN
obekt	ADJ,NOUN
obektiv	ADJ,NOUN
obektivist	NOUN
obektivizm	NOUN
obektivlik	NOUN
obelisk	NOUN
obertin	NOUN
obgardon	NOUN
obgina	NOUN
obi	NOUN
obid	NOUN
obida	NOUN
obidabu	NOUN
obidali	NOUN
obiddin	NOUN
obidjon	NOUN
obidnazar	NOUN
obidoxun	NOUN
obidoy	NOUN
obidulla	NOUN
obidxol	NOUN
obidxon	NOUN
obidşo	NOUN
obigarm	NOUN
obilic	NOUN
obinargaz	NOUN
obinon	NOUN
obinovvot	NOUN
obiqaşqa	NOUN
obirahmat	NOUN
obiravon	NOUN
obisiyo	NOUN
obivatel	NOUN
obivatelcilik	NOUN
obivatellik	NOUN
obixayot	NOUN
obiyat	NOUN
obiyax	NOUN
obizamzam	NOUN
obizarang	NOUN
objuvoz	NOUN
objuvozcilik	NOUN
objuvozxona	NOUN
obkand	NOUN
obkatka	VERB
obkatkala	VERB
obkaş	NOUN
obkom	NOUN
oblast	NOUN
obligatsiya	NOUN
oblijrokom	NOUN
obliq	NOUN
oblo	NOUN
oblomovcilik	NOUN
obloqul	NOUN
obloyor	NOUN
obmotka	NOUN,VERB
obmotkala	VERB
obnus	NOUN
obod	ADJ,NOUN,VERB
obod/laş	VERB
obod/laştir	VERB
obod/laştir\il	VERB
obod/on	VERB
obod/onlaş\tir	VERB
obod/onlaş\tir\il	VERB
obodlaş	VERB
obodlik	NOUN
obodon	NOUN
obodoncilik	NOUN
obodongul	NOUN
obodonlik	NOUN
obodontoj	NOUN
obodyor	NOUN
oboga	NOUN
obor	NOUN,VERB
obor/tir	VERB
oboril	VERB
oboriş	VERB
oborot	NOUN
obot	NOUN
oboyma	NOUN
oboz	NOUN
oboş	NOUN
obpargov	NOUN
obradovic	NOUN
obraha	NOUN
obraz	NOUN
obrazli	NOUN
obrazlilik	NOUN
obrenovic	NOUN
obrez	NOUN
obro	ADJ,NOUN
obro/siz	VERB
obro/sizla\n	VERB
obrogatsiya	NOUN
obroy	NOUN
observatoriya	NOUN
obtova	NOUN
obuhiv	NOUN
obul	NOUN
obuna	NOUN
obunaci	NOUN
obxod	NOUN
obxodci	NOUN
obxona	NOUN
obyekt	NOUN
obzor	NOUN,VERB
obzorci	NOUN
obzorla	VERB
obşcina	NOUN
obşir	NOUN
oc	ADJ,ADV,NOUN,VERB
oc-nahor	ADJ
oc-naxor	ADV
oc-yalongoc	ADJ
oc/il	VERB
oc/ilinqira	VERB
oc/iltir	VERB
oc/iq	VERB
oc/iqla\ş\tir	VERB
oc/iqtir	VERB
oc/ir	VERB
oc/iril	VERB
oc/iriş	VERB
oc/irtir	VERB
oc/tir	VERB
oc/tiril	VERB
oc/tirtir	VERB
oca	NOUN
ocakiş	VERB
ocakiştir	VERB
ocakov	NOUN
ocakova	NOUN
ocambiti	NOUN
ocar	NOUN
ocarci	NOUN
ocarcilik	NOUN
ocarvoh	NOUN
ocatqi	NOUN
ocer	NOUN
ocered	NOUN
ocerk	NOUN
ocerkci	NOUN
ocerkist	NOUN
ocig	ADV
ocigi	PRT
ocigica	ADV
ocil	NOUN,VERB
ocila	NOUN
ocildi	NOUN
ocilgul	NOUN
ociliddin	NOUN
ocilmurod	NOUN
ocilniyoz	NOUN
ociloy	NOUN
ocilqul	NOUN
ociltoş	NOUN
ocilturdi	NOUN
ocilxon	NOUN
ocin-toqin	ADV
ocinqira	VERB
ociq	ADJ,ADV,NOUN,VERB
ociq-oşkor	ADV
ociq-sociq	ADJ
ociqarli	ADJ
ociqca	ADJ
ociqcasiga	ADJ,ADV
ociqgoy	ADJ
ociqlik	NOUN
ociqqol	NOUN
ociqqollik	NOUN
ocir	NOUN,VERB
ocirgic	NOUN
ociruvci	NOUN
ociş	VERB
ocko	NOUN
ockoz	ADJ,NOUN,VERB
ockozlaş	VERB
ockozlik	NOUN
oclik	NOUN
ocma	NOUN
ocofat	ADJ
ocoq	NOUN
ocoqboşi	NOUN
ocoqci	NOUN
ocoqli	NOUN
ocqa	NOUN,VERB
ocqic	NOUN
octeville	NOUN
octir	VERB
oda	NOUN
odaga	NOUN
odagay	VERB
odagay/la	VERB
odagay/lan	VERB
odagay/laş	VERB
odagayla	VERB
odajn	NOUN
odalovic	NOUN
odam	ADJ,ADV,NOUN
odamato	NOUN
odamboy	NOUN
odamfuruş	NOUN
odamgarcilik	NOUN
odamiy	ADJ,NOUN
odamiyat	NOUN
odamiylik	NOUN
odamjon	NOUN
odamkuş	NOUN
odamkuşlik	NOUN
odamlarca	ADV,NOUN
odamlik	NOUN
odamovi	NOUN
odamovilik	NOUN
odamoxun	NOUN
odamoxunlik	NOUN
odamparvar	NOUN
odamparvarlik	NOUN
odamqul	NOUN
odamsevmas	NOUN
odamsevmaslik	NOUN
odamsifat	ADJ
odamsimon	ADJ
odamsiyoq	ADJ
odamtaxlit	NOUN
odamtoy	NOUN
odamtoş	NOUN
odamxor	NOUN
odamxorlik	NOUN
odamxur	NOUN
odamxurlik	NOUN
odamzod	NOUN
odamşavanda	NOUN
odamşavandalik	NOUN
odarcenko	NOUN
odat	ADV,NOUN,VERB
odat/lan	VERB
odat/lantir	VERB
odatan	ADV
odatda	ADV
odatdagi	ADV
odatdagica	ADV
odatlan	VERB
oday	NOUN
odayci	NOUN
oddiy	ADJ,NOUN,VERB
oddiylaş	VERB
oddiylik	NOUN
odekolon	NOUN
odem	NOUN
oder	NOUN
odessa	NOUN
odeyal	NOUN
odil	ADJ,ADV,NOUN
odila	NOUN
odilbek	NOUN
odiljon	NOUN
odillik	NOUN
odilona	ADJ,ADV
odilqora	NOUN
odilqozi	NOUN
odilqul	NOUN
odilxoja	NOUN
odilxon	NOUN
odilşer	NOUN
odilşo	NOUN
odim	NOUN,VERB
odim/la	VERB
odim/lat	VERB
odim/laş	VERB
odimboy	NOUN
odimla	VERB
odimlo	NOUN
odimlovci	NOUN
odina	NOUN
odinabibi	NOUN
odinabonu	NOUN
odinagul	NOUN
odinamamat	NOUN
odinamuhammad	NOUN
odinaniyoz	NOUN
odinaqul	NOUN
odinasuluv	NOUN
odinaxoja	NOUN
odmi	ADJ,NOUN
odmigar	NOUN
odmigarcilik	NOUN
odob	ADJ,NOUN
odobasic	NOUN
odobjon	NOUN
odobli	ADJ
odoblik	NOUN
odobnoma	NOUN
odobxona	NOUN
odoq	NOUN
odoş	NOUN
oecd	NOUN
ofa-ini	NOUN
ofarin	INTJ,NOUN
ofat	NOUN
ofatijon	ADJ
ofatoy	NOUN
ofatxon	NOUN
ofitser	NOUN
ofitsiant	NOUN
ofitsiantka	NOUN
ofiya	NOUN
ofiyat	NOUN
ofiyatbibi	NOUN
ofiyatulla	NOUN
ofiyatxon	NOUN
ofoq	NOUN
ofoqbibi	NOUN
ofset	NOUN
oftob	NOUN
oftoba	NOUN
oftobcuvoq	NOUN
oftobi	NOUN
oftoboy	NOUN
oftobparast	NOUN
oftobparastlik	NOUN
oftobqul	NOUN
oftobroy	NOUN
oftobruya	NOUN
oftobxon	NOUN
oftobşuvoq	NOUN
og	ADJ,ADV,NOUN,VERB
og/dir	VERB
og/diril	VERB
og/dirtir	VERB
og/iş	VERB
og/iştir	VERB
oga	NOUN
oga-ini	NOUN
oga-inigar	NOUN
oga-inigarcilik	NOUN
oga-inilik	NOUN
ogaali	NOUN
ogabegi	NOUN
ogabegim	NOUN
ogabek	NOUN
ogabeka	NOUN
ogabibi	NOUN
ogabika	NOUN
ogabiy	NOUN
ogabonu	NOUN
ogaca	NOUN
ogagul	NOUN
ogah	NOUN
ogahiy	NOUN
ogajamol	NOUN
ogajon	NOUN
ogakeldi	NOUN
ogali	NOUN
ogalik	NOUN
ogamamat	NOUN
ogamat	NOUN
ogamengli	NOUN
ogamirza	NOUN
ogamuhammad	NOUN
ogamurod	NOUN
oganazar	NOUN
oganiso	NOUN
ogaoglon	NOUN
ogasanam	NOUN
ogaxon	NOUN
ogaxonim	NOUN
ogaxotin	NOUN
ogay	NOUN,VERB
ogayla	VERB
ogaylik	NOUN
ogayni	NOUN
ogaynicilik	NOUN
ogaynigarcilik	NOUN
ogaynilik	NOUN
ogayo	NOUN
ogayor	NOUN
ogdir	VERB
ogil	NOUN
ogil-qiz	NOUN
ogilbaxt	NOUN
ogilbegi	NOUN
ogilbeka	NOUN
ogilbersin	NOUN
ogilbibi	NOUN
ogilbodom	NOUN
ogilboldi	NOUN
ogilbolsin	NOUN
ogilboy	NOUN
ogilbozor	NOUN
ogilbuviş	NOUN
ogilca	NOUN
ogilcaxon	NOUN
ogilcevar	NOUN
ogildavlat	NOUN
ogildono	NOUN
ogildurdi	NOUN
ogilgozal	NOUN
ogilgul	NOUN
ogiljamol	NOUN
ogiljon	NOUN
ogiljuma	NOUN
ogilkeldi	NOUN
ogilkerak	NOUN
ogillik	NOUN
ogilmurod	NOUN
ogilnabot	NOUN
ogilniso	NOUN
ogilniyoz	NOUN
ogilnor	NOUN
ogilnozik	NOUN
ogilnur	NOUN
ogilobod	NOUN
ogilomon	NOUN
ogiloy	NOUN
ogilpocca	NOUN
ogilpoşşa	NOUN
ogilsafar	NOUN
ogilsiz	NOUN
ogilsizlik	NOUN
ogilsora	NOUN
ogiltoj	NOUN
ogiltoy	NOUN
ogiltoş	NOUN
ogiltugar	NOUN
ogilturdi	NOUN
ogiltursin	NOUN
ogilxol	NOUN
ogilxon	NOUN
ogilxona	NOUN
ogilyur	NOUN
ogilzaynab	NOUN
ogilzebo	NOUN
ogilşakar	NOUN
ogilşirin	NOUN
ogilşod	NOUN
ogin	NOUN
ogir	ADJ,NOUN,VERB
ogir-vazmin	ADJ
ogir/la	VERB
ogir/lan	VERB
ogir/laş	VERB
ogir/laştir	VERB
ogir/tir	VERB
ogir/tiril	VERB
ogircilik	NOUN
ogirig	NOUN
ogiriglik	NOUN
ogirigliq	NOUN
ogiriş	VERB
ogirla	VERB
ogirlat	VERB
ogirlaş	VERB
ogirlik	NOUN
ogirlikca	NOUN
ogirliq	NOUN
ogirma	NOUN
ogiroyoq	ADJ,NOUN
ogirsin	VERB
ogirtir	VERB
ogit	NOUN,VERB
ogit/la	VERB
ogit/lan	VERB
ogit/lat	VERB
ogitla	NOUN,VERB
ogitlagic	NOUN
ogiz	NOUN
ogiz-burun	NOUN
ogizlik	NOUN
ogizma-ogiz	ADV
ogiş	ADV,VERB
ogişmay	ADV
ogl	NOUN
oglim	NOUN
oglon	NOUN
ogma	ADJ,NOUN
ogmaci	NOUN
ogmacilik	NOUN
ogmalik	NOUN
ogmaxon	NOUN
ognev	NOUN
ognyan	NOUN
ogoc	NOUN
ogoh	NOUN,VERB
ogoh/la	VERB
ogoh/lan	VERB
ogoh/lan\tir	VERB
ogoh/lan\tir\il	VERB
ogohjon	NOUN
ogohla	VERB
ogohlik	NOUN
ogon	NOUN
ogonberdi	NOUN
ogri	ADJ,ADV,NOUN,VERB
ogri/q	VERB
ogri/qsiz\lan	VERB
ogri/qsiz\lan\tir	VERB
ogri/t	VERB
ogri/ttir	VERB
ogriboşi	NOUN
ogrilarca	ADV
ogrilik	NOUN
ogrin	VERB
ogrinca	ADV
ogrinci	NOUN
ogriq	ADJ,NOUN
ogriqli	ADJ
ogriqsiz	ADJ,NOUN
ogriqsizlan	NOUN
ogriqsizlantir	NOUN
ogriqsizlantiruvci	NOUN
ogrit	VERB
ogrivacca	NOUN
ogrixona	NOUN
ogtoy	NOUN
ogu	NOUN,VERB
ogu/la	VERB
ogu/lan	VERB
ogula	VERB
oguz	NOUN
oguzxon	NOUN
oguş	NOUN
ogz	ADJ
ogzaki	ADJ
ogzikeng	NOUN
ogşuk	NOUN
oh	INTJ,NOUN,VERB
oh-afgon	NOUN
oh-figon	NOUN
oh-ho	INTJ
ohak	NOUN
ohak/la	VERB
ohak/lan	VERB
ohakcl	NOUN
ohaki	NOUN
ohaktoş	NOUN
ohang	ADJ,NOUN
ohangaron	NOUN
ohangdor	NOUN
ohangdorlik	NOUN
ohangdoş	ADJ,NOUN
ohangdoşlik	NOUN
ohangjama	NOUN
ohho	VERB
ohho/la	VERB
ohho/laş	VERB
ohhola	VERB
ohio	NOUN
ohista	ADV,NOUN
ohistalik	NOUN
ohla	VERB
oho	NOUN,VERB
ohoh	VERB
ohohla	VERB
ohola	VERB
ohor	NOUN,VERB
ohor/la	VERB
ohor/lan	VERB
ohor/lat	VERB
ohorci	NOUN
ohorla	VERB
ohri	NOUN
ohtirka	NOUN
ohu	NOUN
ohuniso	NOUN
ohunjon	NOUN
oid	AUX
oila	ADJ,NOUN
oilaci	NOUN
oilacilik	NOUN
oilaparvar	ADJ
oilaviy	ADJ
oilik	NOUN
oina	NOUN
oinasoz	NOUN
oinasozlik	NOUN
oinaxalta	NOUN
oise	NOUN
oits	NOUN
oiv	NOUN
ojar	ADJ,ADV,NOUN
ojar/la	VERB
ojar/lan	VERB
ojar/lan\tir	VERB
ojarberdi	NOUN
ojarboy	NOUN
ojarlik	NOUN
ojarona	ADV
ojarqul	NOUN
ojarturdi	NOUN
ojdanic	NOUN
ojir	NOUN
ojiz	ADJ,ADV,NOUN
ojiz/lan	VERB
ojiz/lantir	VERB
ojiza	NOUN
ojizlik	NOUN
ojizona	ADJ,ADV
ok	NOUN
oka	NOUN
okca	NOUN
okean	NOUN
okeaniya	NOUN
okeanolo	NOUN
okeanologiya	NOUN
okeanorti	NOUN
okeanşunos	NOUN
okeanşunoslik	NOUN
okic	NOUN
okil	NOUN
okin	NOUN,VERB
okinc	NOUN
okintir	VERB
okir	NOUN,VERB
okirik	NOUN
okiriş	VERB
okirtir	VERB
okkazionalizm	NOUN
okkultizm	NOUN
okkupant	NOUN
okkupatsiya	NOUN
okkupatsiyaci	NOUN
oklahoma	NOUN
oklaxoma	NOUN
okop	NOUN
okra	VERB
okran	NOUN,VERB
okrug	NOUN
oksan	NOUN
oksana	NOUN
oksford	NOUN
oksi	ADJ,VERB
oksi/n	VERB
oksi/ntir	VERB
oksi/t	VERB
oksi/ttir	VERB
oksid	NOUN,VERB
oksid/la	VERB
oksid/lan	VERB
oksidla	VERB
oksidlo	NOUN
oksidlovci	NOUN
oksik	ADJ
oksim	NOUN
oksin	VERB
oksit	VERB
oksiz	NOUN,VERB
oksizlan	VERB
oksizlik	NOUN
oktabr	NOUN
oktaedr	NOUN
oktam	ADJ,NOUN,VERB
oktamali	NOUN
oktamat	NOUN
oktambu	NOUN
oktamlan	VERB
oktamlik	NOUN
oktamxon	NOUN
oktava	NOUN
oktet	NOUN
oktillion	NUM
oktillionda	NUM
oktilliondaman	NUM
oktilliondan	NUM
oktillionga	NUM
oktillioninci	NUM
oktillionlab	NUM
oktillionlamci	NUM
oktillionlarca	NUM
oktillionni	NUM
oktillionning	NUM
oktillionta	NUM
oktilliontaca	NUM
oktilliontadan	NUM
oktoy	NOUN
oktyabr	NOUN
oktyabrist	NOUN
oktyabryat	NOUN
okulov	NOUN
okulova	NOUN
ol	ADJ,NOUN,VERB
ol/dir	VERB
ol/diril	VERB
ol/dirtir	VERB
ol/gir	VERB
ol/girlaş	VERB
ol/iş	VERB
ol/iştir	VERB
ol/tir	VERB
ol/tirgiz	VERB
ol/tiriş	VERB
ola	ADJ,NOUN,VERB
ola-bula	ADJ
ola-cipor	ADJ
ola/la	VERB
ola/lan	VERB
olabar	NOUN
olabargoh	NOUN
olabayroq	ADJ
olabil	VERB
olaboji	NOUN
olabuga	ADJ,NOUN
olabuji	NOUN
olabuta	NOUN
olaca	NOUN
olacalpoq	NOUN
olacipor	ADJ,NOUN
olaciq	NOUN
olagon	NOUN
olagonlik	NOUN
olahakka	NOUN
olaket	VERB
olakoz	NOUN
olakozan	NOUN
olala	VERB
olalik	NOUN
olam	ADJ,NOUN
olamgir	NOUN
olamiddin	NOUN
olamnazar	NOUN
olamoro	NOUN
olamoy	NOUN
olampanoh	NOUN
olamtob	NOUN
olamşumul	ADJ,NOUN
olan	NOUN
olanci	NOUN
olanzor	NOUN
olaogiz	NOUN
olaogizlik	NOUN
olapar	NOUN
olapes	NOUN,VERB
olapesla	VERB
olapeslan	VERB
olapocoq	NOUN
olapopiş	NOUN
olapucoq	NOUN
olaqanot	NOUN
olaqarga	NOUN
olaqaroq	NOUN
olaqon	NOUN
olaqorongi	NOUN
olar	NOUN
olarligin	NOUN
olarmon	NOUN
olarmonlik	NOUN
olasi	NOUN
olat	NOUN
olatog	NOUN
olatoganoq	NOUN
olatugonoq	NOUN
olatupolon	NOUN
olatuzon	NOUN
olaver	VERB
olay	NOUN,VERB
olayiş	VERB
olaylik	NOUN,PRT
olaytir	VERB
olazarak	ADJ,NOUN
olaşaqşaq	NOUN
olaşovur	NOUN
olca	NOUN,VERB
olca/n	VERB
olca/nil	VERB
olca/t	VERB
olca/ttir	VERB
olcagic	NOUN
olcak	NOUN
olcam	NOUN
olcan	VERB
olcat	VERB
olcazor	NOUN
olcaş	VERB
olci	NOUN
olcibek	NOUN
olcimuhammad	NOUN
olcin	NOUN,VERB
olcinbek	NOUN
olcinboy	NOUN
olcinla	VERB
olco	NOUN
olcoq	NOUN
olcoq/la	VERB
olcoq/lan	VERB
olcoqlik	NOUN
olcov	NOUN
old	NOUN,VERB
old/in	VERB
old/inla	VERB
old/inla\ş	VERB
old/inla\ş\tir	VERB
old/ir	VERB
old/iril	VERB
olda-jolda	ADV
oldi	X
oldi-qocdi	ADJ
oldida	AUX
oldin	ADV,AUX
oldinda	ADV
oldindan	ADV
oldinga	ADV
oldiniga	ADV
oldinma-keyin	ADV
oldir	VERB
oldirmoq-sol	VERB
oldirmoq-soldir	VERB
oldirtir	VERB
oleg	NOUN
oleksandr	NOUN
oleksandrivka	NOUN
oleksandriya	NOUN
olesko	NOUN
olevsk	NOUN
olga	ADV,NOUN
olgi	NOUN
olgic	NOUN
olgir	ADJ,NOUN
olgirboy	NOUN
olgirlik	NOUN
olgov	NOUN
olgovci	NOUN
olgu	ADV
olgudek	ADV
olhirot	NOUN
olhovatka	NOUN
olibsotar	NOUN
olibsotarlik	NOUN
olic	NOUN
olica	NOUN
olicaxon	NOUN
olifta	ADJ,NOUN,VERB
oliftagar	NOUN
oliftagarci	NOUN
oliftagarcilik	NOUN
oliftalaş	VERB
oliftalik	NOUN
oligarxiya	NOUN
oligopoliya	NOUN
olihimmat	NOUN
olihimmatlik	NOUN
olijanob	NOUN
olijanoblik	NOUN
olik	ADJ,NOUN
olikxona	NOUN
olim	ADJ,ADV,NOUN,VERB
olim\lik	NOUN
olima	ADJ,NOUN
olimali	ADJ
olimbol	NOUN
olimhoji	NOUN
olimiddin	NOUN
olimjon	NOUN
olimlaş	VERB
olimli	ADJ
olimlik	NOUN
olimnamo	ADJ
olimnazar	NOUN
olimnoma	NOUN
olimona	ADV
olimpiada	NOUN
olimpiya	NOUN
olimpiyat	NOUN
olimqul	NOUN
olimsaid	NOUN
olimsaxur	NOUN
olimtik	NOUN
olimtiklik	NOUN
olimtilla	NOUN
olimtiq	NOUN
olimtoy	NOUN
olimxoja	NOUN
olimxol	NOUN
olin	VERB
olis	NOUN,VERB
olis/la	VERB
olis/lan	VERB
olis/laş	VERB
olis/laş\tir	VERB
olisda	ADV
olisdan	ADV
olisla	VERB
olislik	NOUN
oliver	NOUN
oliy	ADJ,NOUN
oliya	NOUN
oliyahon	NOUN
oliyjanob	NOUN
oliyjanoblik	NOUN
oliylik	NOUN
oliyniso	NOUN
oliş	NOUN,VERB
olişboşi	NOUN
olişivka	NOUN
olja	NOUN
oljaoy	NOUN
oljaqozi	NOUN
oljas	NOUN
oljaxon	NOUN
oljay	NOUN
olka	NOUN
olkaşunos	NOUN
olkaşunoslik	NOUN
olli	NOUN
ollo	NOUN
olloberdi	NOUN
ollobergan	NOUN
ollodost	NOUN
ollodot	NOUN
olloh	NOUN
ollohberdi	NOUN
ollohu	NOUN
ollohyor	NOUN
ollom	NOUN
ollombergan	NOUN
ollomirza	NOUN
ollomiyor	NOUN
ollomurod	NOUN
ollon	NOUN
ollonafas	NOUN
ollonazar	NOUN
olloniyoz	NOUN
ollonur	NOUN
olloqul	NOUN
olloquvvat	NOUN
olloturdi	NOUN
olloyor	NOUN
olloş	NOUN
olloşukur	NOUN
olma	NOUN
olmaboy	NOUN
olmaboş	NOUN
olmaca	NOUN
olmaci	NOUN
olmacilik	NOUN
olmafuruş	NOUN
olmafuruşlik	NOUN
olmagozal	NOUN
olmagul	NOUN
olmaliq	NOUN
olmaniyoz	NOUN
olmaqoqi	NOUN
olmas	ADJ,NOUN
olmasoy	NOUN
olmasxon	NOUN
olmaxon	NOUN
olmazor	NOUN
olmon	NOUN
olmoniya	NOUN
olmonqozi	NOUN
olmoq-ber	VERB
olmoq-qol	VERB
olmoq-qoy	VERB
olmoq-sol	VERB
olmoq-sot	VERB
olmoq-tiri	VERB
olmoq-tiril	VERB
olmos	NOUN
olmota	NOUN
olmoş	NOUN
olmoşmurod	NOUN
olmurt	NOUN
olmurut	NOUN
olofson	NOUN
olomon	NOUN
olot	NOUN
olov	NOUN,VERB
olov/lan	VERB
olov/lantir	VERB
olovbardoş	NOUN
olovbardoşlik	NOUN
olovdon	NOUN
oloviddin	NOUN
olovkurak	NOUN
olovlan	VERB
olovlat	VERB
olovuddin	NOUN
olovxon	NOUN
olovxona	NOUN
oloy	NOUN
olpon	NOUN
olponci	NOUN
olponoy	NOUN
olqa	NOUN,VERB
olqar	NOUN
olqat	VERB
olqaş	VERB
olqinboy	NOUN
olqinoy	NOUN
olqiş	NOUN,VERB
olqiş/la	VERB
olqiş/lan	VERB
olqişboy	NOUN
olqişla	VERB
olqor	NOUN
olt/ov	VERB
olt/ovlaş	VERB
oltang	NOUN
olti	NOUN,NUM
oltiariq	NOUN
oltiboy	NOUN
oltiburcak	NOUN
oltida	NUM
oltidaman	NUM
oltidan	NUM
oltiga	NUM
oltilab	NUM
oltilamci	NUM
oltilarca	NUM
oltilik	NOUN
oltimuhammad	NOUN
oltimurod	NOUN
oltin	ADJ,NOUN,VERB
oltin/la	VERB
oltin/lan	VERB
oltin/lat	VERB
oltinbek	NOUN
oltinbibi	NOUN
oltinbuviş	NOUN
oltinca	NOUN
oltinci	NOUN,NUM
oltingugurt	NOUN,VERB
oltingugurtlaştir	VERB
oltingul	NOUN
oltini	NUM
oltining	NUM
oltinjamol	NOUN
oltinla	VERB
oltinmurod	NOUN
oltinniso	NOUN
oltinnovvot	NOUN
oltinnur	NOUN
oltinoy	NOUN
oltinpolat	NOUN
oltinqongiz	NOUN
oltinqozi	NOUN
oltinqoziq	NOUN
oltinqul	NOUN
oltinqungiz	NOUN
oltinsoc	NOUN
oltintamga	NOUN
oltintoj	NOUN
oltinxoja	NOUN
oltinxol	NOUN
oltiogil	NOUN
oltiqul	NOUN
oltir	NOUN,VERB
oltirgiz	NOUN
oltita	NUM
oltitaca	NUM
oltitadan	NUM
oltiyaşar	NOUN
oltiyoq	NOUN
oltiyor	NOUN
oltmiş	NOUN,NUM
oltmişbek	NOUN
oltmişboy	NOUN
oltmişda	NUM
oltmişdaman	NUM
oltmişdan	NUM
oltmişga	NUM
oltmişinci	NUM
oltmişlab	NUM
oltmişlamci	NUM
oltmişlarca	NUM
oltmişni	NUM
oltmişning	NUM
oltmişta	NUM
oltmiştaca	NUM
oltmiştadan	NUM
oltov	NOUN
oltovlon	NOUN
oltoy	NOUN
oltoylik	NOUN
olu	NOUN
olud	NOUN
oluv	NOUN
oluvci	NOUN
oluyic	NOUN
olxor	NOUN
olxuri	NOUN
om	NOUN
omad	ADJ,NOUN
omadillo	NOUN
omadjon	NOUN
omadli	ADJ,NOUN
omadlilik	NOUN
omadsiz	NOUN
omadsizlik	NOUN
omadulla	NOUN
omadxon	NOUN
omanovic	NOUN
omar	NOUN,VERB
omaril	VERB
omariş	VERB
omartir	VERB
omat	VERB
omatil	VERB
omaş	VERB
omaştir	VERB
ombir	NOUN
ombor	NOUN
omborci	NOUN
omborxona	NOUN
ombudsman	NOUN
ombur	NOUN
omelcenko	NOUN
omerbasic	NOUN
omerov	NOUN
omerova	NOUN
omerovic	NOUN
omgak	NOUN
omgan	NOUN,VERB
omgan/la	VERB
omgan/lat	VERB
omganla	VERB
omi	ADJ,NOUN
omil	ADJ,NOUN
omila	NOUN
omilaxon	NOUN
omilboy	NOUN
omildiriq	NOUN
omilik	NOUN
omiljon	NOUN
omilkor	ADJ,NOUN
omilkorlik	NOUN
omillik	NOUN
omiltora	NOUN
omilxon	NOUN
omin	NOUN
omina	NOUN
omirali	NOUN
omirbek	NOUN
omixta	ADJ,NOUN,VERB
omixta/la	VERB
omixta/lan	VERB
omixtala	VERB
omiz	NOUN
omma	ADJ,NOUN,VERB
omma/laş	VERB
omma/laştir	VERB
omma/laştir\il	VERB
omma/viy	VERB
omma/viylaş	VERB
omma/viylaş\tir	VERB
ommabop	ADJ
ommalaş	VERB
ommaviy	ADJ,NOUN
ommaviylik	NOUN
ommet	NOUN
omnibus	NOUN
omoc	NOUN,VERB
omoc/la	VERB
omoc/lat	VERB
omocla	VERB
omon	NOUN,VERB
omonali	NOUN
omonat	ADJ,NOUN
omonatci	NOUN
omonatlik	NOUN
omonbaxt	NOUN
omonbek	NOUN
omonbeka	NOUN
omonberdi	NOUN
omonbibi	NOUN
omonbonu	NOUN
omonboy	NOUN
omonbu	NOUN
omonbuvi	NOUN
omonca	NOUN
omoncilik	NOUN
omondavlat	NOUN
omoneson	NOUN
omongeldi	NOUN
omongul	NOUN
omoniddin	NOUN
omonillo	NOUN
omonim	NOUN
omonimika	NOUN
omonimiya	NOUN
omonjamol	NOUN
omonjol	NOUN
omonjon	NOUN
omonjora	NOUN
omonkeldi	NOUN
omonlaş	VERB
omonli	NOUN
omonlik	NOUN
omonmamat	NOUN
omonmat	NOUN
omonmeng	NOUN
omonmengli	NOUN
omonmisiz	INTJ
omonmurod	NOUN
omonnafas	NOUN
omonnisa	NOUN
omonnisaxon	NOUN
omonniyoz	NOUN
omonoroz	NOUN
omonot	NOUN
omonoy	NOUN
omonqilic	NOUN
omonqoldi	NOUN
omonqul	NOUN
omonsafar	NOUN
omonsaid	NOUN
omonsoat	NOUN
omontilla	NOUN
omontoj	NOUN
omontora	NOUN
omontoy	NOUN
omontoş	NOUN
omonturdi	NOUN
omontursin	NOUN
omonulla	NOUN
omonxoja	NOUN
omonxol	NOUN
omonxon	NOUN
omonxona	NOUN
omonyol	NOUN
omonyor	NOUN
omonşirin	NOUN
omonşoh	NOUN
omonşukur	NOUN
omrov	NOUN,VERB
omrovla	VERB
omsk	NOUN
on	NOUN,NUM
ona	ADV,NOUN
ona/m	VERB
ona/mla	VERB
onabaxt	NOUN
onabibi	NOUN
onaboşim	NOUN
onabu	NOUN
onabuvi	NOUN
onagar	NOUN
onagul	NOUN
onajahon	NOUN
onajon	NOUN
onalarca	ADV
onalik	NOUN
onaman	NOUN
onamoy	NOUN
onaqay	NOUN
onaqiz	NOUN
onarboy	NOUN
onasiz	NOUN
onasizlik	NOUN
onaxon	NOUN
onaxotin	NOUN
onazar	NOUN
onaş	NOUN,VERB
onaştir	VERB
onbegi	NOUN
onbek	NOUN
onbir	NOUN
onboy	NOUN
onboşi	NOUN
onboşilik	NOUN
oncesku	NOUN
onda	NUM
onda-sonda	ADV
ondaman	NUM
ondan	NUM
ondir	NOUN
onega	NOUN
ong	NOUN,VERB
ong/ar	VERB
ong/aril	VERB
ong/artir	VERB
ong/la	VERB
ong/lan	VERB
ong/lat	VERB
ong/laş	VERB
onga	NUM,VERB
onga/r	VERB
onga/ril	VERB
onga/rtir	VERB
onga/y	VERB
onga/ylan	VERB
onga/ylaş	VERB
onga/ysiz\lan	VERB
onga/ysiz\lan\tir	VERB
ongal	NOUN,VERB
ongaloy	NOUN
ongar	NOUN,VERB
ongariş	VERB
ongarsin	NOUN
ongay	NOUN
ongaylik	NOUN
ongaysiz	NOUN
ongaysizlik	NOUN
ongci	NOUN
ongcilik	NOUN
ongdan	ADV
ongga	ADV
ongi	VERB
ongir	NOUN
ongit	VERB
ongla	VERB
onglasin	NOUN
ongli	NOUN
onglik	NOUN
onglilik	NOUN
ongmirza	NOUN
ongsiz	NOUN
ongsizlik	NOUN
ongur	NOUN
oniks	NOUN
onim	NOUN
oninci	NOUN,NUM
oniy	NOUN
onişcenko	NOUN
onjirga	NOUN
onjon	NOUN
onkolog	NOUN
onkologiya	NOUN
onlab	NUM
onlamci	NUM
onlarca	NUM
onlik	NOUN
onni	NUM
onning	NUM
onomastika	NOUN
onov	NUM
onoy	NOUN
onqir	NOUN
onqov	NOUN
onsu	NOUN
ont	NOUN
onta	NOUN,NUM
ontaca	NUM
ontadan	NUM
ontalik	NOUN
ontama	NOUN
ontar	NOUN,VERB
ontaril	VERB
ontariş	VERB
ontartir	VERB
ontogenez	NOUN
ontologiya	NOUN
ontoy	NOUN
onufriyivka	NOUN
op	NOUN,VERB
op/iş	VERB
op/iştir	VERB
op/tir	VERB
op/tirtir	VERB
opa	NOUN
opa-sineil	NOUN
opa-singil	NOUN
opa-uka	NOUN
opalik	NOUN
opaxta	NOUN
opera	NOUN
operativ	NOUN
operativlik	NOUN
operator	NOUN
operatsiya	NOUN
operetta	NOUN
opic	NOUN,VERB
opicla	VERB
opictir	VERB
opir	VERB
opiril	VERB
opiriş	VERB
opirtir	VERB
opitnov	NOUN
opitnova	NOUN
opiy	NOUN
opiş	VERB
opişna	NOUN
opka	ADJ,NOUN
opka/la	VERB
opka/lan	VERB
opka/laş	VERB
opkaci	ADJ,NOUN
opkala	VERB
opkali	ADJ
opkasiz	ADJ
opogoyi	NOUN
opok	NOUN
opoq	NOUN
opoq-sopoq	ADJ
opoqcapoq	VERB
opoqcapoqlaş	VERB
opoqi	NOUN
opoy	NOUN
opponent	NOUN
oppoq	ADJ,NOUN
oppoq-oppoq	ADJ
oppoq/la	VERB
oppoq/lan	VERB
oppoqqina	ADJ
oppoqxoja	NOUN
opportunist	NOUN
opportunistlik	NOUN
opportunizm	NOUN
oppozitsiya	NOUN
oppozitsiyaci	NOUN
opqin	NOUN
opqinlik	NOUN
opqon	NOUN
opqonlik	NOUN
opresku	NOUN
opsion	NOUN
opt	NOUN
optika	NOUN
optimal	NOUN
optimetr	NOUN
optimist	NOUN
optimistlik	NOUN
optimizm	NOUN
optir	VERB
optova	NOUN
oq	ADJ,ADV,NOUN,VERB
oq-qora	ADJ
oq/ar	VERB
oq/arin	VERB
oq/arinqira	VERB
oq/ariş	VERB
oq/artir	VERB
oq/it	VERB
oq/ittir	VERB
oq/iz	VERB
oq/izdir	VERB
oq/la	VERB
oq/lan	VERB
oq/lat	VERB
oq/lat\tir	VERB
oq/laş	VERB
oqaloq	NOUN,VERB
oqaloqla	VERB
oqar	ADJ,VERB
oqarboy	NOUN
oqarbuloq	NOUN
oqbel	NOUN
oqberdi	NOUN
oqbergan	NOUN
oqbibi	NOUN
oqbibiş	NOUN
oqbilak	NOUN
oqbo	NOUN
oqbola	NOUN
oqboldi	NOUN
oqbota	NOUN
oqboy	NOUN
oqboş	NOUN
oqbubak	NOUN
oqbuloq	NOUN
oqbuvi	NOUN
oqbuviş	NOUN
oqca	NOUN
oqcadaryo	NOUN
oqcaqiz	NOUN
oqcava	NOUN
oqcecak	NOUN
oqcelak	NOUN
oqci	NOUN
oqcil	ADJ
oqcop	NOUN
oqcor	NOUN
oqcora	NOUN
oqcorloq	NOUN
oqcup	NOUN
oqdahna	NOUN
oqdaryo	NOUN
oqdavlat	NOUN
oqdek	ADV
oqdeniz	NOUN
oqdil	NOUN
oqdon	NOUN
oqgozal	NOUN
oqgul	NOUN
oqi	NOUN,VERB
oqi/ti	VERB
oqi/til	VERB
oqibat	ADV,NOUN
oqibatda	ADV
oqibatlik	NOUN
oqigan	NOUN
oqiganlik	NOUN
oqigul	NOUN
oqil	ADJ,ADV,NOUN,VERB
oqila	ADJ,NOUN
oqilbek	NOUN
oqilboy	NOUN
oqiljon	NOUN
oqillik	NOUN
oqilona	ADV
oqiloy	NOUN
oqilqora	NOUN
oqilxoja	NOUN
oqilşoh	NOUN
oqim	ADJ,NOUN
oqimli	ADJ
oqimtir	ADJ
oqin	ADJ,NOUN,VERB
oqipak	NOUN
oqit	NOUN,VERB
oqituvci	NOUN
oqituvcilik	NOUN
oqiz	VERB
oqiz&uvci	NOUN
oqizmay-tomizmay	ADV
oqiş	ADJ,VERB
oqişoq	NOUN
oqjahon	NOUN
oqjamol	NOUN
oqjangal	NOUN
oqjigit	NOUN
oqjol	NOUN
oqjon	NOUN
oqjora	NOUN
oqjuma	NOUN
oqkeldi	NOUN
oqkenja	NOUN
oqkiyar	NOUN
oqkol	NOUN
oqkongil	NOUN
oqkumuş	NOUN
oqla	VERB
oqlik	NOUN
oqlimirza	NOUN
oqliq	NOUN
oqlo	NOUN
oqlov	NOUN
oqlovci	NOUN
oqmacit	NOUN
oqmalik	NOUN
oqmamat	NOUN
oqmangit	NOUN
oqmanovul	NOUN
oqmaral	NOUN
oqmard	NOUN
oqmengli	NOUN
oqmirza	NOUN
oqmiya	NOUN
oqmomiq	NOUN
oqmoya	NOUN
oqmoyin	NOUN
oqmuhammad	NOUN
oqmulla	NOUN
oqmurod	NOUN
oqnazar	NOUN
oqniyat	NOUN
oqniyoz	NOUN
oqnor	NOUN
oqnovvot	NOUN
oqnozik	NOUN
oqoltin	NOUN
oqorboy	NOUN
oqorda	NOUN
oqova	ADJ
oqoyim	NOUN
oqpadar	NOUN
oqpalak	NOUN
oqpar	NOUN
oqpaykal	NOUN
oqpolat	NOUN
oqpon	NOUN
oqqamiş	NOUN
oqqanot	NOUN
oqqapcigay	NOUN
oqqiz	NOUN
oqqişloq	NOUN
oqqol	NOUN
oqqorgon	NOUN
oqqovun	NOUN
oqqozi	NOUN
oqquduq	NOUN
oqqum	NOUN
oqquton	NOUN
oqquv	NOUN
oqquyruq	NOUN
oqquş	NOUN
oqqu�ruq	NOUN
oqray	VERB
oqrayiş	VERB
oqrayt	VERB
oqraytir	VERB
oqroq	ADJ
oqsa	VERB
oqsat	VERB
oqsicqon	NOUN
oqsil	NOUN
oqso	ADJ,NOUN
oqso/q	VERB
oqso/qlan	VERB
oqsoc	ADJ,NOUN
oqsocar	NOUN
oqsoclik	NOUN
oqsoq	ADJ,NOUN
oqsoqlik	NOUN
oqsoqol	NOUN
oqsoqollik	NOUN
oqsoxa	NOUN
oqsoy	NOUN
oqsulton	NOUN
oqsuluv	NOUN
oqsuv	NOUN
oqsuyak	ADV
oqsuyaklarca	ADV
oqta	NOUN
oqtepa	NOUN
oqtin-oqtin	ADV
oqtog	NOUN
oqtogon	NOUN
oqtomoq	NOUN
oqtoqli	NOUN
oqtora	NOUN
oqtov	NOUN
oqtoy	NOUN
oqtoyloq	NOUN
oqtoş	NOUN
oqtoşobod	NOUN
oqtumor	NOUN
oqturgon	NOUN
oqtuygun	NOUN
oqu	NOUN
oqurug	NOUN
oquv	NOUN
oquvcan	NOUN
oquvcanlik	NOUN
oquvci	NOUN
oquvcilik	NOUN
oqxoja	NOUN
oqxol	NOUN
oqyigit	NOUN
oqyol	NOUN
oqyor	NOUN
oqyorbek	NOUN
oqyorqin	NOUN
oqyurak	NOUN
oqziyo	NOUN
oqzoda	NOUN
oqşix	NOUN
oqşom	ADJ,NOUN
oqşomgi	ADJ
oqşomgul	NOUN
oqşomlari	ADV
oqşoq	NOUN
oqşox	NOUN
oqşunqor	NOUN
oqşuvoq	NOUN
or	ADJ,NOUN,VERB
or-nomus	NOUN
or/dir	VERB
or/dirtir	VERB
or/illa	VERB
or/illaş	VERB
or/la	VERB
or/lat	VERB
or/oq	VERB
or/oqla	VERB
ora	ADJ,NOUN,VERB
ora-cora	ADV
ora-sira	ADV
ora/l	VERB
ora/la	VERB
ora/lan	VERB
ora/lan\tir	VERB
ora/lat	VERB
ora/liş	VERB
ora/ltir	VERB
ora/ma	VERB
ora/mala	VERB
ora/n	VERB
ora/ntir	VERB
ora/t	VERB
ora/ttir	VERB
ora/ttir\il	VERB
oral	NOUN,VERB
orala	VERB
oralik	NOUN
oraliq	NOUN
oram	NOUN
orama	ADJ,NOUN
oramas	NOUN
oramurod	NOUN
oran	NOUN,VERB
orangutang	NOUN
oranjereya	NOUN
orasi	X
orasida	AUX
orasta	NOUN,VERB
orastala	VERB
orastalik	NOUN
orat	VERB
orativ	NOUN
orator	NOUN
oratoriya	NOUN
oratorlik	NOUN
oraz	NOUN
orazali	NOUN
orazbek	NOUN
orazbibi	NOUN
orazgul	NOUN
orazjahon	NOUN
orazmamat	NOUN
orazmat	NOUN
orazmirza	NOUN
orazmuhammad	NOUN
orazmurod	NOUN
oraznazar	NOUN
orazqilic	NOUN
orazsaid	NOUN
orazsulton	NOUN
oraztoj	NOUN
orazxoja	NOUN
oraş	VERB
orbek	NOUN
orbita	NOUN
orbital	NOUN
orbovic	NOUN
orboy	NOUN
orda	NOUN
ordaboy	NOUN
ordak	NOUN
ordalik	NOUN
orden	NOUN
order	NOUN
ordinata	NOUN
ordinator	NOUN
ordinatura	NOUN
ordir	VERB
ordona	NOUN
ordu	NOUN
ordugoh	NOUN
ordurdu	NOUN
ordurdugoh	NOUN
orduspor	NOUN
oregon	NOUN
orenburg	NOUN
oreskovic	NOUN
oresku	NOUN
orfoepiya	NOUN
orfografiya	NOUN
org	NOUN
orgamci	NOUN
orgamcik	NOUN
organ	NOUN,VERB
organil	VERB
organist	NOUN
organizm	NOUN
organiş	VERB
orgat	NOUN,VERB
orgatil	VERB
orgatiş	VERB
orgattir	VERB
orgatuvci	NOUN
orgil	VERB
orgimcak	NOUN
orgimcakkana	NOUN
orhan	NOUN
orhun	NOUN
oric	NOUN
orif	NOUN
orifa	NOUN
orifiddin	NOUN
orifjon	NOUN
oriflik	NOUN
orifulla	NOUN
original	NOUN
orii	NOUN
oriits	NOUN
orik	NOUN
orikfuruş	NOUN
orikzor	NOUN
oril	VERB
orilla	VERB
orim	NOUN
orin	ADJ,NOUN,VERB
orin/la	VERB
orin/lat	VERB
orin/lat\tir	VERB
orin/laş	VERB
orin/laş\tir	VERB
orinbadal	NOUN
orinbibi	NOUN
orinbosar	NOUN
orinbosarlik	NOUN
orinbuvi	NOUN
orinca	NOUN
orindiq	NOUN
orindoş	ADJ,NOUN
orindoşlik	NOUN
oringul	NOUN
orinjon	NOUN
orinla	VERB
orinli	NOUN
orinlilik	NOUN
orinmurod	NOUN
orinniyoz	NOUN
orinoy	NOUN
orinpoşşa	NOUN
orinqozi	NOUN
orinqul	NOUN
orinsiz	ADJ,NOUN
orinsizlik	NOUN
orintoş	NOUN
orinxoja	NOUN
orinxol	NOUN
orinxon	NOUN
oriq	NOUN,VERB
oriq/la	VERB
oriq/lan	VERB
oriq/lat	VERB
oriq/laş	VERB
oriqla	VERB
oriqlik	NOUN
oris	NOUN
orisqişloq	NOUN
oritaroq	NOUN
oriy	NOUN
oriyat	ADJ,NOUN
oriyatci	NOUN
oriyatli	ADJ
oriyatnişin	NOUN
oriyatnişits	NOUN
oriyatsiz	NOUN
oriyatsizlik	NOUN
oriyentatsiya	NOUN
oriyentir	NOUN,VERB
oriyentirla	VERB
oriş	NOUN,VERB
orjitsa	NOUN
orkac	NOUN,VERB
orkaclan	VERB
orkestr	NOUN
orkestrant	NOUN
orkestrovka	NOUN
orkinboy	NOUN
orla	VERB
orlan	VERB
orlaş	VERB
orlic	NOUN
orlik	NOUN
orlov	NOUN
orlova	NOUN
orlovic	NOUN
orma	NOUN
ormak	NOUN,VERB
ormakla	VERB
ormala	VERB
ormalan	VERB
ormalat	VERB
ormalaş	VERB
ormalo	NOUN
ormalovci	NOUN
ormon	NOUN
ormonali	NOUN
ormonbek	NOUN
ormonci	NOUN
ormoncilik	NOUN
ormonlik	NOUN
ormonoy	NOUN
ormonqul	NOUN
ormonzor	NOUN
ormonşo	NOUN
ormonşunos	NOUN
ormonşunoslik	NOUN
ormoq	NOUN
orn	VERB
orn/a	VERB
orn/at	VERB
orn/at\iş	VERB
orn/at\tir	VERB
orn/aş	VERB
orn/aştir\il	VERB
orna	NOUN,VERB
ornak	NOUN
ornament	NOUN
orne	NOUN
orni	NOUN
ornitologiya	NOUN
oro	NOUN
orog	NOUN
oroglik	NOUN
orogliq	NOUN
orol	NOUN
orolboy	NOUN
oroltoş	NOUN
orom	ADJ,NOUN
orombaxş	ADJ
oromgoh	NOUN
oromijon	NOUN
oromkursi	NOUN
oromsiz	NOUN
oromsizlik	NOUN
oromujonim	NOUN
oromxol	NOUN
oroq	NOUN
oroqali	NOUN
oroqci	NOUN
oroqcilik	NOUN
oroqli	NOUN
orov	NOUN
oroz	NOUN
orozali	NOUN
orozbadal	NOUN
orozbakov	NOUN
orozbek	NOUN
orozbeka	NOUN
orozberdi	NOUN
orozbibi	NOUN
orozbika	NOUN
orozbonu	NOUN
orozboq	NOUN
orozboqdi	NOUN
orozboy	NOUN
orozbuv	NOUN
orozbuviş	NOUN
orozgozal	NOUN
orozgul	NOUN
oroziddin	NOUN
orozjahon	NOUN
orozjon	NOUN
orozkeldi	NOUN
orozmamat	NOUN
orozmat	NOUN
orozmirza	NOUN
orozmuhammad	NOUN
orozmurod	NOUN
oroznafas	NOUN
oroznazar	NOUN
orozniyoz	NOUN
orozoq	NOUN
orozov	NOUN
orozqilic	NOUN
orozqul	NOUN
orozsaid	NOUN
orozsulton	NOUN
oroztemir	NOUN
oroztoj	NOUN
oroztoy	NOUN
orozxoja	NOUN
orozxol	NOUN
orozxon	NOUN
orp	NOUN
orqa	NOUN
orqaboy	NOUN
orqadoş	NOUN
orqali	AUX
orqama-ketin	ADV
orqama-orqa	ADV
orqasida	AUX
orqavoratdan	ADV
orqo	NOUN
orqodoş	NOUN
orsiz	NOUN
orsizlik	NOUN
ort	NOUN,VERB
ort//moq	VERB
ort//moqla	VERB
ort/tir	VERB
ort/tiril	VERB
orta	ADJ,NOUN,VERB
orta/n	VERB
orta/ntir	VERB
ortaasr	NOUN
ortaasrci	NOUN
ortaasrcilik	NOUN
ortabel	NOUN
ortacol	NOUN
ortada	ADV
ortadan	ADV
ortaga	ADV
ortakaş	NOUN
ortakoy	NOUN
ortalan	NOUN
ortalik	NOUN
ortan	VERB
ortanca	ADJ
ortapişar	NOUN
ortasi	X
ortasida	AUX
ortayop	NOUN
ortaşix	NOUN
ortik	NOUN
ortiklik	NOUN
ortil	VERB
ortiq	ADJ,ADV,NOUN
ortiqali	NOUN
ortiqbeka	NOUN
ortiqbibi	NOUN
ortiqbuviş	NOUN
ortiqca	ADJ,NOUN
ortiqcalik	NOUN
ortiqgozal	NOUN
ortiqgul	NOUN
ortiqjamol	NOUN
ortiqlik	NOUN
ortiqmamat	NOUN
ortiqmat	NOUN
ortiqmirza	NOUN
ortiqmurod	NOUN
ortiqnazar	NOUN
ortiqniyoz	NOUN
ortiqnur	NOUN
ortiqoroz	NOUN
ortiqqilic	NOUN
ortiqqul	NOUN
ortiqqurbon	NOUN
ortiqtan	NOUN
ortiqtoj	NOUN
ortiqtoş	NOUN
ortiqvali	NOUN
ortiqxoja	NOUN
ortiqxol	NOUN
ortiş	VERB
ortmacoq	VERB
ortmacoqla	VERB
ortodontiya	NOUN
ortogonal	VERB
ortogonallaştir	VERB
ortopedlya	NOUN
ortoq	NOUN,VERB
ortoqcilik	NOUN
ortoqlaş	VERB
ortoqlik	NOUN
ortqi	NOUN
orttir	VERB
orucevic	NOUN
orus	NOUN
oruzbayev	NOUN
oruzbayeva	NOUN
orxan	NOUN
orxaniya	NOUN
orxon	NOUN
orzi	NOUN
orzibek	NOUN
orzibibi	NOUN
orzibonu	NOUN
orzibuvi	NOUN
orzigul	NOUN
orzijon	NOUN
orzilik	NOUN
orzimamat	NOUN
orzimboy	NOUN
orzimuhammad	NOUN
orziniso	NOUN
orzioy	NOUN
orzipoşşa	NOUN
orziq	VERB
orziqiz	NOUN
orziqtir	VERB
orziqul	NOUN
orzixol	NOUN
orziya	NOUN
orzu	ADJ,NOUN
orzu-armon	NOUN
orzu-havas	NOUN
orzu-istak	NOUN
orzu-umid	NOUN
orzu-xayol	NOUN
orzumand	ADJ,NOUN
orzumanda	NOUN
orzumandlik	NOUN
orzumurod	NOUN
orzuniso	NOUN
orzuqul	NOUN
os	ADJ,NOUN,VERB
os/tir	VERB
os/tirgiz	VERB
os/tiril	VERB
osaf	NOUN
osaka	NOUN
osal	NOUN,VERB
osallan	VERB
osallaş	VERB
osallik	NOUN
osan	NOUN
osanjon	NOUN
osar	NOUN
osarali	NOUN
osarqul	NOUN
osartoy	NOUN
osasuna	NOUN
osaulenko	NOUN
oscar	NOUN
oscarson	NOUN
osce	NOUN
osetin	NOUN
osetiya	NOUN
osetya	NOUN
osib-un	VERB
osida	NOUN
osif	NOUN
osig	NOUN
osigliq	NOUN
osijek	NOUN
osil	VERB
osim	NOUN
osima	NOUN
osimlik	NOUN
osimlikşunos	NOUN
osimlikşunoslik	NOUN
osimta	NOUN
osipenko	NOUN
osipov	NOUN
osipova	NOUN
osiq	NOUN
osiqik	NOUN
osiy	NOUN
osiylik	NOUN
osiyo	NOUN
osiyolik	NOUN
osiyoxon	NOUN
oskan	NOUN
oskemen	NOUN
oskin	NOUN
oskinali	NOUN
oskolka	NOUN
oslo	NOUN
osma	ADJ,NOUN
osman	NOUN
osmanov	NOUN
osmanova	NOUN
osmaxon	NOUN
osmir	NOUN
osmirlik	NOUN
osmon	ADJ,NOUN
osmonali	NOUN
osmonjon	NOUN
osmonli	ADJ
osmonopar	ADJ
osmontaroş	NOUN
osmontoş	NOUN
osmoq	VERB
osmoqcila	VERB
osmoqla	VERB
osogovskiy	NOUN
oson	ADJ,ADV,NOUN,VERB
osonlaş	VERB
osonlik	ADV,NOUN
osonlikca	ADV
osor	NOUN
osoyişta	ADJ,NOUN
osoyiştalik	NOUN
ospirin	NOUN
ospirinlik	NOUN
ossin	NOUN
ossinboy	NOUN
ossuariy	NOUN
ost	ADJ,NOUN
ostadon	NOUN
ostanovka	NOUN
ostapenko	NOUN
ostaşcenko	NOUN
ostemir	NOUN
osteo	NOUN
osteologiya	NOUN
osteoma	NOUN
osteomalyasiya	NOUN
osteomiyelit	NOUN
osteoxondroz	NOUN
oster	NOUN
osti	X
ostida	AUX
ostin-ustin	ADJ
ostir	VERB
ostita	NOUN
ostki	ADJ,NOUN
ostlik	NOUN
ostojic	NOUN
oston	NOUN
ostona	NOUN
ostonaqul	NOUN
ostonaxon	NOUN
ostonberdi	NOUN
ostova	NOUN
ostrikov	NOUN
ostrikova	NOUN
ostrog	NOUN
ostroumov	NOUN
ostroumova	NOUN
ostrov	NOUN
ostrova	NOUN
ostrovskaya	NOUN
ostrovskiy	NOUN
osuda	ADJ,NOUN,VERB
osudalan	VERB
osudalaş	VERB
osudalik	NOUN
osuv	NOUN
osuvcan	ADJ,NOUN
osuvcanlik	NOUN
osyotr	NOUN
ot	ADJ,NOUN,VERB
ot-arava	NOUN
ot-olan	NOUN
ot-olov	NOUN
ot/a	VERB
ot/at	VERB
ot/at\tir	VERB
ot/kar	VERB
ot/karil	VERB
ot/kaz	VERB
ot/kazdir	VERB
ot/kazil	VERB
ot/kaziş	VERB
ot/kir	VERB
ot/kirla	VERB
ot/kirla\n	VERB
ot/kirla\t	VERB
ot/kirla\ş	VERB
ot/kirla\ş\tir	VERB
ot/kiz	VERB
ot/kizil	VERB
ot/kiziş	VERB
ot/la	VERB
ot/lan	VERB
ot/lan\tir	VERB
ot/lat	VERB
ot/lat\il	VERB
ot/lat\tir	VERB
ot/laş	VERB
ot/mas	VERB
ot/masla\n	VERB
ot/qaz	VERB
ot/qaziş	VERB
ot/tir	VERB
ot/tiril	VERB
ota	ADV,NOUN,VERB
ota-bobo	NOUN
ota-buva	NOUN
ota-ona	NOUN
otab	NOUN
otabali	NOUN
otabbeka	NOUN
otabbergan	NOUN
otabek	NOUN
otaberdi	NOUN
otabergan	NOUN
otabezori	ADJ,NOUN
otaboy	NOUN
otacba	NOUN
otaci	NOUN
otaga	NOUN
otagan	NOUN
otagul	NOUN
otahoji	NOUN
otajon	NOUN
otaka	NOUN
otakeldi	NOUN
otal	NOUN,VERB
otalarca	ADV
otalik	NOUN
otalsin	NOUN
otam	NOUN
otamamat	NOUN
otamat	NOUN
otamboy	NOUN
otamirza	NOUN
otamiş	NOUN
otamuhammad	NOUN
otamurod	NOUN
otan	NOUN
otanali	NOUN
otanazar	NOUN
otaniyoz	NOUN
otanpolat	NOUN
otantoy	NOUN
otaq	NOUN
otaqozi	NOUN
otaqul	NOUN
otaqurbon	NOUN
otar	NOUN
otarboy	NOUN
otarci	NOUN
otarcilik	NOUN
otarkoy	NOUN
otasaid	NOUN
otasiddiq	NOUN
otatilov	NOUN
otaturdi	NOUN
otaturk	NOUN
otaturkcilik	NOUN
otaulla	NOUN
otavakil	NOUN
otavali	NOUN
otaxoja	NOUN
otaxol	NOUN
otaxon	NOUN
otayaxşi	NOUN
otayor	NOUN
otaş	ADJ,NOUN,VERB
otaşali	NOUN
otaşarava	NOUN
otaşbibi	NOUN
otaşbuvi	NOUN
otaşdon	NOUN
otaşgoh	NOUN
otaşkurak	NOUN
otaşmirza	NOUN
otaşnafas	ADJ
otaşparast	ADJ,NOUN
otaşparastlik	NOUN
otaşqora	NOUN
otaşxona	NOUN
otboqar	NOUN
otboqarlik	NOUN
otbor	NOUN
otbos	NOUN
otbosar	NOUN
otcaxon	NOUN
otcet	NOUN
otcopar	NOUN
otdeleniye	NOUN
otdoş	NOUN
otel	NOUN
otgac	NOUN
otigozal	NOUN
otika	NOUN
otikaxon	NOUN
otil	VERB
otim	NOUN
otimaxon	NOUN
otimli	ADJ
otin	NOUN,VERB
otinbu	NOUN
otinc	NOUN
otinca	NOUN
otincaxon	NOUN
otinci	NOUN
otincilik	NOUN
otiniya	NOUN
otinkaş	NOUN
otinkaşlik	NOUN
otinqira	VERB
otinxona	NOUN
otir	ADJ,NOUN,VERB
otira	NOUN
otiraver	VERB
otirgic	NOUN
otirgiz	VERB
otirik	NOUN
otirikci	NOUN
otiril	VERB
otirindi	NOUN
otiriş	VERB
otirişli	ADJ
otirtir	VERB
otis	NOUN
otit	NOUN
otiz	NOUN
otiş	NOUN,VERB
otişirin	NOUN
otişma	NOUN
otişuv	NOUN
otkar	VERB
otkaz	NOUN,VERB
otkazgic	NOUN
otkazuv	NOUN
otkazuvcan	NOUN
otkazuvcanlik	NOUN
otkinci	ADJ,NOUN
otkir	ADJ,NOUN
otkira	NOUN
otkirlik	NOUN
otkiroy	NOUN
otkirroq	ADJ
otkirxon	NOUN
otkiz	VERB
otkritaya	NOUN
otkritka	NOUN
otla	VERB
otli	NOUN
otlik	NOUN
otlimirza	NOUN
otliq	NOUN
otloq	NOUN
otmas	ADJ
otmaslik	NOUN
otmiş	NOUN
otmişdoş	NOUN
otnon	NOUN
oto	NOUN
otofon	NOUN
otogasi	NOUN
otol	VERB
otomoc	NOUN
otoq	NOUN
otoqci	NOUN
otorbayev	NOUN
otorbayeva	NOUN
otorinolaringolog	NOUN
otorinolaringologiya	NOUN
otov	NOUN
otparast	NOUN
otparastlik	NOUN
otpuska	NOUN
otqamar	NOUN
otqila	VERB
otqin	NOUN
otqindi	NOUN
otqiz	VERB
otquduq	NOUN
otquloq	NOUN
otroq	NOUN,VERB
otroqlaş	VERB
otroqlik	NOUN
otrov	NOUN
otryad	NOUN
otsiz	NOUN
otsocar	NOUN
ottava	NOUN
ottenka	NOUN
ottisk	NOUN
ottiz	NUM
ottizda	NUM
ottizdaman	NUM
ottizdan	NUM
ottizga	NUM
ottizinci	NUM
ottizlab	NUM
ottizlamci	NUM
ottizlarca	NUM
ottizni	NUM
ottizning	NUM
ottizta	NUM
ottiztaca	NUM
ottiztadan	NUM
otto	NOUN
otturva	NOUN
otuv	NOUN
otuvci	NOUN
otuvcilik	NOUN
otuz	NOUN
otxona	NOUN
otxor	NOUN
otxorlik	NOUN
otzor	NOUN
otzorlik	NOUN
ov	NOUN,VERB
ov/la	VERB
ov/lan	VERB
ov/lat	VERB
ov/laş	VERB
oval	ADJ,NOUN
ovcarov	NOUN
ovcarova	NOUN
ovci	NOUN
ovciboy	NOUN
ovcilik	NOUN
ovga	NOUN
ovla	VERB
ovlo	NOUN
ovloq	NOUN
ovlovci	NOUN
ovoqta	NOUN
ovora	NOUN
ovoragar	NOUN
ovoragarcilik	NOUN
ovoralik	NOUN
ovoskop	NOUN
ovov	VERB
ovovla	VERB
ovoz	ADJ,NOUN
ovoza	NOUN
ovozkucaytirgic	NOUN
ovozlik	NOUN
ovqat	NOUN,VERB
ovqat/lan	VERB
ovqat/lantir	VERB
ovqatlan	VERB
ovqatlik	NOUN
ovqatxona	NOUN
ovruc	NOUN
ovsar	NOUN,VERB
ovsarlan	VERB
ovsarlik	NOUN
ovsin	NOUN
ovul	NOUN
ovulboy	NOUN
ovuldoş	NOUN
ovulmirza	NOUN
ovun	NOUN,VERB
ovun/tir	VERB
ovun/tiril	VERB
ovunboy	NOUN
ovunc	NOUN
ovunci	NOUN
ovuncoq	NOUN
ovuniş	VERB
ovuntir	VERB
ovut	VERB
ovutil	VERB
ovuttir	VERB
ovuş	VERB
ovşar	NOUN
ovşarboy	NOUN
ovşunos	NOUN
ovşunoslik	NOUN
owens	NOUN
ox	NOUN
oxci	NOUN
oxciq	NOUN
oxcit	NOUN
oxir	VERB
oxir-oqibat	ADV
oxirat	NOUN
oxiri	ADV
oxirida	ADV
oxirla	VERB
oxirlaş	VERB
oxirzamon	NOUN
oxsid	NOUN
oxun	NOUN
oxunberdi	NOUN
oxund	NOUN
oxundada	NOUN
oxunmirza	NOUN
oxuntoy	NOUN
oxur	NOUN
oxurcop	NOUN
oxurcup	NOUN
oxşa	NOUN
oxşab	AUX
oxşaş	NOUN
oxşaşlik	NOUN
oxşo	ADJ
oxşov	ADJ
oy	ADJ,ADV,INTJ,NOUN,VERB
oy/dir	VERB
oy/dirtir	VERB
oy/il	VERB
oy/iltir	VERB
oy/la	VERB
oy/lam\sira	VERB
oy/lan	VERB
oy/lan\qira	VERB
oy/lan\tir	VERB
oy/lat	VERB
oy/lat\tir	VERB
oy/laş	VERB
oy/ma	VERB
oy/mala	VERB
oy/mala\n	VERB
oy/mala\t	VERB
oy/mala\t\tir	VERB
oyali	NOUN
oyat	NOUN
oyatulloh	NOUN
oyatxon	NOUN
oyazim	NOUN
oyazimxon	NOUN
oyazm	NOUN
oyba	NOUN
oybadan	NOUN
oybahor	NOUN
oybaland	NOUN
oybaldoq	NOUN
oybali	NOUN
oybanot	NOUN
oybarcin	NOUN
oybarno	NOUN
oybas	NOUN
oybaxti	NOUN
oybegim	NOUN
oybek	NOUN
oybeka	NOUN
oybibi	NOUN
oybika	NOUN
oybobak	NOUN
oybodoq	NOUN
oybogda	NOUN
oybol	NOUN
oybola	NOUN
oybolak	NOUN
oybolar	NOUN
oyboldoq	NOUN
oybolqi	NOUN
oybolsin	NOUN
oybolta	NOUN
oybon	NOUN
oybonu	NOUN
oyboqar	NOUN
oyboqdi	NOUN
oyboqsin	NOUN
oybori	NOUN
oybos	NOUN
oyboston	NOUN
oyboy	NOUN
oybozor	NOUN
oyboş	NOUN
oybuvi	NOUN
oybuviş	NOUN
oyca	NOUN
oycaman	NOUN
oycan	ADJ,NOUN
oycanlik	NOUN
oycecak	NOUN
oycehra	NOUN
oycevar	NOUN
oyci	NOUN
oycilik	NOUN
oycilla	NOUN
oycin	NOUN
oyciroq	NOUN
oycolpon	NOUN
oyda-yilda	ADV
oydagul	NOUN
oydak	NOUN
oydan	NOUN
oydanic	NOUN
oydavlat	NOUN
oyday	ADJ,NOUN
oydek	ADV
oydim-cuqur	ADJ
oydin	ADJ,NOUN,VERB
oydin/laş	VERB
oydin/laştir	VERB
oydin/laştir\il	VERB
oydina	NOUN
oydinbuloq	NOUN
oydinkol	NOUN
oydinlaş	VERB
oydinlik	NOUN
oydinobod	NOUN
oydinoy	NOUN
oydir	VERB
oydogdi	NOUN
oydon	NOUN
oydono	NOUN
oydost	NOUN
oygilos	NOUN
oygozal	NOUN
oygul	NOUN
oygulbonu	NOUN
oyguli	NOUN
oyhalima	NOUN
oyi	NOUN
oyib-opir	VERB
oyijon	NOUN
oyil	VERB
oyim	NOUN
oyimbasar	NOUN
oyimbeka	NOUN
oyimbibi	NOUN
oyimbonu	NOUN
oyimbu	NOUN
oyimbuvi	NOUN
oyimca	NOUN
oyimcaxon	NOUN
oyimdono	NOUN
oyimgul	NOUN
oyimjon	NOUN
oyimniso	NOUN
oyimpoşşa	NOUN
oyimqiz	NOUN
oyimqovoq	NOUN
oyimsoat	NOUN
oyimsora	NOUN
oyimsuluv	NOUN
oyimsupurgi	NOUN
oyimtilla	NOUN
oyimtoji	NOUN
oyimxol	NOUN
oyimxon	NOUN
oyin	NOUN
oyina	NOUN
oyinboz	NOUN
oyinbozlik	NOUN
oyinci	NOUN
oyincilik	NOUN
oyinciq	NOUN
oyincoq	NOUN
oyinqaroq	NOUN
oyinqaroqlik	NOUN
oyinqaroqpik	NOUN
oyinxona	NOUN
oyjahon	NOUN
oyjamol	NOUN
oyjariq	NOUN
oyjiga	NOUN
oyjon	NOUN
oyjora	NOUN
oyjuma	NOUN
oykaram	NOUN
oykorgan	NOUN
oykulca	NOUN
oykumuş	NOUN
oykun	NOUN
oyla	VERB
oylab	ADV
oylab-yillab	ADV
oylamasdan	ADV
oylar	NOUN
oylarbas	NOUN
oylarbuvi	NOUN
oylarbuviş	NOUN
oylargul	NOUN
oylarxon	NOUN
oyli	NOUN
oylik	NOUN
oyliniso	NOUN
oylisora	NOUN
oylola	NOUN
oylonda	NOUN
oyma	NOUN
oymaca	NOUN
oymahal	NOUN
oymahkam	NOUN
oymakor	NOUN
oymakorlik	NOUN
oymalak	NOUN
oymamat	NOUN
oyman	NOUN
oymanglay	NOUN
oymaral	NOUN
oymardon	NOUN
oymat	NOUN
oymaxol	NOUN
oymeli	NOUN
oymengli	NOUN
oymirza	NOUN
oymoma	NOUN
oymomo	NOUN
oymon	NOUN
oymonjon	NOUN
oymoq	NOUN
oymos	NOUN
oymovut	NOUN
oymuhammad	NOUN
oymulla	NOUN
oymurod	NOUN
oyn	ADJ,NOUN,VERB
oyn/a	VERB
oyn/ab-kul	VERB
oyn/ab-os	VERB
oyn/al	VERB
oyn/at	VERB
oyn/at\il	VERB
oyn/at\iş	VERB
oyn/at\tir	VERB
oyn/aş	VERB
oyn/o	VERB
oyn/oq\la	VERB
oyn/oq\la\n	VERB
oyn/oq\la\t	VERB
oyn/oq\la\ş	VERB
oyna	NOUN,VERB
oynaband	NOUN
oynabek	NOUN
oynabod	NOUN
oynabot	NOUN
oynaboy	NOUN
oynaci	NOUN
oynagozal	NOUN
oynagul	NOUN
oynajamol	NOUN
oynak	NOUN
oynakor	NOUN
oynaksoz	NOUN
oynalat	VERB
oynamoz	NOUN
oynaqul	NOUN
oynasoz	NOUN
oynatoj	NOUN
oynatoş	NOUN
oynavon	NOUN
oynaxol	NOUN
oynaxon	NOUN
oynazar	NOUN
oynaş	NOUN
oynaşlik	NOUN
oyniso	NOUN
oyniyoz	NOUN
oynişon	NOUN
oyno	ADJ,NOUN
oynoma	NOUN
oynoqi	ADJ,NOUN
oynoqilik	NOUN
oynor	NOUN
oynovvot	NOUN
oynoz	NOUN
oynuqra	NOUN
oynur	NOUN
oynura	NOUN
oyogil	NOUN
oyoq	NOUN,VERB
oyoq/lan	VERB
oyoq/lantir	VERB
oyoq/siz	VERB
oyoq/sizlan	VERB
oyoqbog	NOUN
oyoqci	NOUN
oyoqdorman	NOUN
oyoqla	VERB
oyoqlan	VERB
oyoqlat	VERB
oyoqlaş	VERB
oyoqqişloq	NOUN
oyoqquduq	NOUN
oyparca	NOUN
oyparda	NOUN
oypari	NOUN
oypaxta	NOUN
oypolat	NOUN
oypora	NOUN
oypoşşa	NOUN
oyqamar	NOUN
oyqan	NOUN
oyqand	NOUN
oyqin	NOUN
oyqiz	NOUN
oyqor	NOUN
oyqora	NOUN
oyqozi	NOUN
oyqoş	NOUN
oyqoşoq	NOUN
oyquloq	NOUN
oyrajab	NOUN
oyravşan	NOUN
oyroba	NOUN
oyrog	NOUN
oyrohat	NOUN
oyrotka	NOUN
oyrozi	NOUN
oyrusta	NOUN
oyruxsor	NOUN
oysabo	NOUN
oysaboh	NOUN
oysada	NOUN
oysadaf	NOUN
oysafar	NOUN
oysalom	NOUN
oysan	NOUN
oysanam	NOUN
oysar	NOUN
oysara	NOUN
oysari	NOUN
oysarvi	NOUN
oysifat	NOUN
oysihat	NOUN
oysimon	ADJ,ADV,NOUN
oysiymo	NOUN
oysiyna	NOUN
oysoat	NOUN
oysohat	NOUN
oysona	NOUN
oysora	NOUN
oysulgun	NOUN
oysulton	NOUN
oysuluv	NOUN
oysurat	NOUN
oytamgali	NOUN
oytan	NOUN
oytegin	NOUN
oytemir	NOUN
oytilla	NOUN
oytogon	NOUN
oytoj	NOUN
oytoji	NOUN
oytol	NOUN
oytola	NOUN
oytoldi	NOUN
oytolgon	NOUN
oytoli	NOUN
oytolin	NOUN
oytoliq	NOUN
oytolqin	NOUN
oytoqa	NOUN
oytora	NOUN
oytoti	NOUN
oytovus	NOUN
oytoxta	NOUN
oytoza	NOUN
oytoş	NOUN
oytug	NOUN
oytugan	NOUN
oytugar	NOUN
oytugdi	NOUN
oytugon	NOUN
oytuman	NOUN
oytuqqan	NOUN
oyturdi	NOUN
oytursin	NOUN
oytuv	NOUN
oytuvar	NOUN
oytuvgon	NOUN
oytuvoq	NOUN
oytuyma	NOUN
oyulug	NOUN
oyuvci	NOUN
oyxoja	NOUN
oyxol	NOUN
oyxoljon	NOUN
oyxon	NOUN
oyxonca	NOUN
oyxonim	NOUN
oyxumor	NOUN
oyyaxşi	NOUN
oyyigit	NOUN
oyyorqin	NOUN
oyyorug	NOUN
oyyulduz	NOUN
oyzamon	NOUN
oyzebo	NOUN
oyzifa	NOUN
oyzilol	NOUN
oyzira	NOUN
oyzirak	NOUN
oyziyod	NOUN
oyziyrak	NOUN
oyzod	NOUN
oyzoda	NOUN
oyzot	NOUN
oyzuhra	NOUN
oyşa	NOUN
oyşabeka	NOUN
oyşabibi	NOUN
oyşabika	NOUN
oyşabodom	NOUN
oyşagul	NOUN
oyşahar	NOUN
oyşakar	NOUN
oyşamalak	NOUN
oyşan	NOUN
oyşaraf	NOUN
oyşirin	NOUN
oyşoh	NOUN
oyşuhrat	NOUN
oyşula	NOUN
oz	ADJ,ADV,NOUN,PRON,VERB
oz-moz	ADV
oz-oz	ADV
oz-ozidan	ADV,PRT
oz/ak	VERB
oz/akla	VERB
oz/aklan	VERB
oz/ay	VERB
oz/ayt	VERB
oz/aytir	VERB
oz/aytir\il	VERB
oz/dir	VERB
oz/diril	VERB
oz/dirtir	VERB
oz/ga	VERB
oz/gar	VERB
oz/gar\il	VERB
oz/gar\iş	VERB
oz/gar\t	VERB
oz/gar\t\iş	VERB
oz/gar\tir	VERB
oz/gar\tir\il	VERB
oz/gar\tir\iş	VERB
oz/gin	VERB
oz/ginlan	VERB
oz/iş	VERB
oz/iştir	VERB
oz/laş	VERB
oz/laştir	VERB
oz/laştir\il	VERB
ozagon	NOUN
ozagonlik	NOUN
ozak	NOUN
ozakdoş	NOUN
ozan	NOUN
ozanboy	NOUN
ozar	NOUN
ozara	NOUN
ozarafroz	NOUN
ozarbayjon	NOUN
ozarbayjonlik	NOUN
ozarbayjonliklar	NOUN
ozardod	NOUN
ozargul	NOUN
ozari	NOUN
ozariş	NOUN
ozarmehr	NOUN
ozarmin	NOUN
ozarmomo	NOUN
ozaro	ADJ,ADV
ozaryor	NOUN
ozay	VERB
ozbak	NOUN
ozbek	ADJ,ADV,NOUN
ozbek/ca	VERB
ozbek/cala	VERB
ozbek/calaş\tir	VERB
ozbekberdi	NOUN
ozbekbibi	NOUN
ozbekca	ADJ,ADV
ozbekcasiga	ADV
ozbekcilik	NOUN
ozbekistan	NOUN
ozbekiston	NOUN
ozbeklar	NOUN
ozbeklik	NOUN
ozbekoy	NOUN
ozbekoyim	NOUN
ozbekyop	NOUN
ozbgkiston	NOUN
ozbilarmon	ADJ,NOUN
ozbilarmonlik	NOUN
ozboy	NOUN
ozboşimca	ADJ,NOUN
ozboşimcalik	NOUN
ozcilik	NOUN
ozdir	VERB
ozegovic	NOUN
ozenbaş	NOUN
ozenbaşli	NOUN
ozerne	NOUN
ozga	AUX,NOUN
ozgaca	ADV
ozgalik	NOUN
ozganmirza	NOUN
ozgar	NOUN
ozgarmaslik	NOUN
ozgarmiş	NOUN
ozgartiruvci	NOUN
ozgaruv	NOUN
ozgaruvcan	NOUN
ozgaruvcanlik	NOUN
ozgaruvci	NOUN
ozgin	ADJ,NOUN
ozginlik	NOUN
ozgir	NOUN,VERB
ozgurluk	NOUN
ozi	ADV,NOUN,PRON
ozib-yozib	ADV
ozibolar	NOUN
ozibolarcilik	NOUN
oziboy	NOUN
ozica	ADV
ozidan-ozi	ADV
ozil	NOUN
ozilhan	NOUN
ozim	PRON
ozimiz	ADV,PRON
ozimizca	ADV
ozing	PRON
ozingiz	PRON
oziq	NOUN,VERB
oziq-ovqat	NOUN
oziq/lan	VERB
oziq/lantir	VERB
oziqa	NOUN
oziqlan	NOUN,VERB
oziqlantir	NOUN
oziqlantiruvci	NOUN
oziqlik	NOUN
oziyurar	NOUN
oziş	NOUN,VERB
ozişuv	NOUN
ozjon	NOUN
ozlari	PRON
ozlaş	VERB
ozlaştir	NOUN
ozlaştirim	NOUN
ozlaştirma	NOUN
ozlaştirmovci	NOUN
ozlik	NOUN
ozmi-kopmi	ADV
ozmunca	ADV
ozod	ADJ,NOUN
ozoda	ADJ,NOUN
ozoda/la	VERB
ozoda/laş	VERB
ozodagar	NOUN
ozodagarcilik	NOUN
ozodagul	NOUN
ozodali	NOUN
ozodalik	NOUN
ozodbaxt	NOUN
ozodbaxş	NOUN
ozodbek	NOUN
ozodbu	NOUN
ozodbuvi	NOUN
ozodgul	NOUN
ozodkeldi	NOUN
ozodlik	NOUN
ozodmurod	NOUN
ozodqul	NOUN
ozokerit	NOUN
ozon	NOUN
ozon/la	VERB
ozon/laş\tir	VERB
ozonosfera	NOUN
ozor	ADJ,NOUN,VERB
ozor/la	VERB
ozor/lan\tir	VERB
ozori	NOUN
ozorijon	NOUN
ozorlan	VERB
ozorlik	NOUN
ozr	NOUN
ozsin	VERB
oztemir	NOUN
ozturk	NOUN
ozuqa	NOUN
ozurda	NOUN
oş	ADJ,NOUN,VERB
oş-non	NOUN
oş-qatiq	NOUN
oş-suv	NOUN
oş/a	VERB
oş/at	VERB
oş/attir	VERB
oş/aş	VERB
oş/ir	VERB
oş/irib-toş	VERB
oş/irib-toşir	VERB
oş/irol	VERB
oş/lat	VERB
oş/lattir	VERB
oşa	ADV,AUX,NOUN,PRON,VERB
oşa-oşa	ADV
oşal	PRON
oşala	VERB
oşam	NOUN
oşanaqa	PRON
oşanaqangi	PRON
oşanca	ADV,NOUN,PRON
oşancalik	ADV,NOUN,PRON
oşanda	PRON
oşandan	PRON
oşandaqa	PRON
oşanday	ADV,PRON
oşandayica	PRON
oşandayin	PRON
oşandayligica	ADV
oşanga	PRON
oşat	NOUN,VERB
oşatiş	VERB
oşaver	VERB
oşdamgir	NOUN
oşen	NOUN
oşena	NOUN
oşfta	NOUN
oşi	NOUN
oşib-toş	VERB
oşifta	NOUN
oşiftahol	NOUN
oşiftalik	NOUN
oşigic	NOUN
oşiq	ADJ,ADV,NOUN,VERB
oşiq-maşuq	NOUN
oşiqali	NOUN
oşiqca	NOUN
oşiqcalik	NOUN
oşiqin	VERB
oşiqlik	NOUN
oşiqmirza	NOUN
oşiqmuhammad	NOUN
oşiqmurod	NOUN
oşiqnamo	ADJ
oşiqolloh	NOUN
oşiqona	ADV
oşiqqul	NOUN
oşiqtir	VERB
oşiqulla	NOUN
oşir	NOUN,VERB
oşiraver	VERB
oşiric	NOUN
oşkadi	NOUN
oşkok	NOUN
oşkor	ADJ,NOUN
oşkora	NOUN
oşkoralik	NOUN
oşla	VERB
oşlan	VERB
oşlat	VERB
oşlaş	VERB
oşli	ADJ
oşlik	NOUN
oşliq	NOUN
oşlo	NOUN
oşlovci	NOUN
oşna	NOUN
oşna-ogayni	NOUN
oşna-ogaynigar	NOUN
oşna-ogaynigarcilik	NOUN
oşna-ogaynilik	NOUN
oşnacilik	NOUN
oşnalik	NOUN
oşno	NOUN
oşpaz	NOUN
oşpazlik	NOUN
oşpicoq	NOUN
oşqir	VERB
oşqirtir	VERB
oşqovoq	NOUN
oşqovot	NOUN
oşqozon	NOUN
oştaxta	NOUN
oşub	NOUN
oşuba	NOUN
oşufta	ADJ,NOUN
oşxamir	NOUN
oşxona	NOUN
oşxor	ADJ,NOUN
oşxorak	NOUN
oşxorlik	NOUN
oşyon	NOUN
oşyona	NOUN
oşşay	VERB
oşşaytir	VERB
pacaki	VERB
pacakilaş	VERB
pacaq	VERB
pacaq/la	VERB
pacaq/lan	VERB
pacaqla	VERB
pacava	VERB
pacavalaş	VERB
packa	NOUN,VERB
packala	VERB
packamar	NOUN
pacoq	ADJ,NOUN
padar	NOUN
padarboy	NOUN
padarkuş	NOUN
padarkuşlik	NOUN
paddy	NOUN
padej	NOUN
padida	NOUN
padova	NOUN
padukov	NOUN
padukova	NOUN
pafos	NOUN
pafosli	NOUN
paga	NOUN,VERB
paga-paga	IMIT
pagacup	NOUN
pagala	VERB
pagamol	NOUN
pahlavon	NOUN
pahlavonlik	NOUN
pahlavonmurod	NOUN
pahlavonqul	NOUN
pahlov	NOUN
pahlovonmirza	NOUN
pahpah	VERB
pahpahla	VERB
paigir	NOUN
pajic	NOUN
pajmurda	NOUN
pajovic	NOUN
pajtic	NOUN
pakana	ADJ,NOUN,VERB
pakanalaş	VERB
pakanalik	NOUN
pakandi	NOUN
paket	NOUN,VERB
paketla	VERB
pakgauz	NOUN
pakiston	NOUN
pakka	NOUN
pakki	NOUN
pakkici	NOUN
pakt	NOUN
pal	NOUN
palagda	NOUN,VERB
palagdalan	VERB
palagdalat	VERB
palak	NOUN
palakat	NOUN
palakmurda	NOUN
palakquş	NOUN
palang	NOUN
palapan	NOUN
palapom	NOUN
palapon	NOUN
palaqmon	NOUN
palata	NOUN
palatka	NOUN
palau	NOUN
palavric	NOUN
palaxmon	NOUN
palaxsa	NOUN
palc	NOUN
palen	NOUN
palencia	NOUN
paleobotanika	NOUN
paleoekologiya	NOUN
paleograf	NOUN
paleografiya	NOUN
paleolit	NOUN
paleontolog	NOUN
paleontologiya	NOUN
paleozoy	NOUN
palermo	NOUN
palic	NOUN
palid	NOUN,VERB
palid/la	VERB
palid/lan	VERB
palidla	VERB
palidlik	NOUN
palinologiya	NOUN
paliska	NOUN
palitka	NOUN
palitra	NOUN
palla	NOUN,VERB
palla/la	VERB
palla/lan	VERB
pallala	VERB
palma	NOUN
palmazor	NOUN
paloc	NOUN
palon	NOUN
palonci	NOUN
palos	NOUN
palov	NOUN
palovxontora	NOUN
palovxor	NOUN
palovxorlik	NOUN
palpatsiya	NOUN
palpis	NOUN
palto	NOUN
paltoli	NOUN
paltolik	NOUN
paltosiz	NOUN
paltovoy	NOUN
paluba	NOUN
palvovic	NOUN
palyon	VERB
palyonla	VERB
pamflet	NOUN
pamfletci	NOUN
pamilcoy	NOUN
pamildori	NOUN
pamir	NOUN
pamuk	NOUN
pan	NOUN
pana	ADJ,NOUN,VERB
pana/la	VERB
pana/lan	VERB
panala	VERB
panama	NOUN
panayotov	NOUN
panayotova	NOUN
panbarxat	NOUN
pancic	NOUN
pand	NOUN
pand-nasihat	NOUN
pandavoqi	NOUN
pandavoqilik	NOUN
pandeli	NOUN
pandemiya	NOUN
pandnoma	NOUN
pandurevic	NOUN
pandurovic	NOUN
pandzic	NOUN
panel	NOUN,VERB
panella	VERB
panfilov	NOUN
panfilova	NOUN
pang	NOUN,VERB
pangat	NOUN
pangilla	VERB
pangillat	VERB
panglik	NOUN
panic	NOUN
paniroy	NOUN
panislom	NOUN
panislomci	NOUN
panislomist	NOUN
panislomizm	NOUN
panja	NOUN,VERB
panja/la	VERB
panja/lat	VERB
panjal	NOUN
panjala	VERB
panjara	NOUN
panjaragulcin	NOUN
panjarasoz	NOUN
panjarasozlik	NOUN
panjgoh	NOUN
panji	NOUN
panjob	NOUN
panjşanba	NOUN
panjşanbalik	NOUN
pankov	NOUN
pankova	NOUN
pankreatit	NOUN
pankretic	NOUN
panno	NOUN
pano	NOUN
panoh	NOUN
panohiddin	NOUN
panohkor	NOUN
panohulla	NOUN
panoqul	NOUN
panorama	NOUN
panos	NOUN
panov	NOUN
panova	NOUN
panovskiy	NOUN
pansion	NOUN
pansionat	NOUN
pantayivka	NOUN
panteist	NOUN
panteizm	NOUN
panteon	NOUN
pantic	NOUN
pantomima	NOUN
pantovic	NOUN
panturkist	NOUN
panturkizm	NOUN
panzer	NOUN
panzootiya	NOUN
panşaxa	NOUN,VERB
panşaxala	VERB
paovic	NOUN
papa	NOUN,VERB
papa/la	VERB
papa/laş	VERB
papadopolos	NOUN
papala	VERB
papandreu	NOUN
papandropolos	NOUN
papangelopolos	NOUN
papax	NOUN
papesku	NOUN
papiros	NOUN
papirus	NOUN
papka	NOUN
paporotnik	NOUN
pappata	NOUN
pappataci	NOUN
papuas	NOUN
paq	NOUN,VERB
paq-puq	IMIT
paq/illa	VERB
paq/illat	VERB
paqilla	VERB
paqir	NOUN,VERB
paqira	VERB
paqirlik	NOUN
paqpaq	NOUN
paqqa	IMIT
paqqos	ADV,NOUN
par	NOUN,VERB
par-par	IMIT
par/la	VERB
par/lan	VERB
parabo	NOUN
parabola	NOUN
parabolik	NOUN
paracanova	NOUN
parad	NOUN
paradigma	NOUN
paradoks	NOUN
parafin	NOUN,VERB
parafinla	VERB
parafiyivka	NOUN
paragraf	NOUN
paraguay	NOUN
paraha	NOUN
parajanov	NOUN
parallaks	NOUN
parallel	NOUN
parallelepiped	NOUN
parallelizm	NOUN
parallelogramm	NOUN
parametr	NOUN
parang	NOUN
paranji	NOUN
paranjilik	NOUN
paratif	NOUN
paravuz	NOUN
parazit	NOUN
parazitlik	NOUN
parazitolog	NOUN
parazitologiya	NOUN
paraşyut	NOUN
paraşyutci	NOUN
paraşyutcilik	NOUN
paraşyutist	NOUN
parca	NOUN,VERB
parca/la	VERB
parca/lan	VERB
parcakent	NOUN
parcala	NOUN,VERB
parcalan	NOUN
parcalanuvci	NOUN
parcaoy	NOUN
parcaqora	NOUN
parcaxol	NOUN
parcayuz	NOUN
parcin	NOUN,VERB
parcin/la	VERB
parcin/lan	VERB
parcinla	VERB
parcinmix	NOUN
parcinoy	NOUN
parda	NOUN,VERB
parda/la	VERB
parda/lan	VERB
pardaali	NOUN
pardabuviş	NOUN
pardagul	NOUN
pardala	VERB
pardamurod	NOUN
pardaniso	NOUN
pardaoy	NOUN
pardaqul	NOUN
pardatursun	NOUN
pardaxol	NOUN
pardaşer	NOUN
pardevor	NOUN
pardoz	NOUN,VERB
pardoz-andoz	NOUN
pardoz/la	VERB
pardoz/lan	VERB
pardoz/lat	VERB
pardoz/laş	VERB
pardozci	NOUN
pardozla	VERB
pardozlo	NOUN
pardozlovci	NOUN
pardozvoz	NOUN
pardozvozlik	NOUN
pardozxona	NOUN
pardoş	NOUN
parema	NOUN
paremiologiya	NOUN
parfenov	NOUN
parfenova	NOUN
parfiya	NOUN
parfyumer	NOUN
parfyumeriya	NOUN
pargar	NOUN
parguza	NOUN
parhaz	NOUN
parhazdor	NOUN
parhez	NOUN
parhezdor	NOUN
parhezdorlik	NOUN
parhezkor	NOUN
parhomenko	NOUN
pari	ADJ,NOUN
paricehra	NOUN
paridovic	NOUN
parigul	NOUN
parij	NOUN
parijahon	NOUN
parik	NOUN
parikov	NOUN
parikova	NOUN
parilik	NOUN
parilla	VERB
pariniso	NOUN
pariniyona	NOUN
parinoz	NOUN
paripaykar	NOUN
pariquş	NOUN
pariruh	NOUN
parisa	NOUN
parisoh	NOUN
parivaş	ADJ,NOUN
parivodic	NOUN
parixon	NOUN
pariza	NOUN
parizod	NOUN
parizoda	NOUN
parişon	NOUN,VERB
parişonlan	VERB
parişonlik	NOUN
parişonxotir	ADJ,NOUN
parişonxotirlik	NOUN
park	NOUN
parkand	NOUN
parket	NOUN
parkinson	NOUN
parla	VERB
parlament	NOUN
parlamentar	NOUN
parlamentarizm	NOUN
parlamentci	NOUN
parlamentcilik	NOUN
parlamentyor	NOUN
parlat	VERB
parma	NOUN,VERB
parma/la	VERB
parma/lan	VERB
parma/lat	VERB
parma/laş	VERB
parmaca	NOUN
parmaci	NOUN
parmakaş	NOUN
parmala	VERB
parmalo	NOUN
parmalovci	NOUN
parmancak	NOUN
parmetan	NOUN
parmi	NOUN
parmuda	NOUN
parnik	NOUN
parniyon	NOUN
parodiya	NOUN
parodontoz	NOUN
parokanda	NOUN,VERB
parokandalaş	VERB
parokandalik	NOUN
parol	NOUN
parom	NOUN
paromci	NOUN
paronim	NOUN
paronimlar	NOUN
parotit	NOUN
parovoz	NOUN
parovozci	NOUN
parovozsoz	NOUN
parovozsozlik	NOUN
paroxod	NOUN
paroxodci	NOUN
paroxodcilik	NOUN
parpaşa	NOUN
parpi	NOUN
parpiddin	NOUN
parpimomo	NOUN
parpinazar	NOUN
parpiniso	NOUN
parpir	VERB
parpira	VERB
parpitora	NOUN
parpixoja	NOUN
parq	NOUN
parqin	NOUN
parqu	NOUN
parr	IMIT,NOUN
parra	NOUN
parrak	NOUN
parrakca	NOUN
parranda	NOUN
parrandaboqar	NOUN
parrandaboz	NOUN
parrandaci	NOUN
parrandacilik	NOUN
parrandaxona	NOUN
parro	NOUN
parron	NOUN
parsons	NOUN
part	NOUN,VERB
part/illa	VERB
part/illat	VERB
parta	NOUN
partadoş	NOUN
partak	NOUN
partaktiv	NOUN
partav	NOUN
partbilet	NOUN
partbyuro	NOUN
partenit	NOUN
parter	NOUN
partilla	VERB
partiya	NOUN
partiyadoş	NOUN
partiyali	NOUN
partiyalilik	NOUN
partiyasiz	NOUN
partiyasizlik	NOUN
partiyaviy	NOUN
partiyaviylik	NOUN
partizan	NOUN
partizanci	NOUN
partizancilik	NOUN
partizanlik	NOUN
partkom	NOUN
partob	NOUN
partov	NOUN
partpart	VERB
partpartla	VERB
partvznos	NOUN
parvanov	NOUN
parvanova	NOUN
parvarda	NOUN
parvardigor	NOUN
parvariş	NOUN,VERB
parvarişla	VERB
parvez	NOUN
parveza	NOUN
parvin	NOUN
parvina	NOUN
parviz	NOUN
parviza	NOUN
parvo	NOUN
parvolik	NOUN
parvona	ADJ,NOUN
parvonaci	NOUN
parvosiz	NOUN
parvosizlik	NOUN
parvoz	NOUN
parvulesku	NOUN
parxiş	NOUN
paryostiq	NOUN
parşagul	NOUN
parşcikov	NOUN
parşcikova	NOUN
pas	NOUN,VERB
pas/ay	VERB
pas/ayt\ir\il	VERB
pas/aytir	VERB
pasalic	NOUN
pasay	VERB
pascal	NOUN
pasic	NOUN
paskalyevic	NOUN
pasovic	NOUN
pasport	NOUN
pasport/laş	VERB
pasport/laştir	VERB
pasqam	NOUN
pasqamlik	NOUN
passaj	NOUN
passajir	NOUN
passat	NOUN
passiv	NOUN,VERB
passivlaş	VERB
passivlik	NOUN
passy	NOUN
past	ADJ,NOUN,VERB
past/kaş	VERB
past/kaşlaş	VERB
past/la	VERB
past/lan	VERB
past/laş	VERB
past/laş\tir\il	VERB
past/laştir	VERB
pasta	NOUN
pastak	NOUN
pastarin	NOUN
pastdargom	NOUN
pastkaş	NOUN
pastkaşlik	NOUN
pastla	VERB
pastlik	NOUN
pastnazar	NOUN
pastnazarlik	NOUN
pastqam	NOUN
pastqamlik	NOUN
pasttekis	NOUN
pasttekislik	NOUN
pastuovic	NOUN
pasxa	NOUN
pat	NOUN,VERB
patak	NOUN,VERB
patak/la	VERB
patak/lat	VERB
patakla	VERB
patarat	NOUN
patarovskiy	NOUN
patefon	NOUN
patent	NOUN,VERB
patentlan	VERB
pathi	NOUN
patida	NOUN
patigul	NOUN
patila	NOUN
patilla	VERB
patinjon	NOUN
patir	NOUN,VERB
patir-putur	IMIT
patir/la	VERB
patir/lat	VERB
patirla	VERB
patisson	NOUN
patnis	NOUN
pato	NOUN
patogenez	NOUN
patolog	NOUN
patologik	ADJ
patologiya	NOUN
patopsixologiya	NOUN
patpat	VERB
patpatla	VERB
patput	VERB
patputla	VERB
patrak	NOUN
patriarx	ADJ
patriarxal	ADJ,NOUN
patriarxat	NOUN
patrick	NOUN
patrik	NOUN
patron	NOUN
patronaj	NOUN
patrontaş	NOUN
patrul	NOUN
patrullik	NOUN
patsifist	NOUN
patsifizm	NOUN
patsiyent	NOUN
patta	NOUN
pattaci	NOUN
pattacilik	NOUN
patterson	NOUN
pattigul	NOUN
pattiniso	NOUN
pattixon	NOUN
pattiyor	NOUN
patto	NOUN
pattoyi	NOUN
patulla	NOUN
paunovic	NOUN
paunovskiy	NOUN
pauza	NOUN
pavel	NOUN
pavelesku	NOUN
pavelic	NOUN
pavia	NOUN
pavian	NOUN
pavic	NOUN
pavicic	NOUN
pavil	NOUN
pavilon	NOUN
pavkovic	NOUN
pavle	NOUN
pavlenko	NOUN
pavlicic	NOUN
pavliş	NOUN
pavlo	NOUN
pavlodar	NOUN
pavlograd	NOUN
pavlopolos	NOUN
pavlov	NOUN
pavlova	NOUN
pavlovic	NOUN
pavlovskiy	NOUN
pavlucenko	NOUN
pavlus	NOUN
pavo	NOUN
paxlavon	ADV,NOUN
paxlavonlarca	ADV
paxlavonlik	NOUN
paxmantir	NOUN
paxmay	NOUN
paxmoq	ADJ,NOUN
paxol	NOUN
paxsa	NOUN
paxsaci	NOUN
paxsakaş	NOUN
paxsazan	NOUN
paxta	NOUN
paxtaboy	NOUN
paxtaci	NOUN
paxtacilik	NOUN
paxtadog	NOUN
paxtafuruş	NOUN
paxtagul	NOUN
paxtakaş	NOUN
paxtakor	NOUN
paxtakorlik	NOUN
paxtalik	NOUN
paxtaorol	NOUN
paxtaoy	NOUN
paxtatikan	NOUN
paxtaxor	NOUN
paxtaxorlik	NOUN
paxtazor	NOUN
paxtaşunos	NOUN
pay	NOUN
payca	NOUN
payci	NOUN
paycilik	NOUN
payd	NOUN
paydar-pay	ADV
paydo	NOUN
payem	NOUN
paygambar	NOUN
paygambarlik	NOUN
paygambarqul	NOUN
paygom	NOUN
paygomqul	NOUN
payk	NOUN
paykal	NOUN
paykaloy	NOUN
paykar	NOUN
paykon	NOUN
paymo	NOUN
paymon	NOUN
paymona	NOUN
paymonqul	NOUN
paynob	NOUN
paynov	NOUN
payok	NOUN
payom	NOUN
payon	ADJ
paypal	NOUN
paypoq	NOUN
payqa	NOUN
payraha	NOUN
payrov	NOUN
payrovlik	NOUN
payrovqul	NOUN
paysa	NOUN
paysal	NOUN,VERB
paysalci	NOUN
paysalik	NOUN
paysalla	VERB
payt	NOUN
paytavaqovoq	NOUN
paytavaquloq	ADJ,NOUN
paytavd	NOUN
paytic	NOUN
payvand	NOUN,VERB
payvandci	NOUN
payvandi	NOUN
payvandkaş	NOUN
payvandla	VERB
payvandlan	VERB
payvandlaş	VERB
payvandlo	NOUN
payvandlovci	NOUN
payvandtag	NOUN
payvast	NOUN
payvasta	NOUN
payşam	NOUN
payşan	NOUN
payşanba	NOUN
payşanbalik	NOUN
pazanda	NOUN
pazandaci	NOUN
pazandacilik	NOUN
pazandalik	NOUN
pazaric	NOUN
pazira	NOUN
paşayev	NOUN
paşayeva	NOUN
paşmak	NOUN
paşşa	NOUN,VERB
paşşa/la	VERB
paşşa/laş	VERB
paşşala	VERB
paşşaqonmas	NOUN
paşşaxona	NOUN
paşşaxorda	NOUN
pearson	NOUN
pec	NOUN
pecak	NOUN
pecakgul	NOUN
pecaki	NOUN
pecan	NOUN
pecanlik	NOUN
pecaq	NOUN
pecat	NOUN,VERB
pecat/la	VERB
pecat/lan	VERB
pecat/lat	VERB
pecatla	VERB
pecene	NOUN
pecenijin	NOUN
pecenkovic	NOUN
pecersk	NOUN
pecka	NOUN
peckaci	NOUN
pecorsk	NOUN
ped	NOUN
pedagog	NOUN
pedagogika	NOUN
pedagoglik	NOUN
pedal	NOUN
pedant	NOUN
pedantizm	NOUN
pedantlik	NOUN
pedersen	NOUN
pediatr	NOUN
pediatriya	NOUN
pedikyur	NOUN
pedisic	NOUN
pedolog	NOUN
pedologiya	NOUN
pegas	NOUN
pehlevi	NOUN
pehov	NOUN
pehova	NOUN
peijing	NOUN
peizaj	NOUN
peizajci	NOUN
pejanovic	NOUN
pejcic	NOUN
pejic	NOUN
pejkovic	NOUN
pejovic	NOUN
pekanovic	NOUN
pekic	NOUN
pekin	NOUN
pelengan	NOUN
pelevic	NOUN
peloponnese	NOUN
pelovskiy	NOUN
pemza	NOUN
penal	NOUN
pendarovskiy	NOUN
penesku	NOUN
penisilvanya	NOUN
pennsylvania	NOUN
penov	NOUN
penova	NOUN
pensilvaniya	NOUN
pensioner	NOUN
pensiya	NOUN
pentagon	NOUN
pentagov	NOUN
pentagova	NOUN
pentagramma	NOUN
penya	NOUN
penza	NOUN
peora	NOUN
peptizatsiya	VERB
peptizatsiyala	VERB
per	NOUN
peratovic	NOUN
perce	NOUN
perecin	NOUN
pereginske	NOUN
perekop	NOUN
peremişlani	NOUN
peresadka	NOUN
perevod	NOUN
pergament	NOUN
peric	NOUN
perigey	NOUN
perimetr	NOUN
perisic	NOUN
perkovic	NOUN
perm	NOUN
permakov	NOUN
permakova	NOUN
permanent	NOUN
pernik	NOUN
pero	NOUN
perosta	NOUN
perovic	NOUN
perpendikulyar	NOUN
perpendikulyarlik	NOUN
perron	NOUN
perry	NOUN
persic	NOUN
personaj	NOUN
personal	NOUN
perspektiva	NOUN
persson	NOUN
pert	NOUN
pertasevic	NOUN
pertenko	NOUN
pertev	NOUN
perteva	NOUN
peru	NOUN
perusic	NOUN
pervomaysk	NOUN
perşotravneve	NOUN
pes	NOUN
pesa	NOUN
pesalic	NOUN
pesaro	NOUN
pescara	NOUN
pesic	NOUN
peskara	NOUN
peskov	NOUN
peskova	NOUN
peslik	NOUN
pessimist	NOUN,VERB
pessimistik	NOUN
pessimistlaş	VERB
pessimistlik	NOUN
pessimizm	NOUN
petar	NOUN
peter	NOUN
peterburg	NOUN
petersburg	NOUN
petersen	NOUN
peterson	NOUN
petic	NOUN
petit	NOUN
petitsiya	NOUN
petkanov	NOUN
petkanova	NOUN
petkov	NOUN
petkova	NOUN
petkovic	NOUN
petkovskiy	NOUN
petlitsa	NOUN
petlyura	NOUN
petlyuraci	NOUN
petlyuracilik	NOUN
petr	NOUN
petrasevic	NOUN
petrenko	NOUN
petresku	NOUN
petri	NOUN
petricevic	NOUN
petro	NOUN
petrograf	NOUN
petrografik	NOUN
petrografiya	NOUN
petrolofisi	NOUN
petros	NOUN
petrov	NOUN
petrova	NOUN
petrove	NOUN
petrovic	NOUN
petrovka	NOUN
petrovna	NOUN
petrovo	NOUN
petrovskiy	NOUN
petrovskoye	NOUN
petruşka	NOUN
petuhov	NOUN
petuhova	NOUN
petuşenko	NOUN
pevtsov	NOUN
pevtsova	NOUN
peyakovic	NOUN
peyjer	NOUN
peyzaj	NOUN
peyzajci	NOUN
peş	NOUN,VERB
peş/kaş	VERB
peş/kaşla	VERB
peş/la	VERB
peş/lat	VERB
peş/lat\il	VERB
peş/laş	VERB
peşa	NOUN
peşaboy	NOUN
peşagar	NOUN
peşana	NOUN
peşanabog	NOUN
peşavor	NOUN
peşayvon	NOUN
peşband	NOUN
peşburun	NOUN
peşdod	NOUN
peşgir	NOUN
peşgirlik	NOUN
peşi	NOUN
peşin	NOUN
peşinlik	NOUN
peşip	NOUN
peşiplik	NOUN
peşkaş	NOUN
peşko	NOUN
peşla	VERB
peşlavha	NOUN
peşma-peş	ADV
peşmat	NOUN
peşnop	NOUN
peşob	NOUN
peşona	NOUN
peşonabog	NOUN
peşpop	NOUN
peşqadam	ADJ,NOUN
peşqadamlik	NOUN
peşrav	NOUN
peştaham	NOUN
peştalqin	NOUN
peştaxta	NOUN
peştoq	NOUN
peşvo	NOUN
peşvolik	NOUN
peşvoz	NOUN
peşvozlik	NOUN
pfalz	NOUN
pfp	NOUN
philippe	NOUN
phylon	NOUN
pianino	NOUN
pianinoci	NOUN
pic	NOUN,VERB
pica	ADV,NOUN
pican	NOUN
picanxona	NOUN
picanzor	NOUN
pici	NOUN
picing	NOUN
picingci	NOUN
picir	VERB
picir/la	VERB
picir/laş	VERB
piciriş	VERB
picirla	VERB
picki	NOUN
picoq	NOUN,VERB
picoq/la	VERB
picoq/lan	VERB
picoq/laş	VERB
picoqboz	NOUN
picoqbozli	NOUN
picoqbozlik	NOUN
picoqci	NOUN
picoqcilik	NOUN
picoqla	VERB
picoqsoz	NOUN
picrat	VERB
picroq	VERB
picroqlan	VERB
pidbuj	NOUN
pidgaytsi	NOUN
pidina	NOUN
pidjak	NOUN
pidkamin	NOUN
pidrom	NOUN
pidvolocisk	NOUN
piemont	NOUN
pierre	NOUN
pifagor	NOUN
pigment	NOUN
pigmentatsiya	NOUN
pigom	NOUN
pigomqul	NOUN
pijama	NOUN
pijetlovic	NOUN
pijevcevic	NOUN
pikardiya	NOUN
piket	NOUN
pikirovka	NOUN
piktografiya	NOUN
pilasta	NOUN
pilat	NOUN
pilatus	NOUN
pilc	VERB
pilcilla	VERB
pildir	NOUN,VERB
pildir-pildir	IMIT
pildir/a	VERB
pildir/at	VERB
pildira	VERB
pildiroq	NOUN
pilesos	NOUN
pilic	NOUN
pilik	NOUN,VERB
pilik/la	VERB
pilik/lan	VERB
pilikla	VERB
pilipenko	NOUN
piljic	NOUN
pilla	NOUN
pillaci	NOUN
pillacilik	NOUN
pillakaş	NOUN
pillakaşlik	NOUN
pillakor	NOUN
pillakorlik	NOUN
pillapoca	NOUN
pillapoya	NOUN
pillaxona	NOUN
pilorama	NOUN
pilot	NOUN
pilotaj	NOUN
pilotka	NOUN
pilp	VERB
pilp/illa	VERB
pilp/illat	VERB
pilpilla	VERB
pilsen	NOUN
pilta	NOUN,VERB
piltaciroq	NOUN
piltaka	NOUN
piltakac	NOUN,VERB
piltakacla	VERB
piltala	VERB
piltan	NOUN
pilyic	NOUN
pima	NOUN
pimonenko	NOUN
pin	ADV
pinak	NOUN
pindik	VERB
pindikla	VERB
ping	NOUN,VERB
ping/illa	VERB
ping/illat	VERB
pingilla	VERB
pingvin	NOUN
pinhon	ADJ
pinhona	ADV
pinj	NOUN
pinq	VERB
pinq/illa	VERB
pinq/illat	VERB
pinqilla	VERB
pinset	NOUN
pinxon	NOUN
pinxona	ADV,NOUN
piodermiya	NOUN
pioner	NOUN
pionerlik	NOUN
piongul	NOUN
piperovic	NOUN
pipetka	NOUN
piq	NOUN,VERB
piq-piq	IMIT
piqilla	VERB
piqir	NOUN,VERB
piqir/la	VERB
piqir/lat	VERB
piqir/laş	VERB
piqirla	VERB
pir	NOUN,VERB
pir-pir	IMIT
pir/illa	VERB
pir/illat	VERB
pirahmad	NOUN
pirak	NOUN
pirali	NOUN
piramida	NOUN
piramon	NOUN
piran	NOUN
pirasta	NOUN
piratin	NOUN
pirberdi	NOUN
pirbobo	NOUN
pirboy	NOUN
pirbudak	NOUN
pirgayib	NOUN
pirgic	NOUN
pirguli	NOUN
pirhaydar	NOUN
pirildoq	NOUN
pirilla	VERB
pirim	NOUN
pirimbek	NOUN
pirimnazar	NOUN
pirimniyoz	NOUN
pirimqul	NOUN
pirimşod	NOUN
pirjon	NOUN
pirkaş	NOUN
pirkaşiq	NOUN
pirli	NOUN
pirlik	NOUN
pirliq	NOUN
pirmamat	NOUN
pirman	NOUN
pirmat	NOUN
pirmuhammad	NOUN
pirmurod	NOUN
pirnafas	NOUN
pirnaxos	NOUN
pirnazar	NOUN
pirniyoz	NOUN
pirog	NOUN
pirogov	NOUN
pirogova	NOUN
pirojniy	NOUN
piroq	NOUN
pirotexnika	NOUN
pirotyoxnik	NOUN
pirovard	NOUN
piroxun	NOUN
pirpir	NOUN,VERB
pirpir/a	VERB
pirpir/at	VERB
pirpira	VERB
pirpirak	NOUN
pirq	VERB
pirq/illa	VERB
pirq/illat	VERB
pirq/ira	VERB
pirq/irat	VERB
pirqilic	NOUN
pirqilla	VERB
pirqira	VERB
pirqul	NOUN
pirquli	NOUN
pirqulon	NOUN
pirr	IMIT
pirrol	NOUN
pirs	VERB
pirs/illa	VERB
pirs/illat	VERB
pirsilla	VERB
pirsiyen	NOUN
pirt	VERB
pirtilla	VERB
pirtoga	NOUN
pirvali	NOUN
pirvays	NOUN
pirxol	NOUN
pirxon	NOUN
pirxona	NOUN
pirzoda	NOUN
pirşo	NOUN
pirşod	NOUN
pirşox	NOUN
pis	NOUN,VERB
pis/illa	VERB
pis/illat	VERB
pisa	NOUN
pisand	NOUN
pisanda	NOUN
pisandlik	NOUN
pisarenko	NOUN
pisarev	NOUN
pisareva	NOUN
pisilla	VERB
piska	NOUN
piskivka	NOUN
piskom	NOUN
pismiq	NOUN,VERB
pismiqlaş	VERB
pismiqlik	NOUN
pisqin	NOUN
pista	NOUN
pistabodom	NOUN
pistacka	NOUN
pistagul	NOUN
pistakent	NOUN
pistali	NOUN
pistazor	NOUN
pistir	NOUN,VERB
pistirma	NOUN
pistoki	NOUN
pistolet	NOUN
piston	NOUN
pit	VERB
pit-pildiq	IMIT
pitekantrop	NOUN
pitic	NOUN
pitir	VERB
pitirlaş	VERB
pitirta	VERB
pitomnik	NOUN
piton	NOUN
pitpildiq	NOUN
pitpiliq	NOUN
pitr	VERB
pitra	NOUN,VERB
pitrak	NOUN
pitraklik	NOUN
pitrat	VERB
pitruza	NOUN
pitsburg	NOUN
pitssa	NOUN
pivo	NOUN
pivovarov	NOUN
pivovarova	NOUN
pivoxona	NOUN
pivoxor	NOUN
pivoxorlik	NOUN
pix	NOUN,VERB
pix-pix	IMIT
pix/illa	VERB
pix/illat	VERB
pixilla	VERB
pixla	VERB
piyelit	NOUN
piyelonefrit	NOUN
piyetlovic	NOUN
piyeva	NOUN
piyma	NOUN
piymaci	NOUN
piyoda	ADV,NOUN,VERB
piyoda/la	VERB
piyoda/lan	VERB
piyoda/laş	VERB
piyodala	VERB
piyola	NOUN
piyon	NOUN
piyonista	NOUN
piyonistalik	NOUN
piyova	NOUN
piyoz	NOUN
piyozak	NOUN
piyozbek	NOUN
piyozdog	NOUN
piyozgul	NOUN
piypa	NOUN,VERB
piypa/la	VERB
piypa/lan	VERB
piypa/lat	VERB
piypa/laş	VERB
piypal	VERB
piypala	VERB
piypas	VERB
piypasla	VERB
piz	VERB
piz/illa	VERB
piz/illat	VERB
pizilla	VERB
piş	ADJ,NOUN,VERB
piş-piş	IMIT,INTJ
piş/illa	VERB
piş/illat	VERB
piş/illaş	VERB
piş/iq	VERB
piş/iqla	VERB
piş/iqtir	VERB
piş/ir	VERB
piş/iril	VERB
piş/iriş	VERB
piş/irt	VERB
piş/irtir	VERB
piş/it	VERB
piş/itil	VERB
pişak	NOUN
pişang	NOUN,VERB
pişangla	VERB
pişaq	NOUN
pişcanka	NOUN
pişgan	ADJ
pişi	NOUN
pişik	NOUN
pişilla	VERB
pişiq	ADJ,NOUN,VERB
pişiq-pişiq	ADV
pişiq-puxta	ADJ
pişiqci	NOUN
pişiqcilik	NOUN
pişiqlik	NOUN
pişir	VERB
pişit	VERB
pişkak	NOUN
pişloq	NOUN
pişloqci	NOUN
pişpiş	VERB
pişpişla	VERB
pişqir	NOUN,VERB
pişqiriq	NOUN
pişqiriş	VERB
pişqirtir	VERB
pişt	INTJ,VERB
piştla	VERB
pjevcevic	NOUN
plagiator	NOUN
plagiatorlik	NOUN
plakat	NOUN
plakatci	NOUN
plan	NOUN
planboz	NOUN
planbozlik	NOUN
planer	NOUN
planerci	NOUN
planerist	NOUN
planerizm	NOUN
planeta	NOUN
planetalogiya	NOUN
planetar	NOUN
planetariy	NOUN
planinic	NOUN
planirovka	NOUN
plansiz	NOUN
plansizlik	NOUN
plantatsiya	NOUN
planyor	NOUN
planyorci	NOUN
planşet	NOUN
plastik	NOUN
plastiklik	NOUN
plastilin	NOUN
plastinka	NOUN
plastir	NOUN
plastmassa	NOUN
platforma	NOUN
platina	NOUN
plato	NOUN
platsdarm	NOUN
platskart	NOUN
platskarta	NOUN
platssarm	NOUN
plavdic	NOUN
plavsic	NOUN
play	NOUN
plazma	NOUN
plaş	NOUN
plebissit	NOUN
plehanov	NOUN
plehanova	NOUN
plenar	NOUN
plenka	NOUN
plenum	NOUN
pleonazm	NOUN
pleskonic	NOUN
pletikosic	NOUN
pleven	NOUN
plevra	NOUN
plevrit	NOUN
plintus	NOUN
plita	NOUN
plitka	NOUN
ploha	NOUN
plohim	NOUN
plomba	NOUN,VERB
plomba/la	VERB
plomba/lat	VERB
plombala	VERB
plombir	NOUN
plotina	NOUN
plovdiv	NOUN
plug	NOUN,VERB
plugla	VERB
plutokrat	NOUN
plutokratiya	NOUN
pluton	NOUN
plutoniy	NOUN
plutonizm	NOUN
plyaj	NOUN
plyer	NOUN
plyonka	NOUN
plyuralizm	NOUN
plyus	NOUN
pnevmatika	NOUN
pnevmografiya	NOUN
pnevmokokk	NOUN
pnevmoniya	NOUN
po	NOUN
pobeda	NOUN
pobuzke	NOUN
poca	NOUN
pocapostin	NOUN
pocaqirqar	NOUN
pocayev	NOUN
pocayeva	NOUN
pocayiv	NOUN
pocca	NOUN
poccaxoja	NOUN
pocic	NOUN
pocin	NOUN
pocok	NOUN
pocta	NOUN
poctaci	NOUN
poctalon	NOUN
poctamt	NOUN
poctaxona	NOUN
poda	NOUN
podabon	NOUN
podaboy	NOUN
podaci	NOUN
podacilik	NOUN
podagra	NOUN
podaxona	NOUN
podbor	NOUN
podborşcik	NOUN
podgoritsa	NOUN
podpol	NOUN
podpolci	NOUN
podpole	NOUN
podpolkovnik	NOUN
podporucik	NOUN
podrucka	NOUN
podstansiya	NOUN
podval	NOUN
podzic	NOUN
podşinnik	NOUN
podşipnik	NOUN
podşo	NOUN
podşoh	NOUN
podşohlik	NOUN
podşolik	NOUN
podşoqul	NOUN
poe	NOUN
poema	NOUN
poetika	NOUN
poeziya	NOUN
pogon	NOUN
pogona	NOUN
pogorelic	NOUN
pogorelov	NOUN
pogorelova	NOUN
pogranicnikov	NOUN
pogranicnikova	NOUN
pogrebişce	NOUN
pogrom	NOUN
pogromci	NOUN
pogromcilik	NOUN
poikop	NOUN
poikopci	NOUN
poikup	NOUN
poikupxona	NOUN
poiloq	NOUN
poiloqci	NOUN
point	NOUN
pojalista	NOUN
pojskic	NOUN
pojur	NOUN
pok	ADJ,NOUN,VERB
pok-pokiza	ADV
pok/illa	VERB
pok/illat	VERB
pok/la	VERB
pok/lan	VERB
pokak	VERB
pokakla	VERB
pokanic	NOUN
pokdil	NOUN
pokdod	NOUN
pokilla	VERB
pokiston	NOUN
pokiza	ADJ,NOUN,VERB
pokiza/la	VERB
pokiza/lan	VERB
pokizala	VERB
pokizalik	NOUN
pokla	VERB
poklik	NOUN
poklonskaya	NOUN
poklonski	NOUN
pokpok	VERB
pokpokla	VERB
pokrişka	NOUN
pokrov	NOUN
pokrova	NOUN
pol	NOUN
pola	NOUN,VERB
pola/la	VERB
pola/lan	VERB
polacenko	NOUN
polakov	NOUN
polakova	NOUN
polala	VERB
polanka	NOUN
polapon	NOUN
polat	NOUN
polatgul	NOUN
polati	NOUN
polatjon	NOUN
polatoy	NOUN
polatturdi	NOUN
polatxoja	NOUN
polatxon	NOUN
polatşer	NOUN
polcenko	NOUN
poley	NOUN
poliartrit	NOUN
polidaktiliya	NOUN
polifoniya	NOUN
poligamiya	NOUN
poliglot	NOUN
poligon	NOUN
poligrafist	NOUN
poligrafiya	NOUN
poligslar	NOUN
polijon	NOUN
poliklinika	NOUN
polim	NOUN
polimer	NOUN,VERB
polimerla	VERB
polinevrit	NOUN
polineziya	NOUN
poliniyoz	NOUN
poliomiyelit	NOUN
polis	NOUN
polisemantik	NOUN
polisemiya	NOUN
politeizm	NOUN
politexnik	NOUN
politexnika	NOUN
politexnikum	NOUN
politexnizm	NOUN
politologiya	NOUN
politruk	NOUN
politsiya	NOUN
politsiyaci	NOUN
politsmeyster	NOUN
poliuriya	NOUN
polivanov	NOUN
polivanova	NOUN
poliyor	NOUN
poliz	NOUN
polizci	NOUN
polizcilik	NOUN
poljanic	NOUN
polk	NOUN
polka	NOUN
polkovnik	NOUN
polla	VERB
pollat	VERB
polmon	NOUN
polocaninov	NOUN
polocaninova	NOUN
polonne	NOUN
polosa	NOUN
poloson	NOUN
polotno	NOUN
polozov	NOUN
polozova	NOUN
poltava	NOUN
poluda	NOUN
polvon	NOUN
polvonali	NOUN
polvongir	NOUN
polvongirlik	NOUN
polvonjon	NOUN
polvonkeldi	NOUN
polvonlik	NOUN
polvonnazar	NOUN
polvonniyoz	NOUN
polvonqul	NOUN
polvontoş	NOUN
polvontur	NOUN
polyak	NOUN
polyarizatsiya	VERB
polyarizatsiyala	VERB
polşa	NOUN
pom	NOUN
pomada	NOUN
pomelov	NOUN
pomelova	NOUN
pomeraniya	NOUN
pomeranya	NOUN
pomeşcik	NOUN
pomicna	NOUN
pomidor	NOUN
pomologiya	NOUN
pomorani	NOUN
pompa	NOUN
pomuq	NOUN
pona	NOUN,VERB
ponala	VERB
pong	VERB
pong/illa	VERB
pong/illaş	VERB
pong/ir	VERB
pong/irlaş	VERB
pong/la	VERB
pong/laş	VERB
pongilla	VERB
pongla	VERB
pongqarga	NOUN
poninka	NOUN
poniz	NOUN
ponob	NOUN
ponomarenko	NOUN
ponornitsa	NOUN
ponsad	NOUN
ponsot	NOUN
ponton	NOUN
pop	NOUN,VERB
popadic	NOUN
popak	NOUN
popakxon	NOUN
popanak	NOUN,VERB
popanakla	VERB
popesku	NOUN
popildiriq	NOUN
popilla	VERB
popillat	VERB
popilna	NOUN
popiltiriq	NOUN
popir	VERB
popirla	VERB
popisa	NOUN,VERB
popisala	VERB
popişak	NOUN
popkov	NOUN
popkova	NOUN
poplin	NOUN
popop	NOUN
popopci	NOUN
popopcilik	NOUN
popov	NOUN
popova	NOUN
popovic	NOUN
popovskiy	NOUN
popuk	NOUN,VERB
popukla	VERB
populyasiya	NOUN
popurri	NOUN
popuşak	NOUN
poq	NOUN
por	VERB
por/illa	VERB
por/illat	VERB
por/la	VERB
por/lat	VERB
pora	ADJ,NOUN,VERB
pora-pora	ADV
pora/la	VERB
pora/lan	VERB
porala	VERB
poraxor	ADJ,NOUN
poraxorlik	NOUN
pordoq/la	VERB
pordoq/lan	VERB
pordoy	NOUN
porecenkov	NOUN
porecenkova	NOUN
porilla	VERB
porim	NOUN
porla	VERB
porlo	ADJ,NOUN
porloq	ADJ,NOUN
porloqlik	NOUN
pornografiya	NOUN
porogenko	NOUN
porom	NOUN
porox	NOUN,VERB
poroxla	VERB
poroşenko	NOUN
poroşok	NOUN
pors	NOUN,VERB
pors/illa	VERB
pors/illat	VERB
porsildoq	NOUN
porsilla	VERB
porsilloq	NOUN
porsin	NOUN
porsiya	NOUN
porso	NOUN
porsonkol	NOUN
port	NOUN,VERB
port/illa	VERB
port/illat	VERB
port/la	VERB
port/lat	VERB
portana	NOUN
portaxol	NOUN
portfel	NOUN
portilla	VERB
portla	NOUN,VERB
portlat	NOUN
portlatgic	NOUN
portlatuvci	NOUN
portlo	NOUN
portlovci	NOUN
portnikov	NOUN
portnikova	NOUN
porto	NOUN
portport	VERB
portportla	VERB
portret	NOUN
portretci	NOUN
portsi	NOUN
portsigar	NOUN
portugal	NOUN
portugaliya	NOUN
portugaliyalik	NOUN
portugaliyaliklar	NOUN
portugallar	NOUN
porşen	NOUN
porşenko	NOUN
posangi	NOUN
posbon	NOUN
posbonboşi	NOUN
posbonlik	NOUN
poselka	NOUN
posg	NOUN
posilka	NOUN
posin	NOUN
posira	NOUN
pospelov	NOUN
pospelova	NOUN
post	NOUN
postak	NOUN
postanovka	NOUN
postanovkaci	NOUN
postdumba	NOUN
postin	NOUN
postindoz	NOUN
postindozlik	NOUN
postinlik	NOUN
postirma	NOUN
postkalla	NOUN
postloq	NOUN
posyolka	NOUN
pota	NOUN
potaka	NOUN
potaxon	NOUN
potaş	NOUN
potensial	NOUN
potenza	NOUN
potiha	NOUN
potin	NOUN
potinjon	NOUN
potir	VERB
potir/la	VERB
potir/lat	VERB
potir/laş	VERB
potirla	VERB
poulsen	NOUN
pov	NOUN,VERB
povell	NOUN
povest	NOUN
povestka	NOUN
povic	NOUN
povidlo	NOUN
povulla	VERB
poxod	NOUN
poxol	NOUN
poy	NOUN,VERB
poy/gir	VERB
poy/girla	VERB
poy/la	VERB
poy/lan	VERB
poy/lat	VERB
poy/lat\il	VERB
poy/lat\qiz	VERB
poy/lat\tir	VERB
poy/laş	VERB
poya	NOUN
poyabzal	NOUN
poyabzalci	NOUN
poyabzalcilik	NOUN
poyafzal	NOUN
poyafzalci	NOUN
poyaki	NOUN
poyakicilik	NOUN
poyakilik	NOUN
poyandoz	NOUN
poyariq	NOUN
poyarkov	NOUN
poyarkova	NOUN
poyas	NOUN
poyca	NOUN
poydevor	NOUN
poyezd	NOUN
poyga	NOUN
poygaci	NOUN
poygah	NOUN
poygak	NOUN
poygir	NOUN
poygumbaz	NOUN
poyintar-soyintar	ADJ
poykop	NOUN,VERB
poykopla	VERB
poykopxona	NOUN
poykup	NOUN
poykupci	NOUN
poykupcilik	NOUN
poyla	VERB
poylo	NOUN
poyloq	NOUN
poyloqci	NOUN
poyloqcilik	NOUN
poymol	NOUN
poynak	NOUN
poyno	NOUN
poyon	NOUN
poyonda	NOUN
poyonlik	NOUN
poyonqul	NOUN
poyqadam	NOUN
poytaxt	NOUN
poyteşa	NOUN
poytora	NOUN
pozagari	NOUN
pozdnakov	NOUN
pozdnakova	NOUN
pozitivist	NOUN
pozitivizm	NOUN
pozitsion	NOUN
pozitsiya	NOUN
poşak	NOUN
poşlina	NOUN
poşna	ADJ,NOUN,VERB
poşna/la	VERB
poşna/lat	VERB
poşnala	VERB
poşnali	ADJ
poşo	NOUN
poşt	NOUN
poştpoşt	VERB
poştpoşt/la	VERB
poştpoşt/laş	VERB
poştpoştla	VERB
poşxurt	NOUN
poşşa	NOUN
poşşaali	NOUN
poşşabuvi	NOUN
poşşagul	NOUN
poşşanur	NOUN
poşşaoy	NOUN
poşşaqozi	NOUN
poşşaqul	NOUN
poşşaxoja	NOUN
poşşaxon	NOUN
poşşo	NOUN
poşşolik	NOUN
praga	NOUN
pragmatika	NOUN
praktik	NOUN
praktika	NOUN
praktikant	NOUN
praktikum	NOUN
pramenenko	NOUN
pravleniye	NOUN
pravo	NOUN
prcevskiy	NOUN
prcic	NOUN
predmet	NOUN
predoxranitel	NOUN
predrag	NOUN
prefektura	NOUN
prefiks	NOUN
premera	NOUN
premier	NOUN
prentic	NOUN
preparat	NOUN
press	NOUN,VERB
pressla	VERB
presslo	NOUN
presslovci	NOUN
pretoriya	NOUN
preyskurant	NOUN
prezident	NOUN
prezidentlik	NOUN
prezidium	NOUN
pribicevic	NOUN
pribor	NOUN
prigueux	NOUN
prihodcenko	NOUN
prijedor	NOUN
prijic	NOUN
prikaz	NOUN
prikazcik	NOUN
prilavka	NOUN
prilep	NOUN
priluki	NOUN
primitiv	NOUN
primov	NOUN
primova	NOUN
primus	NOUN
prinsip	NOUN
prinsipial	ADJ,NOUN
prinsipiallik	NOUN
printer	NOUN
pripyat	NOUN
pristan	NOUN
pristav	NOUN
pristina	NOUN
pritsep	NOUN
privatbank	NOUN
privatizatsiya	NOUN
privolnoye	NOUN
prix	NOUN
priyemnik	NOUN
priyutivka	NOUN
prizma	NOUN
prizren	NOUN
prlenda	NOUN
prlic	NOUN
proba	NOUN
probirka	NOUN
probka	NOUN,VERB
probkala	VERB
problema	NOUN
problematika	NOUN
prodanovic	NOUN
prodi	NOUN
prodyuser	NOUN
proeksiyalar	NOUN
prof	NOUN
professor	NOUN
professorlik	NOUN
profil	NOUN
profilaktika	NOUN
prognoz	NOUN
programm	NOUN
programma	NOUN
progress	NOUN
progressiv	NOUN
progressivlik	NOUN
progressiya	NOUN
progul	NOUN
progulci	NOUN
progulcilik	NOUN
projektor	NOUN
projkovskiy	NOUN
prokat	NOUN
prokatci	NOUN
prokatka	NOUN
prokatkaci	NOUN
prokatyan	NOUN
proklamatsiya	NOUN
prokopiyevic	NOUN
prokopyev	NOUN
prokopyeva	NOUN
prokpiyevic	NOUN
proktologiya	NOUN
prokuratura	NOUN
prokuror	NOUN
prokurorlik	NOUN
prolet	NOUN
proletar	VERB
proletariat	NOUN
proletarlaş	VERB
prolog	NOUN
propaganda	NOUN
propagandist	NOUN
propagandistlik	NOUN
propeller	NOUN
propiska	NOUN
proporsional	NOUN
proporsionallik	NOUN
proporsiya	NOUN
prorab	NOUN
prorablik	NOUN
prorektor	NOUN
prorokovic	NOUN
prospekt	NOUN
prostakov	NOUN
prostakova	NOUN
prostokvaşa	NOUN
protektorat	NOUN
protest	NOUN
protestantizm	NOUN
protez	NOUN
protezist	NOUN
protivogaz	NOUN
protokol	NOUN
proton	NOUN
protoplazma	NOUN
prototip	NOUN
protsent	NOUN
protsentci	NOUN
protsess	NOUN
provinsializm	NOUN
provinsiya	NOUN
provizor	NOUN
provodnik	NOUN
provokator	NOUN
provokatorlik	NOUN
provokatsiya	NOUN
proxod	NOUN
proxodci	NOUN
proxodka	NOUN
proxodkaci	NOUN
proyeksio	NOUN
proyeksiya	NOUN,VERB
proyeksiyala	VERB
proyeksiyalan	VERB
proyekt	NOUN,VERB
proyektla	VERB
proykovskiy	NOUN
proza	NOUN
prozaci	NOUN
prozaik	NOUN
prujina	NOUN
pryanik	NOUN
psalms	NOUN
psixiatr	NOUN
psixiatriya	NOUN
psixika	NOUN
psixoanaliz	NOUN
psixolingvistika	NOUN
psixolog	NOUN
psixologiya	NOUN
psixologizm	NOUN
psixopatiya	NOUN
psixopatologiya	NOUN
psixoterapiya	NOUN
psixoz	NOUN
publitsist	NOUN
publitsistika	NOUN
puc	ADJ,NOUN,VERB
puc/ay	VERB
puc/aytir	VERB
puc/uq	VERB
puc/uqlan	VERB
pucak	NOUN
pucay	NOUN,VERB
puclik	NOUN
pucmoq	NOUN
pucuq	ADJ
pud	NOUN,VERB
pudla	VERB
pudrat	NOUN
pudratci	NOUN
pudratciliik	NOUN
puf	VERB
puf/la	VERB
puf/lan	VERB
puf/laş	VERB
pufak	NOUN
pufakca	NOUN
pufla	VERB
pufpuf	VERB
pufpuf/la	VERB
pufpuf/laş	VERB
pufpufla	VERB
pukka	NOUN
pul	ADJ,NOUN,VERB
pul/dor	VERB
pul/dorlan	VERB
pul/la	VERB
pul/lan	VERB
pul/lat	VERB
pul/siz	VERB
pul/sizlan	VERB
pulat	NOUN
pulatov	NOUN
pulatova	NOUN
puldor	ADJ
pulemet	NOUN
pulemetci	NOUN
pulemyot	NOUN
pulemyotci	NOUN
puljic	NOUN
pulla	VERB
pullik	NOUN
pulmonologiya	NOUN
pulpa	NOUN
pulparast	NOUN
pulparastlik	NOUN
puls	NOUN
pulsirot	NOUN
pulsiz	ADJ,NOUN
pulsizlik	NOUN
pult	NOUN
pulverizator	NOUN
pulyic	NOUN
puma	NOUN
punkt	NOUN
punktir	NOUN
punktuatsiya	NOUN
pupak	NOUN
puqa	NOUN
puqac	NOUN
puqon	NOUN
pur	NOUN
puratic	NOUN
purdil	NOUN
purisic	NOUN
purist	NOUN
purizm	NOUN
purka	NOUN,VERB
purkagic	NOUN
purkaş	VERB
purkovic	NOUN
purli	NOUN
pursang	NOUN
purtana	NOUN
purxol	NOUN
purşabs	NOUN
pus	VERB
pusic	NOUN
pustomiti	NOUN
pustomitov	NOUN
pustomitova	NOUN
put	NOUN
putevka	NOUN
putila	NOUN
putilov	NOUN
putilova	NOUN
putin	NOUN
putivl	NOUN
putur	NOUN
putyovka	NOUN
puxta	ADJ,NOUN,VERB
puxta/la	VERB
puxta/lan	VERB
puxta/laş	VERB
puxtala	VERB
puxtalik	NOUN
puxtapolat	NOUN
puy	NOUN
puşaymon	VERB
puşaymonlan	VERB
puşkin	NOUN
puşkov	NOUN
puşkova	NOUN
puşmon	NOUN
puşt	NOUN
puşta	NOUN
puştan	NOUN
puşti	ADJ
puştlik	NOUN
pxengyang	NOUN
pyers	NOUN
pyerson	NOUN
pyesa	NOUN
pyevcevic	NOUN
pyotr	NOUN
pyrenees	NOUN
pyrnes	NOUN
qa-qa	IMIT
qa-qaq	IMIT
qabar	NOUN
qabarinqi	NOUN
qabih	NOUN
qabihlik	NOUN
qabil	NOUN
qabila	NOUN
qabilacilik	NOUN
qabiladoş	NOUN
qabo	NOUN
qabohat	ADJ,NOUN
qaboq	NOUN
qabr	NOUN
qabriston	NOUN
qabrtoş	NOUN
qabul	NOUN,VERB
qabullan	VERB
qabullat	VERB
qabulxona	NOUN
qabz	NOUN,VERB
qabz/am	VERB
qabz/amla	VERB
qabz/iyat	VERB
qabz/iyatlan	VERB
qabza	NOUN
qabzam	NOUN
qabzit	VERB
qabziyat	NOUN
qabzl	VERB
qabzlan	VERB
qacon	ADJ
qacongi	ADJ
qad	NOUN
qada	NOUN,VERB
qadah	NOUN
qadam	NOUN
qadambu	NOUN
qadamgoh	NOUN
qadamjo	NOUN
qadamjoy	NOUN
qadamlo	NOUN
qadamlovci	NOUN
qadamma-qadam	ADV
qadammurod	NOUN
qadamşo	NOUN
qadaq	NOUN
qadar	AUX,NOUN
qaddi	NOUN
qadim	ADJ,NOUN
qadimdan	ADV
qadimgi	ADJ
qadimiy	ADJ,NOUN
qadimiylik	NOUN
qadimşunos	NOUN
qadir	NOUN
qadiyev	NOUN
qadiyeva	NOUN
qado	NOUN
qadoq	NOUN
qadoqci	NOUN
qadoqcoy	NOUN
qadoqlo	NOUN
qadoqlovci	NOUN
qadr	ADJ,NOUN
qadra	NOUN
qadrbek	NOUN
qadrbeka	NOUN
qadrd	ADJ
qadrdon	ADJ,NOUN
qadrdonlik	NOUN
qadriddin	NOUN
qadrixol	ADV
qadriya	NOUN
qadriyat	NOUN
qadrizoda	NOUN
qadrli	ADJ
qadrsiz	NOUN
qadrsizlik	NOUN
qadrşunos	NOUN
qadrşunoslik	NOUN
qafas	NOUN
qag	NOUN,VERB
qag-qag	IMIT
qag/illa	VERB
qag/illat	VERB
qag/illaş	VERB
qaganoq	NOUN
qagilla	VERB
qagqag	VERB
qagqagla	VERB
qahat	NOUN
qahatcilik	NOUN
qahatlik	NOUN
qahhor	NOUN
qahhorali	NOUN
qahhorgul	NOUN
qahqah	NOUN,VERB
qahqaha	NOUN
qahqahlaş	VERB
qahr	ADJ,NOUN,VERB
qahramanmaraş	NOUN
qahramon	ADJ,ADV,NOUN
qahramonlarca	ADV
qahramonlik	NOUN
qahraton	ADJ,NOUN
qahrlan	VERB
qahrli	ADJ
qahva	NOUN
qahvaci	NOUN
qahvaxona	NOUN
qaimoq	NOUN
qaimoqdon	NOUN
qal	NOUN
qala	NOUN,VERB
qala/ş	VERB
qala/ştir	VERB
qala/ştir\il	VERB
qalabek	NOUN
qalac	NOUN
qalaci	NOUN
qalam	NOUN
qalamca	NOUN
qalamdon	NOUN
qalamdoş	NOUN
qalamgul	NOUN
qalamkaş	NOUN
qalamoy	NOUN
qalampir	NOUN
qalampirgul	NOUN
qalampirmuncoq	NOUN
qalamqoş	NOUN
qalamtaroş	NOUN
qalan	VERB
qalandar	NOUN
qalandarlik	NOUN
qalandarvacca	NOUN
qalandarxona	NOUN
qalangi	NOUN
qalapatra	NOUN
qalat	VERB
qalay	NOUN,VERB
qalay/la	VERB
qalay/lan	VERB
qalay/lat	VERB
qalay/lat\tir	VERB
qalayi	NOUN
qalayimirişkor	NOUN
qalayla	VERB
qalaytoy	NOUN
qalaş	VERB
qalb	ADJ,ADV,NOUN
qalbaki	ADJ,NOUN,VERB
qalbaki/laş	VERB
qalbaki/laştir	VERB
qalbaki/laştir\il	VERB
qalbakici	NOUN
qalbakicilik	NOUN
qalbakilaş	VERB
qalbakilik	NOUN
qalbali	NOUN
qalban	ADV
qalbdoş	NOUN
qalbinur	NOUN
qalbiya	NOUN
qalbmuhammad	NOUN
qaldir	VERB
qaldir/a	VERB
qaldir/at	VERB
qaldira	VERB
qaldirgoc	NOUN
qaleb	NOUN
qalin	ADJ,NOUN,VERB
qalin/laş	VERB
qalin/laştir	VERB
qalinci	NOUN
qalinlan	VERB
qalinlat	VERB
qalinlaş	VERB
qalinlik	NOUN
qalliq	NOUN
qallob	NOUN,VERB
qallobcilik	NOUN
qalloblaş	VERB
qalloblik	NOUN
qalmoq	NOUN
qalmoqboy	NOUN
qalmoqca	NOUN
qalmoqi	NOUN
qaloq	NOUN
qalovlat	NOUN
qalpoq	NOUN
qalpoqboy	NOUN
qalpoqci	NOUN
qalpoqdoz	NOUN
qalq	NOUN,VERB
qalqi	VERB
qalqit	VERB
qalqiş	VERB
qalqo	NOUN
qalqon	NOUN
qalqonca	NOUN
qalqovic	NOUN
qalt	VERB
qalt-qalt	IMIT
qalt/ira	VERB
qalt/iraş	VERB
qaltilla	VERB
qaltir	ADJ
qaltir/a	VERB
qaltir/at	VERB
qaltira	VERB
qaltiro	ADJ
qaltiroq	ADJ
qaltis	NOUN,VERB
qaltislan	VERB
qaltislaş	VERB
qaltislik	NOUN
qama	VERB
qama/l	VERB
qama/liş	VERB
qama/t	VERB
qama/ttir	VERB
qamal	NOUN,VERB
qamar	NOUN
qamara	NOUN
qamarali	NOUN
qamarberdi	NOUN
qamarboy	NOUN
qamariddin	NOUN
qamariya	NOUN
qamarjamol	NOUN
qamarniso	NOUN
qamaroy	NOUN
qamat	VERB
qamaş	VERB
qamaşi	NOUN
qamaştir	VERB
qambar	NOUN
qambarali	NOUN
qambarniso	NOUN
qambarqul	NOUN
qambarxon	NOUN
qambarşo	NOUN
qamci	NOUN,VERB
qamci/la	VERB
qamci/lan	VERB
qamci/lat	VERB
qamci/laş	VERB
qamci/n	VERB
qamci/nla	VERB
qamcila	VERB
qamcin	NOUN
qamcingul	NOUN
qamciq	NOUN
qamgoq	NOUN
qamhafsala	NOUN
qamhafsalalik	NOUN
qamic	NOUN
qamit	NOUN
qamiş	NOUN
qamişquloq	NOUN
qamişzor	NOUN
qamişzorlik	NOUN
qamo	NOUN
qamolot	NOUN
qamoq	NOUN
qamoqxona	NOUN
qamqa	NOUN
qamqaxon	NOUN
qamra	VERB
qamrat	VERB
qamro	NOUN
qamrov	NOUN
qamsa	NOUN,VERB
qamti	ADV,NOUN
qanaqasiga	ADV
qanca	NOUN
qancalik	NOUN
qand	ADJ,NOUN
qandagoc	NOUN
qandahor	NOUN
qanddon	NOUN
qandgul	NOUN
qandi	NOUN
qandil	NOUN
qandila	NOUN
qandin	NOUN
qandiniso	NOUN
qandiya	NOUN
qandlar	NOUN
qandli	ADJ
qandniso	NOUN
qandolat	NOUN
qandolatci	NOUN
qandolatcilik	NOUN
qandolatfuruş	NOUN
qandoq	NOUN
qandoqcangi	NOUN
qandoy	NOUN
qandtarboy	NOUN
qandxon	NOUN
qang	VERB
qang/si	VERB
qang/sit	VERB
qangli	NOUN
qangliboy	NOUN
qangni	NOUN
qangsi	VERB
qani	INTJ,NOUN
qanjiga	NOUN
qanjigali	NOUN
qanjiq	NOUN
qanjir	NOUN
qanoat	NOUN,VERB
qanoat/lan	VERB
qanoat/lantir	VERB
qanoat/siz	VERB
qanoat/sizlan	VERB
qanoatlan	VERB
qanoatsiz	NOUN
qanoatsizlik	NOUN
qanoatulla	NOUN
qanop	NOUN
qanor	NOUN,VERB
qanora	NOUN
qanorla	VERB
qanot	NOUN,VERB
qanot/la	VERB
qanot/lan	VERB
qanot/lantir	VERB
qanotla	VERB
qanotli	NOUN
qanoviz	NOUN
qanq	VERB
qanqay	VERB
qanqaytir	VERB
qanqi	NOUN,VERB
qanqilla	VERB
qanqis	NOUN
qant	NOUN
qantar	NOUN,VERB
qantarboy	NOUN
qantarig	NOUN
qantariglik	NOUN
qantarigliq	NOUN
qantaril	VERB
qantariq	NOUN
qantariş	VERB
qantci	NOUN
qantcilik	NOUN
qanzi	NOUN,VERB
qanzit	VERB
qanşar	NOUN
qapci	NOUN,VERB
qapcigay	NOUN
qapiş	VERB
qapiştir	VERB
qappay	VERB
qappaytir	VERB
qaptal	NOUN
qaq	ADJ,NOUN,VERB
qaq/illa	VERB
qaq/illaş	VERB
qaqa	VERB
qaqa/la	VERB
qaqa/laş	VERB
qaqala	VERB
qaqaq	VERB
qaqaq/la	VERB
qaqaq/lat	VERB
qaqaq/laş	VERB
qaqaqla	VERB
qaqas	NOUN
qaqildoq	ADJ,NOUN
qaqildoqlik	NOUN
qaqilla	VERB
qaqir	NOUN,VERB
qaqirla	VERB
qaqirlaş	VERB
qaqo	VERB
qaqo/la	VERB
qaqo/lat	VERB
qaqo/laş	VERB
qaqola	VERB
qaqqay	VERB
qaqqayiş	VERB
qaqqaytir	VERB
qaqra	VERB
qaqrat	VERB
qaqşa	ADJ,NOUN,VERB
qaqşat	ADJ,NOUN,VERB
qaqşatgic	NOUN
qaqşatqic	ADJ,NOUN
qar	NOUN,VERB
qara	ADJ,NOUN,VERB
qara/t	VERB
qara/til	VERB
qara/ttir	VERB
qarab	AUX
qaraganda	AUX,NOUN
qaragay	NOUN
qaragayzor	NOUN
qaral	VERB
qaram	ADJ,NOUN
qarama-qarşi	ADJ
qaraman	NOUN
qaramasdan	AUX
qaramay	AUX
qaramlik	NOUN
qaramog	NOUN
qaramon	NOUN
qaran	VERB
qarar	NOUN
qarargoh	NOUN
qarat	NOUN,VERB
qarata	AUX
qaratqi	NOUN
qaratqic	NOUN
qarayli	NOUN
qaraş	NOUN,VERB
qaraşli	NOUN
qaraşlilik	NOUN
qarbiy	NOUN
qarbuga	NOUN
qarc/illa	VERB
qarc/illat	VERB
qarcigay	NOUN
qardoş	ADV,NOUN
qardoşlarca	ADV
qardoşlik	NOUN
qarg/iş	VERB
qarg/işla	VERB
qarga	NOUN,VERB
qargab-siqta	VERB
qargal	VERB
qargali	NOUN
qargan	VERB
qargat	VERB
qargayoq	NOUN
qargaş	VERB
qargi	NOUN
qargiş	NOUN
qari	ADJ,NOUN,VERB
qari-quri	ADJ
qari/t	VERB
qari/ttir	VERB
qaric	NOUN,VERB
qaricla	VERB
qariclik	NOUN
qarilarca	NOUN
qarilik	NOUN
qarilla	VERB
qarimsiq	ADJ,NOUN
qarimta	NOUN
qarin/doş	VERB
qarin/doşlaş	VERB
qarindoş	NOUN
qarindoş-urug	NOUN
qarindoşcilik	NOUN
qarindoşlik	NOUN
qarit	VERB
qariya	NOUN
qariyb	ADV,NOUN
qarişqul	NOUN
qarkara	NOUN
qarligoc	NOUN
qarluq	NOUN
qarma	NOUN,VERB
qarmaş	VERB
qarmib	NOUN
qarmoq	NOUN
qarnob	NOUN
qaro	NOUN
qarobat	NOUN
qarog	NOUN
qarol	NOUN
qarollik	NOUN
qaroqci	NOUN
qaroqcilik	NOUN
qaror	NOUN,VERB
qaror/siz	VERB
qaror/sizlan	VERB
qarorboz	NOUN
qarorbozlik	NOUN
qarorgoh	NOUN
qarorlaştir	VERB
qarorlik	NOUN
qarorsiz	NOUN
qarorsizlik	NOUN
qarov	NOUN
qarovci	NOUN
qarovsiz	NOUN
qarovsizlik	NOUN
qarqara	NOUN
qarqunoq	NOUN
qarri	NOUN
qars	IMIT,NOUN,VERB
qars-qars	IMIT
qars-qurs	IMIT
qars/illa	VERB
qars/illat	VERB
qarsak	NOUN
qarsakboz	NOUN
qarsakbozlik	NOUN
qarsakci	NOUN
qarsilla	NOUN,VERB
qarsillama	NOUN
qarsoq	NOUN
qart-qurt	IMIT
qarta	NOUN
qartaboz	NOUN
qartabozlik	NOUN
qartang	NOUN
qartay	VERB
qartaytir	VERB
qarz	NOUN
qarzdor	NOUN
qarzdorlik	NOUN
qarş	NOUN
qarşi	AUX,NOUN,VERB
qarşi/la	VERB
qarşi/lan	VERB
qarşi/laş	VERB
qarşila	VERB
qarşilik	NOUN
qarşiliq	NOUN
qarşimat	NOUN
qarşimuhammad	NOUN
qarşimurod	NOUN
qarşisida	AUX
qarşitoy	NOUN
qarşl	NOUN
qas	NOUN,VERB
qas/moq/la	VERB
qas/moq/lan	VERB
qas/moq/las	VERB
qas/moq/laş	VERB
qasam	NOUN
qasamed	NOUN
qasamxor	NOUN
qasamxorlik	NOUN
qasamyod	NOUN
qasava	NOUN
qasd	ADV,NOUN,VERB
qasdan	ADV
qasddan	ADV
qasdlan	VERB
qasdlaş	VERB
qasdlik	NOUN
qasdma-qasdga	ADV
qasdma-qasdiga	ADV
qasida	NOUN
qasidaci	NOUN
qasidanavis	NOUN
qasir	NOUN,VERB
qasir-qusur	IMIT
qasir/la	VERB
qasir/lat	VERB
qasirga	NOUN
qasirla	VERB
qasmoqla	VERB
qasos	ADJ,NOUN
qasosci	NOUN
qasoskor	ADJ,NOUN
qasqon	NOUN
qasr	NOUN
qasrat	NOUN
qassob	NOUN
qassobcilik	NOUN
qassoblik	NOUN
qat	NOUN,VERB
qat/im	VERB
qat/ima	VERB
qat/la	VERB
qat/lam\la	VERB
qat/lam\la\n	VERB
qat/lam\la\t	VERB
qat/lan	VERB
qat/lat	VERB
qatagon	NOUN
qatakca	NOUN
qatan	NOUN
qatar	NOUN
qatil	VERB
qatim	NOUN
qatinazar	NOUN
qatiq	NOUN,VERB
qatiq/la	VERB
qatiq/lan	VERB
qatiqci	NOUN
qatiqla	VERB
qatir	VERB
qatir/la	VERB
qatir/lat	VERB
qatir/ma	VERB
qatir/malan	VERB
qatir/malaş	VERB
qatirla	VERB
qatirmoc	NOUN
qatiy	ADV,NOUN,VERB
qatiy/laş	VERB
qatiy/laştir	VERB
qatiyan	ADV
qatiyat	NOUN
qatiyatsiz	NOUN
qatiyatsizlik	NOUN
qatiylaş	VERB
qatiylik	NOUN
qatl	NOUN
qatla	NOUN,VERB
qatlam	NOUN
qatlama	NOUN
qatlgoh	NOUN
qatna	NOUN,VERB
qatna/t	VERB
qatna/ttir	VERB
qatna/ş	VERB
qatna/ştir	VERB
qatnal	VERB
qatnat	VERB
qatnaş	NOUN,VERB
qatnaşci	NOUN
qatnaşuv	NOUN
qatnaşuvci	NOUN
qatno	NOUN
qatnov	NOUN
qator	ADV,NOUN,VERB
qator/la	VERB
qator/lan	VERB
qator/laş	VERB
qator/laş\tir	VERB
qatorasiga	ADV
qatorla	VERB
qatorma-qator	ADV
qatqa/loq	VERB
qatqa/loqlan	VERB
qatqaloq	NOUN
qatqorin	NOUN
qatra	NOUN
qatron	NOUN,VERB
qatron/la	VERB
qatron/lan	VERB
qatronla	VERB
qattiq	ADJ,NOUN,VERB
qattiq/la	VERB
qattiq/la\ş	VERB
qattiq/lan	VERB
qattiqci	NOUN
qattiqcilik	NOUN
qattiqla	VERB
qattiqlik	NOUN
qattiqqol	ADJ,NOUN
qattiqqollik	NOUN
qattiqqul	NOUN
qattiqqullik	NOUN
qattol	NOUN
qav	NOUN,VERB
qavar	ADJ,NOUN,VERB
qavarciq	NOUN
qavaril	VERB
qavarinqi	NOUN
qavariq	ADJ,NOUN
qavart	NOUN,VERB
qavartir	VERB
qavartma	NOUN
qavat	ADV,NOUN,VERB
qavat/la	VERB
qavat/lan	VERB
qavat/lat	VERB
qavat/laş	VERB
qavatiga	ADV
qavatla	VERB
qavcin	NOUN
qavgo	NOUN
qavi	VERB
qavi/t	VERB
qavi/ttir	VERB
qavi/ş	VERB
qavi/ştir	VERB
qavil	VERB
qavima	NOUN
qaviq	NOUN
qaviqci	NOUN
qavit	VERB
qaviy	NOUN
qaviş	VERB
qavl	NOUN
qavm	NOUN
qavom	NOUN
qavomiddin	NOUN
qavrak	NOUN
qavraq	NOUN
qavs	NOUN
qavsboy	NOUN
qavsob	NOUN
qaxramon	NOUN
qaxxor	NOUN
qay	NOUN,VERB
qaybir	NOUN
qayci	NOUN,VERB
qayci/la	VERB
qayci/lan	VERB
qayci/lat	VERB
qaycibarg	NOUN
qaycila	VERB
qaycili	NOUN
qayd	NOUN
qaydam	NOUN
qaydan	NOUN
qayer	NOUN
qayerda	NOUN
qayerdalik	NOUN
qayerlik	NOUN
qaygu	ADJ,NOUN,VERB
qaygu/la	VERB
qaygu/lan	VERB
qaygudoş	NOUN
qayguli	ADJ
qaygur	VERB
qayguriş	VERB
qaygurtir	VERB
qayil	NOUN,VERB
qayiltir	VERB
qayim	NOUN
qayin	NOUN
qayinboyin	NOUN
qayinzor	NOUN
qayinzornbuyin	NOUN
qayiq	NOUN
qayiqci	NOUN
qayiqciliq	NOUN
qayiqsoz	NOUN
qayiqsozlik	NOUN
qayir	NOUN,VERB
qayirboy	NOUN
qayiriş	VERB
qayirma	NOUN
qayirtir	VERB
qayiş	NOUN,VERB
qayişqoq	NOUN
qayişqoqlik	NOUN
qayiştir	VERB
qayla	NOUN
qayliq	NOUN
qaymoq	NOUN,VERB
qaymoqdon	NOUN
qaymoqlan	VERB
qaymoqlaş	VERB
qaymoqxor	NOUN
qaymoqxorlik	NOUN
qayna	ADJ,NOUN,VERB
qayna/t	VERB
qayna/til	VERB
qayna/ttir	VERB
qaynaga	NOUN
qaynama	NOUN
qaynana	NOUN
qaynar	NOUN
qaynarbuloq	NOUN
qaynarjon	NOUN
qaynaroy	NOUN
qaynat	ADJ,VERB
qaynata	NOUN
qaynatma	ADJ
qaynaş	VERB
qaynegaci	NOUN
qayni	NOUN
qaynini	NOUN
qayno	ADJ
qaynoq	ADJ
qaynota	NOUN
qaynsingil	NOUN
qayqi	NOUN
qayql	NOUN
qayr	VERB
qayra	VERB
qayragoc	NOUN
qayragoczor	NOUN
qayral	VERB
qayrat	VERB
qayraş	VERB
qayril	NOUN,VERB
qayriltir	VERB
qayro	NOUN
qayroq	NOUN
qayroqboz	NOUN
qayroqbozlik	NOUN
qayroqi	NOUN
qayroqqum	NOUN
qayroqtoş	NOUN
qays	NOUN
qaysa	NOUN
qaysar	ADJ,NOUN,VERB
qaysarbek	NOUN
qaysarlan	VERB
qaysarlaş	VERB
qaysarlik	NOUN
qayt	ADJ,NOUN,VERB
qayt/ar	VERB
qayt/aril	VERB
qayt/ariş	VERB
qayt/artir	VERB
qayta	ADV,NOUN,VERB
qayta-qayta	ADV
qayta/la	VERB
qayta/lan	VERB
qayta/laş	VERB
qayta/qila	VERB
qayta/qilan	VERB
qaytadan	ADV
qaytala	VERB
qaytanga	NOUN
qaytaqila	VERB
qaytar	NOUN,VERB
qaytar\gic	NOUN
qaytar\iq	NOUN
qaytarboy	NOUN
qaytargic	NOUN
qaytaruv	NOUN
qaytaruvci	NOUN
qaytgan	NOUN
qaytil	VERB
qaytim	NOUN
qaytiş	VERB
qaytmas	ADJ,NOUN
qaytmaslik	NOUN
qayum	NOUN
qayyum	NOUN
qaz	NOUN,VERB
qaz/dir	VERB
qaz/diril	VERB
qaz/dirtir	VERB
qazdir	VERB
qazgoq	NOUN,VERB
qazgoqla	VERB
qazi	NOUN,VERB
qazi/t	VERB
qazi/ttir	VERB
qazil	NOUN,VERB
qazilma	NOUN
qazit	VERB
qaziş	NOUN,VERB
qazişma	NOUN
qazna	NOUN,VERB
qaznaboy	NOUN
qaznala	VERB
qazno	NOUN
qaznoq	NOUN
qazo	NOUN
qazuv	NOUN
qazuvci	NOUN
qaş	VERB
qaş/la	VERB
qaş/lan	VERB
qaş/lat	VERB
qaş/lat\tir	VERB
qaşi	VERB
qaşi/t	VERB
qaşi/ttir	VERB
qaşin	VERB
qaşintir	VERB
qaşit	VERB
qaşiş	VERB
qaşla	NOUN,VERB
qaşlagic	NOUN
qaşov	NOUN,VERB
qaşovla	VERB
qaşqa	NOUN
qaşqadaryo	NOUN
qaşqal	NOUN
qaşqaldoq	NOUN
qaşqar	ADJ,NOUN
qaşqarbeda	NOUN
qaşqarca	ADJ,NOUN
qaşqargul	NOUN
qaşqari	NOUN
qaşqarlik	NOUN
qaşqartoy	NOUN
qaşqasoy	NOUN
qaşqir	NOUN
qaşqirboy	NOUN
qaşşang	NOUN
qaşşanglik	NOUN
qaşşoq	ADJ,NOUN
qaşşoq/la	VERB
qaşşoq/lan	VERB
qaşşoq/laş	VERB
qaşşoqlik	NOUN
qel	NOUN
qibla	NOUN
qiblagoh	NOUN
qiblanamo	NOUN
qiblanoma	NOUN
qibray	NOUN
qic	NOUN,VERB
qica	VERB
qicat	VERB
qici	NOUN,VERB
qici/n	VERB
qici/ntir	VERB
qici/t	VERB
qici/ttir	VERB
qici/ş	VERB
qici/ştir	VERB
qicima	NOUN
qicin	VERB
qiciq	NOUN
qiciqlik	NOUN
qicir	VERB
qicir/la	VERB
qicir/lat	VERB
qicirla	VERB
qicit	NOUN,VERB
qicitqi	NOUN
qiciş	VERB
qicov	NOUN
qicqir	NOUN,VERB
qicqiriq	NOUN
qicqiriş	VERB
qicqirt	VERB
qicqirtir	VERB
qidir	NOUN,VERB
qidiril	VERB
qidiriş	VERB
qidirt	VERB
qidirtir	VERB
qidiruv	NOUN
qig	VERB
qigilla	VERB
qigqig	VERB
qigqigla	VERB
qil	NOUN,VERB
qil/dir	VERB
qil/diriş	VERB
qil/dirtir	VERB
qila	NOUN
qildir	VERB
qilgilik	NOUN
qilgiliq	NOUN
qilic	NOUN,VERB
qilic/la	VERB
qilic/laş	VERB
qilicberdi	NOUN
qilicbog	NOUN
qilicboz	NOUN
qilicbozlik	NOUN
qilicla	VERB
qilicmamat	NOUN
qilicmirza	NOUN
qilicmuhammad	NOUN
qilicniyoz	NOUN
qilicturdi	NOUN
qilictursin	NOUN
qilicxon	NOUN
qilicyoz	NOUN
qililon	NOUN
qilin	VERB
qiliq	NOUN
qiliş	VERB
qilkoprik	NOUN
qilmiş	NOUN
qilp	VERB
qilp/illa	VERB
qilp/illat	VERB
qilpang	VERB
qilpang-qilpang	IMIT
qilpang/la	VERB
qilpang/lat	VERB
qilpangi	NOUN
qilpangla	VERB
qilpilla	VERB
qilq	VERB
qilq/illa	VERB
qilq/illat	VERB
qilqilla	VERB
qilt	VERB
qilt/illa	VERB
qilt/illat	VERB
qilt/illaş	VERB
qiltang	VERB
qiltang/la	VERB
qiltang/lat	VERB
qiltangla	VERB
qiltanoq	NOUN
qiltilla	VERB
qiltiq	NOUN
qiltir	ADJ
qiltiriq	ADJ,NOUN
qilto	NOUN
qiluvci	NOUN
qilvir	NOUN
qilvirlik	NOUN
qimci	VERB
qimcit	VERB
qimir	NOUN,VERB
qimir/la	VERB
qimir/lat	VERB
qimir/lat\iş	VERB
qimir/laş	VERB
qimirla	VERB
qimirxon	NOUN
qimiz	NOUN
qimizak	NOUN
qimizxor	NOUN
qimizxorlik	NOUN
qimmat	ADJ,NOUN,VERB
qimmat/la	VERB
qimmat/lan	VERB
qimmat/laş	VERB
qimmat/laş\tir	VERB
qimmat/siz	VERB
qimmat/sizlan	VERB
qimmatali	NOUN
qimmatbaho	ADJ
qimmatbu	NOUN
qimmatci	NOUN
qimmatcilik	NOUN
qimmatfuruş	NOUN
qimmatfuruşlik	NOUN
qimmatli	ADJ
qimmatoy	NOUN
qimmatqul	NOUN
qimmatsira	VERB
qimmatsiz	NOUN
qimmatsizlik	NOUN
qimor	NOUN
qimorboz	NOUN
qimorbozlik	NOUN
qimorxona	NOUN
qimron	NOUN
qimsan	NOUN
qimsanoy	NOUN
qimsi	VERB
qimsin	VERB
qimti	VERB
qimtil	VERB
qimtin	VERB
qin	NOUN
qingay	VERB
qingaytir	VERB
qingir	ADJ,NOUN,VERB
qingir-qiyşiq	ADJ
qingirlan	VERB
qingirlaş	VERB
qingirlik	NOUN
qink	NOUN
qip-qizil	ADJ
qipcoq	NOUN
qipcoqdaryo	NOUN
qipcoqlar	NOUN
qipcoqqul	NOUN
qipiq	NOUN
qipqiz	VERB
qipqizar	VERB
qipyalangoc	ADJ
qiq	VERB
qiqilla	VERB
qiqir	VERB
qiqir/la	VERB
qiqir/lat	VERB
qiqir/laş	VERB
qiqirla	VERB
qir	NOUN,VERB
qir/dir	VERB
qir/dirt	VERB
qir/dirtir	VERB
qir/il	VERB
qir/iliş	VERB
qir/iltir	VERB
qir/iş	VERB
qir/iştir	VERB
qir/moc	VERB
qir/moclan	VERB
qirci	VERB
qircilla	VERB
qircillat	VERB
qirdir	VERB
qirgi	NOUN
qirgic	NOUN
qirgin	NOUN
qirginci	NOUN
qirgincilik	NOUN
qirgiy	NOUN
qirgiyak	NOUN
qirgiz	NOUN
qirgizali	NOUN
qirgizboy	NOUN
qirgiziston	NOUN
qirgizlar	NOUN
qirgizoy	NOUN
qirgoq	NOUN
qirgovul	NOUN
qirguli	NOUN
qiril	VERB
qirin	VERB
qirindi	NOUN
qirjigit	NOUN
qirlik	NOUN
qirma	NOUN
qirmaci	NOUN
qirmirza	NOUN
qirmiska	NOUN
qirmiza	NOUN
qirmizak	NOUN
qirmizgul	NOUN
qirmizi	ADJ,NOUN
qirmizoy	NOUN
qirmizxon	NOUN
qirmoc	NOUN
qirnoq	NOUN
qiroat	NOUN
qiroatci	NOUN
qiroatcilik	NOUN
qiroatxon	NOUN
qiroatxona	NOUN
qiroatxonlik	NOUN
qirol	NOUN
qirolica	NOUN
qirollik	NOUN
qiron	NOUN
qironboy	NOUN
qironqarga	NOUN
qironqora	NOUN
qirov	NOUN,VERB
qirov/la	VERB
qirov/lan	VERB
qirovla	VERB
qirovli	NOUN
qirpi	NOUN
qirpicoq	NOUN
qirpilan	VERB
qirq	NOUN,NUM,VERB
qirqbogim	NOUN
qirqbugin	NOUN
qirqda	NUM
qirqdaman	NUM
qirqdan	NUM
qirqga	NUM
qirqim	NOUN
qirqinci	NUM
qirqkokil	NOUN
qirqlab	NUM
qirqlamci	NUM
qirqlarca	NUM
qirqni	NUM
qirqning	NUM
qirqogayni	NOUN
qirqoyoq	NOUN
qirqqiz	NOUN
qirqquloq	NOUN
qirqta	NUM
qirqtaca	NUM
qirqtadan	NUM
qirqyamoq	ADJ
qirra	NOUN
qirs	NOUN
qirt	NOUN
qiruvci	NOUN
qis	ADJ,NOUN,VERB
qis/il	VERB
qis/iliş	VERB
qis/iltir	VERB
qis/im	VERB
qis/imla	VERB
qis/imla\t	VERB
qis/qa	VERB
qis/qalaş	VERB
qis/qar	VERB
qis/qar\t	VERB
qis/qar\tir	VERB
qis/qar\tir\il	VERB
qis/qay	VERB
qisat	VERB
qisil	VERB
qisilinqira	VERB
qisim	NOUN
qisim-qimtib	ADV
qisin	NOUN,VERB
qisinqi	NOUN
qisinqilik	NOUN
qisinqira	VERB
qisintir	VERB
qisiq	NOUN
qisiqlik	NOUN
qisir	IMIT,VERB
qisir/la	VERB
qisir/lan	VERB
qisir/lat	VERB
qisirla	VERB
qisiş	VERB
qism	NOUN
qismat	NOUN
qisqa	ADJ,NOUN
qisqacalik	NOUN
qisqalik	NOUN
qisqar	NOUN
qisqaradigan	NOUN
qisqaradiganlik	NOUN
qisqart	NOUN
qisqartma	NOUN
qisqaruv	NOUN
qisqaruvcan	NOUN
qisqaruvcanlik	NOUN
qisqasi	ADV
qisqic	NOUN
qisqicbaqa	NOUN
qissa	NOUN
qissaci	NOUN
qissacilik	NOUN
qissagoy	NOUN
qissagoylik	NOUN
qissanavis	NOUN
qissanavislik	NOUN
qissaxon	NOUN
qissaxonlik	NOUN
qista	VERB
qista/lang	VERB
qista/langla	VERB
qista/langla\ş	VERB
qistalang	NOUN
qistalanglik	NOUN
qistat	VERB
qistaş	VERB
qistir	NOUN,VERB
qistirgic	NOUN
qistiriklik	NOUN
qistiril	VERB
qistiriq	NOUN
qistiriqlik	NOUN
qistiriş	VERB
qistirtir	VERB
qisto	NOUN
qisto/q	VERB
qisto/qla	VERB
qistov	NOUN
qita	NOUN
qitalararo	NOUN
qitil	VERB
qitilla	VERB
qitiq	NOUN,VERB
qitiq/la	VERB
qitiq/lan	VERB
qitiq/laş	VERB
qitiqla	NOUN,VERB
qitiqlagic	NOUN
qitiqlo	NOUN
qitiqlovci	NOUN
qitir/la	VERB
qitir/lat	VERB
qitmir	NOUN,VERB
qitmirlan	VERB
qitmirlaş	VERB
qitmirlik	NOUN
qittak	ADV
qittaq	NOUN
qittay	ADV,NOUN
qivomiddin	NOUN
qixa	NOUN
qixqix	VERB
qixqixla	VERB
qiy	NOUN,VERB
qiy-cuv	IMIT
qiy/dir	VERB
qiy/dirt	VERB
qiy/dirtir	VERB
qiy/illa	VERB
qiy/illat	VERB
qiy/iş	VERB
qiy/işiş	VERB
qiy/ma	VERB
qiy/mala	VERB
qiy/mala\n	VERB
qiy/mala\t	VERB
qiya	ADJ,NOUN,VERB
qiya/la	VERB
qiya/lan	VERB
qiya/lat	VERB
qiya/laş	VERB
qiyala	ADJ,VERB
qiyalama	ADJ
qiyalik	NOUN
qiyama	NOUN
qiyamalik	NOUN
qiybosar	NOUN
qiycuv	VERB
qiycuvla	VERB
qiycuvlaş	VERB
qiydir	VERB
qiygir	NOUN
qiygoc	NOUN
qiygos	ADV
qiyil	VERB
qiyilla	VERB
qiyin	ADJ,NOUN,VERB
qiyin/laş	VERB
qiyin/laştir	VERB
qiyincilik	NOUN
qiyindi	NOUN
qiyinlaş	VERB
qiyinlik	NOUN
qiyiq	NOUN
qiyiqlik	NOUN
qiyiş	VERB
qiyla	NOUN
qiylakor	NOUN
qiyma	NOUN
qiymat	NOUN
qiymataxta	NOUN
qiymatbaho	NOUN
qiymatşunos	NOUN
qiymoq	NOUN
qiyn	NOUN
qiyna	VERB
qiyna/t	VERB
qiyna/ttir	VERB
qiynal	VERB
qiynaliş	VERB
qiynat	VERB
qiynaş	VERB
qiyno	NOUN
qiyno/q	VERB
qiyno/qla	VERB
qiynoq	NOUN
qiynoqxona	NOUN
qiynov	NOUN
qiyo	VERB
qiyo/q	VERB
qiyo/qla	VERB
qiyofa	NOUN
qiyofat	NOUN
qiyola	VERB
qiyom	NOUN
qiyomat	NOUN
qiyomiddin	NOUN
qiyoq	NOUN
qiyoqzor	NOUN
qiyos	ADV,NOUN,VERB
qiyosan	ADV
qiyosboy	NOUN
qiyosla	VERB
qiyot	NOUN
qiyotboy	NOUN
qiypang	VERB
qiypang/la	VERB
qiypang/laş	VERB
qiypangla	VERB
qiypicoq	NOUN
qiyq	NOUN,VERB
qiyq/illa	VERB
qiyq/illat	VERB
qiyqa	NOUN
qiyqang	VERB
qiyqang/la	VERB
qiyqang/lan	VERB
qiyqang/laş	VERB
qiyqangla	VERB
qiyqilla	VERB
qiyqim	NOUN
qiyqindi	NOUN
qiyqir	NOUN,VERB
qiyqir/a	VERB
qiyqir/at	VERB
qiyqiriq	NOUN
qiyqiriş	VERB
qiyqirt	VERB
qiyqirtir	VERB
qiyra	VERB
qiyra/t	VERB
qiyra/til	VERB
qiyrat	VERB
qiytiq	NOUN
qiyşang	VERB
qiyşang/la	VERB
qiyşang/laş	VERB
qiyşangi	NOUN
qiyşangla	VERB
qiyşay	VERB
qiyşayiş	VERB
qiyşayt	VERB
qiyşaytir	VERB
qiyşiq	ADJ,NOUN
qiyşiqlik	NOUN
qiz	ADJ,NOUN,VERB
qiz-juvon	NOUN
qiz-juvonlar	NOUN
qiz/ar	VERB
qiz/arib-boz	VERB
qiz/arib-bozar	VERB
qiz/arin	VERB
qiz/arinqira	VERB
qiz/ariş	VERB
qiz/art	VERB
qiz/artir	VERB
qiz/dir	VERB
qiz/diriş	VERB
qiz/gin	VERB
qiz/ginlaş	VERB
qiz/ginlaş\tir	VERB
qiz/i	VERB
qiz/iq	VERB
qiz/iqiş	VERB
qiz/iqsin	VERB
qiz/iqtir	VERB
qiz/it	VERB
qiz/it\il	VERB
qiz/it\tir	VERB
qiz/iş	VERB
qiz/iştir	VERB
qizaloq	NOUN
qizamiq	NOUN
qizar	VERB
qizbeka	NOUN
qizbibi	NOUN
qizbuvi	NOUN
qizdir	NOUN,VERB
qizdirgic	NOUN
qizdiril	VERB
qizgan	ADJ,NOUN,VERB
qizganciq	ADJ,NOUN
qizganciqlik	NOUN
qizganiş	VERB
qizgantir	VERB
qizgin	ADJ,NOUN
qizginlik	NOUN
qizgiş	ADJ
qizi	VERB
qizigar	NOUN
qizil	ADJ,NOUN,VERB
qizilboş	NOUN
qizilca	NOUN
qizilcay	NOUN
qizilgul	NOUN
qizilişton	NOUN
qizillaş	VERB
qizillik	NOUN
qizilmagiz	NOUN
qizilmiya	NOUN
qizilnura	NOUN
qizilongac	NOUN
qizilorda	NOUN
qiziloy	NOUN
qiziloyoq	NOUN
qizilqum	NOUN
qizilquyruq	NOUN
qizilsoy	NOUN
qizilsuv	NOUN
qiziltepa	NOUN
qiziltoş	NOUN
qizilurug	NOUN
qiziq	ADJ,NOUN,VERB
qiziqarli	ADJ
qiziqci	NOUN
qiziqcilik	NOUN
qiziqlik	NOUN
qiziqqon	ADJ,NOUN
qiziqqonlik	NOUN
qiziquv	NOUN
qiziquvcan	ADJ,NOUN
qiziquvcanlik	NOUN
qizitaloq	NOUN
qiziş	VERB
qizjon	NOUN
qizketgan	NOUN
qizlar	NOUN
qizlarbas	NOUN
qizlarbegi	NOUN
qizlarbek	NOUN
qizlarbeka	NOUN
qizlarbibi	NOUN
qizlarbuviş	NOUN
qizlardono	NOUN
qizlareson	NOUN
qizlargul	NOUN
qizlarjon	NOUN
qizlarmomo	NOUN
qizlaroy	NOUN
qizlarraso	NOUN
qizlarsari	NOUN
qizlarsoat	NOUN
qizlarsuluv	NOUN
qizlartamom	NOUN
qizlartora	NOUN
qizlarxon	NOUN
qizlarşo	NOUN
qizlik	NOUN
qizoy	NOUN
qizoyim	NOUN
qizoşi	NOUN
qizquş	NOUN
qiztaloq	NOUN
qiztumas	NOUN
qizuvcan	NOUN
qizuvcanlik	NOUN
qizyetar	NOUN
qiş	ADJ,NOUN,VERB
qişbop	ADJ
qişin-yozin	ADV
qişki	ADJ
qişla	VERB
qişlat	VERB
qişlaş	VERB
qişlik	NOUN
qişlo	NOUN
qişloq	ADJ,ADV,NOUN
qişloqca	ADV
qişloqcasiga	ADV
qişloqcilik	NOUN
qişloqi	ADJ
qişloqlik	NOUN
qişlov	NOUN
qişlovci	NOUN
qlrgiz	NOUN
qobil	ADJ,NOUN,VERB
qobila	NOUN
qobilbibi	NOUN
qobilbu	NOUN
qobilca	NOUN
qobilgora	NOUN
qobiliyat	NOUN
qobiliyatsiz	NOUN
qobiliyatsizlik	NOUN
qobiljon	NOUN
qobillaş	VERB
qobillik	NOUN
qobilxon	NOUN
qobilyat	ADJ
qobilyatli	ADJ
qobilyatsiz	ADJ
qobin	NOUN
qobiq	NOUN
qobirga	NOUN
qobirgasoc	NOUN
qobiz	NOUN
qobizci	NOUN
qobon	NOUN
qobul	NOUN
qoc	ADJ,NOUN,VERB
qoc/ir	VERB
qoc/iril	VERB
qoc/irtir	VERB
qoc/oq	VERB
qoc/oqlan	VERB
qocci	NOUN
qocil	VERB
qocinqira	VERB
qocir	NOUN,VERB
qocirim	NOUN
qociriq	NOUN
qocirma	NOUN
qociş	VERB
qocoq	ADJ
qocqin	NOUN
qocqinci	NOUN
qocqindi	NOUN
qocqinlik	NOUN
qocqir	NOUN
qocqirlik	NOUN
qocqoq	NOUN
qocqoqlik	NOUN
qocqor	NOUN
qocqorali	NOUN
qocqorbuloq	NOUN
qocqorqul	NOUN
qodir	NOUN
qodira	NOUN
qodirali	NOUN
qodiraliyev	NOUN
qodiraliyeva	NOUN
qodirbek	NOUN
qodirberdi	NOUN
qodirbergan	NOUN
qodirgiyoz	NOUN
qodiriddin	NOUN
qodirlik	NOUN
qodirmamat	NOUN
qodirmat	NOUN
qodirmurod	NOUN
qodirnazar	NOUN
qodirniso	NOUN
qodirniyoz	NOUN
qodirqul	NOUN
qodirxoja	NOUN
qodirxon	NOUN
qof	NOUN
qofila	NOUN
qofiya	NOUN,VERB
qofiya/la	VERB
qofiya/lan	VERB
qofiyaboz	NOUN
qofiyabozlik	NOUN
qofiyadoş	NOUN
qofiyadoşlik	NOUN
qofiyala	VERB
qoga	NOUN
qogazor	NOUN
qogircoq	NOUN
qogircoqboz	NOUN
qogircoqbozlik	NOUN
qogirmoc	NOUN
qogonoq	NOUN
qogoz	NOUN
qogozboz	NOUN
qogozbozlik	NOUN
qogozjild	NOUN
qohir	NOUN
qohira	NOUN
qoida	NOUN,VERB
qoida/laş	VERB
qoida/laştir	VERB
qoida/laştir\il	VERB
qoidabuzar	NOUN
qoidabuzarlik	NOUN
qoidalaş	VERB
qoim	NOUN
qoitikan	NOUN
qoixona	NOUN
qol	ADJ,ADV,NOUN,VERB
qol/dir	VERB
qol/diril	VERB
qol/diriş	VERB
qol/dirtir	VERB
qol/la	VERB
qol/lab-qoltiq	VERB
qol/lab-qoltiqla	VERB
qol/lab-qoltiqla\n	VERB
qol/lab-qoltiqla\ş	VERB
qol/lab-quvvat	VERB
qol/lab-quvvatla	VERB
qol/lab-quvvatla\n	VERB
qol/lan	VERB
qol/lat	VERB
qol/laş	VERB
qol/oq	VERB
qol/oqlaş	VERB
qolan	VERB
qolansa	ADJ,NOUN
qolansalik	NOUN
qolansi	VERB
qolantayoq	ADV,NOUN
qolbog	NOUN
qolbola	NOUN
qoldi	NOUN
qoldigul	NOUN
qoldiq	NOUN
qoldiqiz	NOUN
qoldiqul	NOUN
qoldir	VERB
qoldoim	NOUN
qoldoş	NOUN
qoldoşali	NOUN
qoldoşmat	NOUN
qolhunar	NOUN
qolip	NOUN,VERB
qolip/la	VERB
qolip/lan	VERB
qolip/lat	VERB
qolip/laş	VERB
qolipci	NOUN
qolipcilik	NOUN
qolipla	VERB
qoliplo	NOUN
qoliplov	NOUN
qoliplovci	NOUN
qoliş	VERB
qoljon	NOUN
qolla	ADV,NOUN,VERB
qollab	ADV
qollan	NOUN,VERB
qollanil	VERB
qollanma	NOUN
qollik	NOUN
qolma-qol	ADV,VERB
qolma-qolla	VERB
qoloq	ADJ,NOUN
qoloqlik	NOUN
qolqanot	NOUN
qolqolterak	NOUN
qolqon	NOUN
qolqop	NOUN
qoltiklat	NOUN
qoltiq	NOUN,VERB
qoltiq/la	VERB
qoltiq/lat	VERB
qoltiq/laş	VERB
qoltiqla	VERB
qoltiqtayoq	NOUN
qolyozma	NOUN
qomat	ADJ,NOUN
qomatdor	ADJ
qomgoq	NOUN
qomita	NOUN
qomon	NOUN
qomonda	NOUN
qomondon	NOUN
qomondonlik	NOUN
qomsa	VERB
qomsaş	VERB
qomus	NOUN
qomusci	NOUN
qon	ADJ,NOUN,VERB
qon-qaqşa	VERB
qon-qaqşat	VERB
qon-qardoş	NOUN
qon-qardoşlik	NOUN
qon/a	VERB
qon/at	VERB
qon/at\il	VERB
qon/at\tir	VERB
qon/dir	VERB
qon/diril	VERB
qon/dirtir	VERB
qon/iq	VERB
qon/iqsin	VERB
qon/iqtir	VERB
qon/iqtir\il	VERB
qon/la	VERB
qon/laş	VERB
qon/oq	VERB
qon/oqla	VERB
qon/oqla\ş	VERB
qon/siz	VERB
qon/sizla\n	VERB
qon/sizla\ş	VERB
qona	VERB
qonboq	NOUN
qoncup	NOUN
qondim	NOUN
qondimoy	NOUN
qondimxon	NOUN
qondiq	NOUN
qondir	VERB
qondiriş	VERB
qondo/q	VERB
qondo/qla	VERB
qondo/qla\n	VERB
qondoq	NOUN
qondoş	NOUN
qongir	ADJ,NOUN
qongirboy	NOUN
qongirobod	NOUN
qongiroq	NOUN
qongiroqgul	NOUN
qongirot	NOUN
qongiroy	NOUN
qongiz	NOUN
qongtrtog	NOUN
qoni-qoşni	NOUN
qoni-qoşnicilik	NOUN
qonim	NOUN
qonimlik	NOUN
qonimsiz	NOUN
qonimsizlik	NOUN
qoniq	NOUN,VERB
qoniqquv	NOUN
qoniqquvlik	NOUN
qoniş	VERB
qonj	NOUN
qonla	VERB
qonli	ADJ
qonlik	NOUN
qonliq	NOUN
qonon	NOUN
qonoq	NOUN
qonoqboy	NOUN
qonoqci	NOUN
qonoqxona	NOUN
qonqay	VERB
qonqay/tir	VERB
qonqay/tiril	VERB
qonqayiş	VERB
qonqaytir	VERB
qonqora	NOUN
qonsira	VERB
qonsiz	NOUN
qonsizlik	NOUN
qontalaş	VERB
qonun	ADV,NOUN,VERB
qonun/laş	VERB
qonun/laştir	VERB
qonun/laştir\il	VERB
qonunan	ADV,NOUN
qonunbuzar	NOUN
qonunbuzarlik	NOUN
qonunci	NOUN
qonuncilik	NOUN
qonuniy	ADJ,NOUN
qonuniyat	NOUN
qonuniylik	NOUN
qonunlaş	VERB
qonunsiz	NOUN
qonunsizlik	NOUN
qonunşunos	NOUN
qonunşunoslik	NOUN
qonxor	NOUN
qonxorlik	NOUN
qop	ADJ,NOUN,NUM,VERB
qop-qop	ADV
qop/la	VERB
qop/lan	VERB
qop/lat	VERB
qop/lat\il	VERB
qop/laş	VERB
qop/laş\tir	VERB
qopagon	ADJ
qopca	NOUN
qopciq	NOUN
qopi	NOUN
qopin	NOUN,VERB
qopiş	VERB
qopiştir	VERB
qopla	NOUN,VERB
qoplam	NOUN
qoplama	NOUN
qoplo	NOUN
qoplon	NOUN
qoplonbek	NOUN
qoplonmirza	NOUN
qoplov	NOUN
qoplovci	NOUN
qopol	ADJ,NOUN
qopol/la	VERB
qopol/lan	VERB
qopol/laş	VERB
qopollik	NOUN
qopon	NOUN
qopongic	NOUN
qopor	NOUN,VERB
qoporil	VERB
qoport	VERB
qoportir	VERB
qoporuvci	NOUN
qoporuvcilik	NOUN
qopqa	NOUN
qopqon	NOUN
qopqoq	NOUN,VERB
qopqoq/la	VERB
qopqoq/lan	VERB
qopqoq/lat	VERB
qopqoqla	VERB
qopqora	VERB
qopqoray	VERB
qopqoray\tir	VERB
qoptir	VERB
qopu	NOUN
qoq	NOUN,PRT,VERB
qoq/il	VERB
qoq/iltir	VERB
qoq/in	VERB
qoq/iniş	VERB
qoq/intir	VERB
qoq/iş	VERB
qoq/iştir	VERB
qoq/iştir\il	VERB
qoq/la	VERB
qoq/lan	VERB
qoq/lat	VERB
qoq/laş	VERB
qoqi	NOUN
qoqigul	NOUN
qoqil	VERB
qoqim	NOUN
qoqimci	NOUN
qoqin	NOUN,VERB
qoqirim	NOUN
qoqiş	VERB
qoqla	VERB
qoqma	NOUN
qoqon	NOUN
qoqonarava	NOUN
qoqonboy	NOUN
qoqongilos	NOUN
qoqongul	NOUN
qoqonjoxori	NOUN
qoqonjuxori	NOUN
qoqqay	VERB
qoqqay/tir	VERB
qoqqay/tiril	VERB
qoqqayiş	VERB
qoqqaytir	VERB
qoqqis	ADV
qoqqisdan	ADV,NOUN
qoqtir	VERB
qoqvoş	NOUN
qoqşol	NOUN
qor	NOUN,VERB
qor/iş	VERB
qor/iştir	VERB
qor/iştir\il	VERB
qora	ADJ,NOUN,VERB
qora-qura	ADJ
qora/la	VERB
qora/lan	VERB
qora/laş	VERB
qora/y	VERB
qora/yt	VERB
qora/ytir	VERB
qora/ytir\il	VERB
qoraahmad	NOUN
qoraandiz	NOUN
qoraarca	NOUN
qoraariq	NOUN
qorabaliq	NOUN
qorabarak	NOUN
qorabarlos	NOUN
qorabayir	NOUN
qoraberdi	NOUN
qorabog	NOUN
qorabola	NOUN
qorabotir	NOUN
qorabovur	NOUN
qoraboy	NOUN
qoraboş	NOUN
qorabugdoy	NOUN
qorabura	NOUN
qorabuzov	NOUN
qoraca	NOUN
qoracigirtka	NOUN
qoraciq	NOUN
qoraciriq	NOUN
qoracoc	NOUN
qoracori	NOUN
qoracoy	NOUN
qoracoylar	NOUN
qoradaryo	NOUN
qoradori	NOUN
qoragac	NOUN
qoragacin	NOUN
qoragoz	NOUN
qoragul	NOUN
qoraguzar	NOUN
qorahasan	NOUN
qorahusan	NOUN
qorajigar	NOUN
qorakaltak	NOUN
qorakaptar	NOUN
qorakaş	NOUN
qorakaşlik	NOUN
qorakesak	NOUN
qorakol	NOUN
qorakolci	NOUN
qorakolcilik	NOUN
qorakoljn	NOUN
qorakosov	NOUN
qorakoz	NOUN
qorakoza	NOUN
qorakul	NOUN
qorakulci	NOUN
qorakulcilik	NOUN
qorakuya	NOUN
qorakuz	NOUN
qorakuzat	NOUN
qorala	VERB
qoralayev	NOUN
qoralik	NOUN
qoralo	NOUN
qoralov	NOUN
qoralovci	NOUN
qoramagiz	NOUN
qoramaldoq	NOUN
qoramamat	NOUN
qoramanlis	NOUN
qoramarkovic	NOUN
qoramart	NOUN
qoramaşoq	NOUN
qoramgiz	NOUN
qoramiq	NOUN
qoramirza	NOUN
qoramol	NOUN
qoramolci	NOUN
qoramolcilik	NOUN
qoramon	NOUN
qoramotov	NOUN
qoramoy	NOUN
qoramta	NOUN
qoramtil	NOUN
qoramtir	ADJ
qoramug	NOUN
qoramuhammad	NOUN
qoramulla	NOUN
qoramurod	NOUN
qoraniyoz	NOUN
qoraoglon	NOUN
qoraozak	NOUN
qorapatak	NOUN
qorapocoq	NOUN
qorapolat	NOUN
qoraqalpogiston	NOUN
qoraqalpogistonlik	NOUN
qoraqalpoq	NOUN
qoraqalpoqlar	NOUN
qoraqand	NOUN
qoraqaragay	NOUN
qoraqarga	NOUN
qoraqasmoq	NOUN
qoraqayin	NOUN
qoraqipcoq	NOUN
qoraqiyets	NOUN
qoraqiyoq	NOUN
qoraqiz	NOUN
qoraqongirot	NOUN
qoraqovuq	NOUN
qoraqozi	NOUN
qoraqoş	NOUN
qoraqoşevic	NOUN
qoraquga	NOUN
qoraquiruq	NOUN
qoraqul	NOUN
qoraquloq	NOUN
qoraqum	NOUN
qoraqursoq	NOUN
qoraqurt	NOUN
qoraqutir	NOUN
qoraquş	NOUN
qorarat	NOUN
qorasoc	NOUN
qorason	NOUN
qorasovuq	NOUN
qorasoy	NOUN
qorasuluv	NOUN
qorasunqur	NOUN
qorasuv	NOUN
qorasuvbozor	NOUN
qorasuvbuloq	NOUN
qorasuvoq	NOUN
qoratariq	NOUN
qorategin	NOUN
qoraterl	NOUN
qoratikan	NOUN
qoratol	NOUN
qoratoy	NOUN
qoratoş	NOUN
qoratuproq	NOUN
qoratur	NOUN
qoraturgay	NOUN
qoraturiq	NOUN
qoratut	NOUN
qoravarak	NOUN
qoraxitoy	NOUN
qoraxoja	NOUN
qoraxol	NOUN
qoraxon	NOUN
qoraxoniy	NOUN
qoray	VERB
qorayaloq	NOUN
qorazira	NOUN
qorazirq	NOUN
qoraşaqşaq	NOUN
qoraşora	NOUN
qoraşura	NOUN
qoraşurva	NOUN
qorbeka	NOUN
qorbibi	NOUN
qorbika	NOUN
qorbobo	NOUN
qorboron	NOUN
qorbota	NOUN
qorboşi	NOUN
qorburon	NOUN
qorc	NOUN
qorciboy	NOUN
qordliq	NOUN
qorga	NOUN,VERB
qorgal	VERB
qorgi	NOUN
qorgic	NOUN
qorgon	NOUN,VERB
qorgonbegi	NOUN
qorgonboy	NOUN
qorgonca	NOUN
qorgondara	NOUN
qorgonla	VERB
qorgontepa	NOUN
qorgontoş	NOUN
qorgoşin	NOUN,VERB
qorgoşin/la	VERB
qorgoşin/lan	VERB
qorgoşinla	VERB
qori	NOUN,VERB
qoriburhon	NOUN
qorijon	NOUN
qoril	VERB
qorilik	NOUN
qorin	NOUN
qorinbog	NOUN
qorinbogic	NOUN
qorinca	NOUN
qoriniyoz	NOUN
qoriq	NOUN
qoriq/la	VERB
qoriq/lan	VERB
qoriq/laş	VERB
qoriqboy	NOUN
qoriqci	NOUN
qoriqcilik	NOUN
qoriqul	NOUN
qoriqxona	NOUN
qorit	VERB
qorixon	NOUN
qorixona	NOUN
qoriya	NOUN
qoriyaxon	NOUN
qoriyoldoş	NOUN
qoriyoqub	NOUN
qorizokir	NOUN
qoriş	NOUN,VERB
qorişiq	NOUN
qorişma	NOUN
qoriştir	NOUN
qoriştirgic	NOUN
qorjigit	NOUN
qorjob	NOUN
qorjon	NOUN
qorjovul	NOUN
qorkeldi	NOUN
qorli	NOUN
qorliboy	NOUN
qorlik	NOUN
qormurod	NOUN
qoro	NOUN
qorol	NOUN
qorongi	ADJ,NOUN,VERB
qorongi/la	VERB
qorongi/lan	VERB
qorongi/lat	VERB
qorongi/laş	VERB
qorongi/laş\tir	VERB
qorongila	VERB
qorongilik	NOUN
qorongizor	NOUN
qorovul	NOUN
qorovulbegi	NOUN
qorovulbozor	NOUN
qorovulcilik	NOUN
qorovullik	NOUN
qorovulxona	NOUN
qorq	ADJ,NOUN,VERB
qorq/it	VERB
qorq/itil	VERB
qorqa-pisa	ADV
qorqimsira	VERB
qorqinc	ADJ,NOUN
qorqincli	ADJ
qorqinqira	VERB
qorqit	VERB
qorqiz	NOUN
qorqiş	VERB
qorqmas	ADJ,NOUN
qorqmaslik	NOUN
qorqoq	ADJ,NOUN
qorqoqlik	NOUN
qorqqulik	NOUN
qorquv	NOUN
qors	ADJ,NOUN
qorslik	NOUN
qort	NOUN
qortiq	NOUN
qortiqci	NOUN
qortxona	NOUN
qorun	NOUN
qoruq	NOUN
qorxat	NOUN
qorxol	NOUN
qorxon	NOUN
qorxona	NOUN
qoryog	NOUN
qoryogdi	NOUN
qosid	NOUN
qosidulla	NOUN
qosim	NOUN
qosima	NOUN
qosimali	NOUN
qosimberdi	NOUN
qosimi	NOUN
qosimov	NOUN
qosimova	NOUN
qosimqul	NOUN
qosimtoy	NOUN
qosimxoja	NOUN
qosimyor	NOUN
qosimşo	NOUN
qosir	NOUN
qosmaldoq	NOUN
qosqi	NOUN
qostanay	NOUN
qot	NOUN,VERB
qotil	NOUN
qotillik	NOUN
qotir	NOUN,VERB
qotir/la	VERB
qotir/lan	VERB
qotirtoş	NOUN
qotiş	NOUN
qotişma	NOUN
qotma	NOUN
qotmaca	NOUN
qoton	NOUN,VERB
qotonkol	NOUN
qotonla	VERB
qotos	NOUN
qotqoq	NOUN
qotrangi	NOUN
qov	NOUN
qovdon	NOUN
qovga	NOUN
qovir	ADJ
qovirma	ADJ
qovjiro	NOUN
qovjiroq	NOUN
qovocak	NOUN
qovogari	NOUN
qovoq	NOUN
qovoqca	NOUN
qovoqdoş	NOUN
qovoqdoşlar	NOUN
qovoqgullilar	NOUN
qovoqxona	NOUN
qovoqxonaci	NOUN
qovun	NOUN
qovunboy	NOUN
qovunci	NOUN
qovuncilik	NOUN
qovunqoqi	NOUN
qovunxor	NOUN
qovunxorlik	NOUN
qovuq	NOUN
qovur	NOUN,VERB
qovurdoq	NOUN
qovurga	NOUN
qovuril	VERB
qovuriş	VERB
qovurma	NOUN
qovurmoc	NOUN
qovurtir	VERB
qovus	NOUN
qovuz	NOUN
qovuzgoq	NOUN
qovuzloq	NOUN
qovuş	NOUN,VERB
qovuş/tir	VERB
qovuş/tiril	VERB
qovuşoq	NOUN
qovuşoqlik	NOUN
qovuşoqliq	NOUN
qovuştir	VERB
qovzan	NOUN,VERB
qovzantir	VERB
qovzoq	NOUN
qoy	NOUN,PRT,VERB
qoy/dir	VERB
qoy/dirtir	VERB
qoya	NOUN
qoyagir	NOUN
qoyagirlik	NOUN
qoyakor	VERB
qoyaqol	VERB
qoyarda-qoymay	ADV
qoyatoş	NOUN
qoyatur	VERB
qoyaver	VERB
qoyboq	NOUN
qoyboqar	NOUN
qoyboş	NOUN
qoyci	NOUN
qoycilik	NOUN
qoyciqul	NOUN
qoycivon	NOUN
qoycivonlik	NOUN
qoydiqul	NOUN
qoydir	VERB
qoyil	INTJ,NOUN,VERB
qoyilmaqom	NOUN
qoyim	NOUN
qoyima	NOUN
qoyin	NOUN
qoying	NOUN,PRT
qoyingci	NOUN
qoyingki	PRT
qoyingqi	NOUN
qoyiş	VERB
qoykoz	NOUN
qoyli	NOUN
qoyliboy	NOUN
qoyliqul	NOUN
qoymurod	NOUN
qoyni	NOUN
qoysin	NOUN
qoysinoy	NOUN
qoysintoş	NOUN
qoysuluv	NOUN
qoytikan	NOUN
qoytikanak	NOUN
qoytoş	NOUN
qoyun	NOUN
qoz	NOUN,VERB
qoz/ga	VERB
qoz/gal	VERB
qoz/gal\iş	VERB
qoz/gal\tir	VERB
qoz/gat	VERB
qoz/gat\il	VERB
qozga	NOUN,VERB
qozgal	NOUN
qozgaluvcan	NOUN
qozgo	NOUN
qozgolon	NOUN
qozgolonci	NOUN
qozgoloncilik	NOUN
qozgoloni	NOUN
qozgovci	NOUN
qozi	NOUN,VERB
qozi/la	VERB
qozi/lat\il	VERB
qozibola	NOUN
qoziboqar	NOUN
qoziboz	NOUN
qozibozlik	NOUN
qozibu	NOUN
qozibuvi	NOUN
qozibuviş	NOUN
qozicoq	NOUN
qozidumba	NOUN
qozigul	NOUN
qozihaydar	NOUN
qozikalon	NOUN
qozila	VERB
qozilat	VERB
qozilik	NOUN
qozilola	NOUN
qozim	NOUN
qozimurod	NOUN
qozioy	NOUN
qoziq	NOUN
qoziqocqor	NOUN
qoziqorin	NOUN
qoziqquloq	NOUN
qoziqul	NOUN
qoziquloq	NOUN
qoziturdi	NOUN
qozivacca	NOUN
qozivon	NOUN
qozixol	NOUN
qozixon	NOUN
qozixona	NOUN
qoziyor	NOUN
qozizoda	NOUN
qozog	NOUN
qozogiston	NOUN
qozon	NOUN,VERB
qozon-tovoq	NOUN
qozonca	NOUN
qozonci	NOUN
qozoncilik	NOUN
qozonkabob	NOUN
qozonxona	NOUN
qozonyuvgic	NOUN
qozoq	NOUN
qozoqca	NOUN
qozoqdaryo	NOUN
qozoqi	ADJ,NOUN
qozoqiston	NOUN
qozoqsoy	NOUN
qozoqşar	NOUN
qoş	ADJ,NOUN,VERB
qoş-qovoq	NOUN
qoş//moq	VERB
qoş//moqla	VERB
qoş/aloq	VERB
qoş/aloqla	VERB
qoş/il	VERB
qoş/iliş	VERB
qoşa	NOUN
qoşali	NOUN
qoşaloq	ADJ
qoşambar	NOUN
qoşan	NOUN
qoşar	NOUN
qoşarboy	NOUN
qoşbaxt	NOUN
qoşbek	NOUN
qoşboq	NOUN
qoşboqbuvi	NOUN
qoşbota	NOUN
qoşboy	NOUN
qoşboş	NOUN
qoşcanoq	NOUN
qoşci	NOUN
qoşci-qolon	NOUN
qoşci-qolonci	NOUN
qoşciboy	NOUN
qoşcinor	NOUN
qoşdavlat	NOUN
qoşhokimiyat	NOUN
qoşhokimiyatci	NOUN
qoşhokimiyatcilik	NOUN
qoşida	AUX
qoşil	NOUN,VERB
qoşilma	NOUN
qoşiluv	NOUN
qoşiluvci	NOUN
qoşim	NOUN
qoşimca	ADJ,NOUN
qoşin	NOUN
qoşinboy	NOUN
qoşiq	NOUN
qoşiqci	NOUN
qoşiqcilik	NOUN
qoşiqdon	NOUN
qoşiqnavis	NOUN
qoşiş	VERB
qoşjon	NOUN
qoşkopir	NOUN
qoşma	ADJ,NOUN
qoşmaci	NOUN
qoşmacilik	NOUN
qoşmamat	NOUN
qoşmat	NOUN
qoşmetall	NOUN
qoşmirza	NOUN
qoşmisra	NOUN
qoşmon	NOUN
qoşmoq	NOUN
qoşmoqboy	NOUN
qoşmozor	NOUN
qoşmuhammad	NOUN
qoşmurod	NOUN
qoşnay	NOUN
qoşnayci	NOUN
qoşnazar	NOUN
qoşni	NOUN,VERB
qoşnicilik	NOUN
qoşnilaş	VERB
qoşnilik	NOUN
qoşniyoz	NOUN
qoşogiz	NOUN
qoşoq	NOUN,VERB
qoşoq/la	VERB
qoşoq/lan	VERB
qoşoqla	VERB
qoşotar	NOUN
qoşovoz	NOUN
qoşoyoq	NOUN,VERB
qoşoyoqla	VERB
qoşpolat	NOUN
qoşqabr	NOUN
qoşqaroq	NOUN
qoşqin	NOUN
qoşqinboy	NOUN
qoşquduq	NOUN
qoşqul	NOUN
qoşquloq	NOUN
qoştamgali	NOUN
qoştan	NOUN
qoştepasaroy	NOUN
qoştig	NOUN
qoştir	VERB
qoştirak	NOUN
qoştirnoq	NOUN
qoştor	NOUN
qoştoy	NOUN
qoştuyoq	NOUN
qoştuyoqli	NOUN
qoştuyoqlilar	NOUN
qoşuv	NOUN
qoşvaqt	NOUN
qoşvoq	NOUN
qoşxona	NOUN
qoşyurak	NOUN
qoşşa	NOUN
qrim	NOUN
qu-qu	IMIT
qubba	NOUN
qubbaca	NOUN
qubod	NOUN
qubur	NOUN
quc	NOUN,VERB
quc/oq	VERB
quc/oqla	VERB
quc/oqla\t	VERB
quc/oqla\ş	VERB
quc/oqla\ş\iş	VERB
quc/oqla\ş\tir	VERB
quciş	VERB
qucoq	NOUN
quda	NOUN,VERB
qudaca	NOUN
qudaci	NOUN
qudacilik	NOUN
qudagay	NOUN
qudalaş	VERB
qudalik	NOUN
quddus	NOUN
quddusiya	NOUN
qudrat	ADJ,NOUN
qudratali	NOUN
qudratilla	NOUN
qudratli	ADJ
qudratoy	NOUN
qudratulla	NOUN
quduq	NOUN
quebec	NOUN
qufr	NOUN
qufrlik	NOUN
qugircoq	NOUN
qugoz	NOUN
quipecak	NOUN
quito	NOUN
qul	ADV,NOUN,PRON
qulahmad	NOUN
qulali	NOUN
qulay	ADJ,NOUN
qulaylik	NOUN
qulaysiz	NOUN
qulaysizlik	NOUN
qulbaşar	NOUN
qulbek	NOUN
qulberdi	NOUN
qulbobo	NOUN
qulboq	NOUN
qulbota	NOUN
qulbotir	NOUN
qulboy	NOUN
qulbozor	NOUN
qulboş	NOUN
qulca	ADV,NOUN
qulcilik	NOUN
quldavlat	NOUN
quldor	NOUN
quldorlik	NOUN
qulf	NOUN
qulfci	NOUN
qulfcilik	NOUN
qulfiddin	NOUN
qulfiniso	NOUN
qulfiya	NOUN
qulfloq	NOUN
qulfloqlik	NOUN
qulgina	NOUN
qulguna	NOUN
quli	NOUN
qulin	NOUN
qulinboy	NOUN
qulingiz	PRON
quljamila	NOUN
quljon	NOUN
quljuma	NOUN
qulkeldi	NOUN
qullarca	ADV
qulli	NOUN
qulliboy	NOUN
qullik	NOUN
qullob	NOUN
qulluq	INTJ,NOUN
qulmamat	NOUN
qulman	NOUN
qulmat	NOUN
qulmiddin	NOUN
qulmirza	NOUN
qulmomin	NOUN
qulmon	NOUN
qulmuhammad	NOUN
qulmurod	NOUN
qulnazar	NOUN
qulniyoz	NOUN
quloc	ADV,NOUN,VERB
quloc/kaş	VERB
quloc/kaşla	VERB
qulockaş	ADV
qulockaşlab	ADV
qulocla	VERB
quloclab	ADV
quloclik	NOUN
qulomon	NOUN
qulon	NOUN
qulonjon	NOUN
qulontoy	NOUN
quloq	NOUN
quloqcin	NOUN
quloqcozma	NOUN
quloqcuzma	NOUN
quloqdoş	NOUN
quloqlik	NOUN
quloqma-quloq	ADV
quloqsiz	NOUN
quloqsizlik	NOUN
qulota	NOUN
qulp	NOUN
qulpinoy	NOUN
qulpiya	NOUN
qulqora	NOUN
qulqozi	NOUN
qulqul	VERB
qulqul/la	VERB
qulqul/lat	VERB
qulqulla	VERB
qulsaid	NOUN
qulsari	NOUN
qulsoat	NOUN
qulsum	NOUN
qult	NOUN
qult-qult	IMIT
qult/um	VERB
qult/umla	VERB
qultora	NOUN
qultoy	NOUN
qultoş	NOUN
qultul	VERB
qultul/la	VERB
qultul/lat	VERB
qultulla	VERB
qultum	NOUN
qulturdi	NOUN
qulun	NOUN,VERB
qulunboy	NOUN
quluncoq	NOUN
qulunj	NOUN
qulunla	VERB
qulunlat	VERB
quluntoy	NOUN
qulupnay	NOUN
qulvacca	NOUN
qulxoja	NOUN
qulzaynab	NOUN
qulzoda	NOUN
qum	ADJ,NOUN
qumala	VERB
qumalan	VERB
qumalo/q	VERB
qumalo/qla	VERB
qumaloq	NOUN
qumanjir	NOUN
qumarjik	NOUN
qumerqaq	NOUN
qumgon	NOUN
qumli	ADJ
qumlik	NOUN
qumliq	NOUN
qumloq	NOUN
qumoq	NOUN
qumoy	NOUN
qumoş	NOUN
qumpiyoz	NOUN
qumqayroq	NOUN
qumqişloq	NOUN
qumqorgon	NOUN
qumri	NOUN
qumriddin	NOUN
qumriniso	NOUN
qumriqiz	NOUN
qumriya	NOUN
qumron	NOUN
qumsa	NOUN
qumsabzi	NOUN
qumsagiz	NOUN
qumsaqic	NOUN
qumtepa	NOUN
qumtoş	NOUN
qumursqa	NOUN
qumzor	NOUN
qunduz	NOUN
qunduzali	NOUN
qunduzbeka	NOUN
qunduzboy	NOUN
qunduzi	NOUN
qunduzqoş	NOUN
qungiroq	NOUN
qunon	NOUN
qunoq	NOUN
qunoqlik	NOUN
qunoqxona	NOUN
qunt	NOUN
qur	ADJ,NOUN,VERB
qur/dir	VERB
qur/dirtir	VERB
qur/u	VERB
qur/ulla	VERB
qur/ullat	VERB
qur/ullaş	VERB
qur/um	VERB
qur/umla	VERB
qur/uş	VERB
qura	NOUN
quraandoz	NOUN
quralay	NOUN
qurama	NOUN
quran	NOUN
quranboy	NOUN
quraq	NOUN
qurb	NOUN
qurbaqa	NOUN
qurbat	NOUN
qurbek	NOUN
qurbi	NOUN
qurbon	NOUN
qurbonali	NOUN
qurbonbek	NOUN
qurbonbeka	NOUN
qurbonberdi	NOUN
qurbonboqi	NOUN
qurbonca	NOUN
qurbongozi	NOUN
qurbongul	NOUN
qurbonjon	NOUN
qurbonkeldi	NOUN
qurbonlik	NOUN
qurbonmamat	NOUN
qurbonmat	NOUN
qurbonmuhammad	NOUN
qurbonmurod	NOUN
qurbonnabi	NOUN
qurbonnazar	NOUN
qurbonniyoz	NOUN
qurbonoy	NOUN
qurbonpolat	NOUN
qurbonpoşşa	NOUN
qurbonqilic	NOUN
qurbonqul	NOUN
qurbonsaid	NOUN
qurbonsihat	NOUN
qurbonsoat	NOUN
qurbonsuluv	NOUN
qurbonsuyun	NOUN
qurbontoy	NOUN
qurbontoş	NOUN
qurbonturdi	NOUN
qurbontursun	NOUN
qurbonvali	NOUN
qurbonxoja	NOUN
qurbonxol	NOUN
qurbonyoz	NOUN
qurbonşakar	NOUN
qurbonşo	NOUN
qurbuga	NOUN
qurc	VERB
qurci	NOUN
qurclan	VERB
qurcoq	NOUN
qurcoqboz	NOUN
qurdir	VERB
qurdoş	NOUN
qurdoşlik	NOUN
qurdum	NOUN
qurga	VERB
qurgon	NOUN
qurgoq	NOUN
qurgoqcil	NOUN
qurgoqcilik	NOUN
qurgoqlik	NOUN
qurgun	NOUN
qurguncilik	NOUN
qurhayt	VERB
qurhaytla	VERB
quri	NOUN,VERB
quri/t	VERB
quri/til	VERB
quril	NOUN,VERB
qurildoq	NOUN
qurilma	NOUN
qurit	NOUN,VERB
quritgic	NOUN
quriş	VERB
qurişjon	NOUN
qurkura	NOUN
qurma	NOUN
qurmagur	NOUN
qurmakor	NOUN
qurmakorlik	NOUN
qurniyoz	NOUN
quroboy	NOUN
qurol	ADJ,NOUN
qurol-yarog	NOUN
qurol/la	VERB
qurol/lan	VERB
qurol/lan\tir	VERB
qurol/lan\tir\il	VERB
qurol/siz	VERB
qurol/sizla\n	VERB
qurol/sizla\n\tir	VERB
qurol/sizla\n\tir\il	VERB
quroldoş	NOUN
quroloy	NOUN
qurolsoz	NOUN
qurolxona	NOUN
quron	NOUN
quronboy	NOUN
quroq	ADJ,NOUN,VERB
quroqla	VERB
quroqzor	NOUN
qurqur	VERB
qurqura	VERB
qurro	NOUN
qursiya	NOUN
qursoq	NOUN
qurt	NOUN,VERB
qurt/la	VERB
qurt/lan\tir	VERB
qurt/lat	VERB
qurtava	NOUN
qurtci	NOUN
qurtcilik	NOUN
qurtdakkina	NOUN
qurtla	VERB
qurtloqi	NOUN
qurtmollayev	NOUN
qurtmollayeva	NOUN
qurtseitov	NOUN
qurtseitova	NOUN
qurttak	NOUN
qurtumerov	NOUN
qurtumerova	NOUN
qurtxona	NOUN
quru	ADJ,NOUN
quru/q	VERB
quru/qla	VERB
quru/qla\n	VERB
quru/qsa	VERB
quru/qşa	VERB
quru/qşa\t	VERB
qurulla	VERB
qurultoy	NOUN
qurum	NOUN
qurumsoq	NOUN
qurumsoqlik	NOUN
quruq	ADJ,NOUN
quruqcilik	NOUN
quruqdan-quruq	ADV
quruqlik	NOUN
qurut	NOUN
qurutci	NOUN
quruv	NOUN
quruvci	NOUN
qurşa	VERB
qurşal	VERB
qurşat	VERB
qurşaş	VERB
qurşo	NOUN
qurşov	NOUN
qus	VERB
qustir	VERB
qusuq	NOUN
qusur	ADJ,NOUN
qusurli	ADJ
qut	NOUN,VERB
qut-loyamut	NOUN
qut/la	VERB
qut/lan	VERB
qut/laş	VERB
qutb	NOUN
qutb/la	VERB
qutb/lan	VERB
qutb/siz	VERB
qutb/sizla\n	VERB
qutbci	NOUN
qutbiddin	NOUN
qutbilik	NOUN
qutbinazar	NOUN
qutbiniso	NOUN
qutbixon	NOUN
qutbiya	NOUN
qutboy	NOUN
qutbulla	NOUN
qutci	NOUN
qutfi	NOUN
qutfiddin	NOUN
quti	NOUN
qutica	NOUN
qutidor	NOUN
qutidorlik	NOUN
qutim	NOUN
qutiyev	NOUN
qutiyeva	NOUN
qutjon	NOUN
qutla	VERB
qutli	NOUN
qutliali	NOUN
qutlibeka	NOUN
qutliberdi	NOUN
qutlibibi	NOUN
qutlibolar	NOUN
qutliboy	NOUN
qutlieş	NOUN
qutlijamol	NOUN
qutlijon	NOUN
qutlikeldi	NOUN
qutlimamat	NOUN
qutlimardon	NOUN
qutlimat	NOUN
qutlimirza	NOUN
qutlimuhammad	NOUN
qutlimurod	NOUN
qutlinazar	NOUN
qutliniso	NOUN
qutliniyoz	NOUN
qutlipolat	NOUN
qutlipoşşa	NOUN
qutliq	NOUN
qutliqadam	NOUN
qutliqjon	NOUN
qutliqul	NOUN
qutlirahmon	NOUN
qutlitemir	NOUN
qutlixoja	NOUN
qutlixon	NOUN
qutliyev	NOUN
qutliyeva	NOUN
qutliyol	NOUN
qutliyor	NOUN
qutlizamon	NOUN
qutlişo	NOUN
qutlo	NOUN
qutlov	NOUN
qutlug	NOUN,VERB
qutlugla	VERB
qutlugmurod	NOUN
qutmamat	NOUN
qutman	NOUN
qutmat	NOUN
qutmon	NOUN
qutqar	NOUN,VERB
qutqaril	VERB
qutqaruv	NOUN
qutqaruvci	NOUN
qutqaruvcilik	NOUN
qutqu	NOUN
qutur	VERB
qutvali	NOUN
quv	ADJ,NOUN,VERB
quvabek	NOUN
quvamurod	NOUN
quvboş	NOUN
quvgin	NOUN
quvlaşmacoq	NOUN
quvlik	NOUN
quvlo	NOUN
quvloq	NOUN
quvno	ADJ,NOUN
quvnoq	ADJ,NOUN
quvnoqlik	NOUN
quvomiddin	NOUN
quvon	ADJ,NOUN
quvonc	ADJ,NOUN
quvoncbek	NOUN
quvonciq	NOUN
quvoncli	ADJ
quvondiq	NOUN
quvonsin	NOUN
quvontoy	NOUN
quvontur	NOUN
quvroq	NOUN
quvur	NOUN
quvva	NOUN
quvvat	ADJ,NOUN,VERB
quvvat/la	VERB
quvvat/lan	VERB
quvvat/lan\tir	VERB
quvvat/laş	VERB
quvvat/siz	VERB
quvvat/sizlan	VERB
quvvatali	NOUN
quvvatla	VERB
quvvatlik	NOUN
quvvatlik\	NOUN
quvvatov	NOUN
quvvatova	NOUN
quvvatsiz	NOUN
quvvatsizlik	NOUN
quvvatxoja	NOUN
quy	NOUN,VERB
quy/ul	VERB
quy/ultir	VERB
quydin	VERB
quydinil	VERB
quydintin	VERB
quyen	NOUN
quyi	ADJ,NOUN,VERB
quyi/ş	VERB
quyi/ştin	VERB
quyil	VERB
quyilaş	VERB
quyin	NOUN
quyiş	VERB
quyma	NOUN
quymacilik	NOUN
quymoq	NOUN
quymuc	NOUN
quyon	NOUN
quyonboy	NOUN
quyoncilik	NOUN
quyonciq	NOUN
quyonjun	NOUN
quyonquloq	NOUN
quyonut	NOUN
quyonxona	NOUN
quyoş	NOUN,VERB
quyoşlan	VERB
quyoşoy	NOUN
quyoşxon	NOUN
quyq	NOUN
quyqa	NOUN,VERB
quyqa/la	VERB
quyqa/lan	VERB
quyqala	VERB
quyqum	NOUN
quyruq	NOUN
quyruqci	NOUN
quyul	VERB
quyun	NOUN
quyunboy	NOUN
quyuq	ADJ
quyuq-suyuq	ADJ
quyuq/la	VERB
quyuq/lan	VERB
quyuq/laş	VERB
quyuq/laş\tir	VERB
quyuv	NOUN
quyuvci	NOUN
quyuşqon	NOUN
quzgun	NOUN,VERB
quzgunlaş	VERB
quzi	NOUN
quziquloq	NOUN
quş	NOUN
quşbegi	NOUN
quşbek	NOUN
quşboy	NOUN
quşboz	NOUN
quşbozlik	NOUN
quşburun	NOUN
quşca	NOUN
quşci	NOUN
quşcilik	NOUN
quşjiyda	NOUN
quşnoc	NOUN
quşoyoq	NOUN
quşqaroq	NOUN
quşqunmas	NOUN
quştak	NOUN
quştakboz	NOUN
quştakbozlik	NOUN
quşti	VERB
quştili	NOUN
quştomoq	NOUN
quşxona	NOUN
rab	NOUN
rabb	NOUN
rabbano	NOUN
rabbi	NOUN
rabbii	NOUN
rabbim	NOUN
rabbimqul	NOUN
rabbina	NOUN
rabbiniso	NOUN
rabbiy	NOUN
rabbonaqul	NOUN
rabboni	NOUN
rabboniy	NOUN
rabboniya	NOUN
rabfak	NOUN
rabi	NOUN
rabia	NOUN
rabib	NOUN
rabibiddin	NOUN
rabiulavval	NOUN
rabiuloxir	NOUN
rabiussoni	NOUN
rabiya	NOUN
rabkov	NOUN
rabkova	NOUN
rabot	NOUN
racan	NOUN
rad	NOUN
radakovic	NOUN
radar	NOUN
radcenko	NOUN
raddi	NOUN
raddibadal	NOUN
raddiya	NOUN
rade	NOUN
radehiv	NOUN
radetic	NOUN
radi	NOUN
radial	NOUN
radiator	NOUN
radiatsiya	NOUN
radic	NOUN
radiddin	NOUN
radif	NOUN
radifa	NOUN
radijoveic	NOUN
radikal	NOUN,VERB
radikalizm	NOUN
radikallaş	VERB
radikulit	NOUN
radio	NOUN,VERB
radio/laştir	VERB
radio/laştiril	VERB
radioaktiv	NOUN
radioaktivlik	NOUN
radioaloqa	NOUN
radioapparat	NOUN
radiobiologiya	NOUN
radioci	NOUN
radioefir	NOUN
radioelektronika	NOUN
radioelektronka	NOUN
radioeşituvci	NOUN
radiofizika	NOUN
radiografiya	VERB
radiografiyala	VERB
radiogramma	NOUN
radiojurnal	NOUN
radiokarnay	NOUN
radiokomitet	NOUN
radiolaş	VERB
radiolaştir	VERB
radiolog	NOUN
radiologiya	NOUN
radiolokator	NOUN
radiolokatsiya	NOUN
radiomarkaz	NOUN
radiometr	NOUN
radionavigatsiya	NOUN
radioobzor	NOUN
radioobzorci	NOUN
radioperedatcik	NOUN
radioport	NOUN
radioportla	NOUN
radioportlat	NOUN
radioportlatgic	NOUN
radioreportaj	NOUN
radiosignal	NOUN
radiospektakl	NOUN
radiostansiya	NOUN
radiostudiya	NOUN
radiotelefon	NOUN
radiotelegraf	NOUN
radioteleskop	NOUN
radioterapiya	NOUN
radiotexnika	NOUN
radioting	NOUN
radiotinglo	NOUN
radiotinglovci	NOUN
radiotolqin	NOUN
radiotolqinlar	NOUN
radiouzatkic	NOUN
radiouzel	NOUN
radiozond	NOUN
radisavljevic	NOUN
radisavlyevic	NOUN
radislav	NOUN
radisne	NOUN
radisovic	NOUN
radist	NOUN
radiudin	NOUN
radius	NOUN
radiviliv	NOUN
radivoje	NOUN
radivojevic	NOUN
radivoyevic	NOUN
radiy	NOUN
radiya	NOUN
radlov	NOUN
radlova	NOUN
radmanovic	NOUN
radoevic	NOUN
radojcic	NOUN
radojevic	NOUN
radojic	NOUN
radojicic	NOUN
radomir	NOUN
radomişl	NOUN
radon	NOUN
radonjic	NOUN
radonjicic	NOUN
radosavliyevic	NOUN
radosavlyevic	NOUN
radoslav	NOUN
radovan	NOUN
radovanic	NOUN
radovanivic	NOUN
radovanovic	NOUN
radovic	NOUN
radu	NOUN
radul	NOUN
radulovic	NOUN
radunovic	NOUN
raf	NOUN
rafael	NOUN
rafailovic	NOUN
rafat	NOUN
rafayel	NOUN
raffeisen	NOUN
raffi	NOUN
rafi	NOUN
rafid	NOUN
rafida	NOUN
rafiddin	NOUN
rafigulla	NOUN
rafiiddin	NOUN
rafiq	NOUN
rafiqa	NOUN
rafiqali	NOUN
rafiqşer	NOUN
rafiuddin	NOUN
rafiya	NOUN
rafoat	NOUN
rafqat	NOUN
rafsancani	NOUN
raftor	NOUN
rafya	NOUN
raga	NOUN
ragat	NOUN
ragbat	NOUN
ragbat/la	VERB
ragbat/lan	VERB
ragbat/lan\tir	VERB
ragbat/lan\tir\il	VERB
ragib	NOUN
ragiba	NOUN
ragiyb	NOUN
ragu	NOUN
raha	NOUN
rahba	NOUN
rahbar	NOUN
rahbarali	NOUN
rahbariyat	NOUN
rahbarlik	NOUN
rahbarniso	NOUN
rahib	NOUN
rahim	NOUN
rahima	NOUN
rahimali	NOUN
rahimalibek	NOUN
rahimat	NOUN
rahimbadal	NOUN
rahimberdi	NOUN
rahimbergan	NOUN
rahimdil	ADJ
rahimdod	NOUN
rahimiddin	NOUN
rahimmamat	NOUN
rahimmirza	NOUN
rahimmurod	NOUN
rahimnazar	NOUN
rahimniyoz	NOUN
rahimnur	NOUN
rahimov	NOUN
rahimqul	NOUN
rahimtora	NOUN
rahimtoy	NOUN
rahimxon	NOUN
rahimyor	NOUN
rahimşo	NOUN
rahina	NOUN
rahiqa	NOUN
rahiv	NOUN
rahm	ADJ,NOUN
rahmat	ADJ,INTJ,NOUN
rahmatali	NOUN
rahmatilla	NOUN
rahmatli	ADJ
rahmatnazar	NOUN
rahmatniyoz	NOUN
rahmatnoma	NOUN
rahmatulla	NOUN
rahmdil	ADJ,NOUN
rahmdillik	NOUN
rahmiddin	NOUN
rahmli	ADJ
rahmlik	NOUN
rahmniso	NOUN
rahmon	NOUN
rahmonali	NOUN
rahmonat	NOUN
rahmonbek	NOUN
rahmonberdi	NOUN
rahmonbergan	NOUN
rahmonnazar	NOUN
rahmonniyoz	NOUN
rahmonnur	NOUN
rahmonov	NOUN
rahmonova	NOUN
rahmonqul	NOUN
rahmontoy	NOUN
rahmonulla	NOUN
rahmonur	NOUN
rahmonxojayev	NOUN
rahmonxojayeva	NOUN
rahmonşer	NOUN
rahmsiz	NOUN
rahmsizlik	NOUN
rahnamo	NOUN
rahnamolik	NOUN
rahoqul	NOUN
rahşanda	NOUN
rahşiya	NOUN
raicevic	NOUN
raif	NOUN
raifa	NOUN
raiffeisen	NOUN
rais	NOUN
raisa	NOUN
raisali	NOUN
raisdoş	NOUN
raislik	NOUN
raisulla	NOUN
raisxona	NOUN
raiyat	NOUN
raiyatparvar	NOUN
raiyatparvarlik	NOUN
raja	NOUN
rajab	NOUN
rajabali	NOUN
rajabbeka	NOUN
rajabberdi	NOUN
rajabbibi	NOUN
rajabgul	NOUN
rajabkeldi	NOUN
rajabmamat	NOUN
rajabmuhammad	NOUN
rajabmurod	NOUN
rajabnazar	NOUN
rajabniyoz	NOUN
rajabnur	NOUN
rajabqul	NOUN
rajabtursin	NOUN
rajacic	NOUN
rajamat	NOUN
rajaz	NOUN
rajcevic	NOUN
raji	NOUN
rajic	NOUN
rajicevic	NOUN
rajko	NOUN
rajm	NOUN
rajo	NOUN
rak	NOUN
rakaat	NOUN
raketa	NOUN
raketaboz	NOUN
raketabozlik	NOUN
raketaci	NOUN
raketasoz	NOUN
raketasozlik	NOUN
raketka	NOUN
raketodrom	NOUN
rakiba	NOUN
rakic	NOUN
rakocevic	NOUN
rama	NOUN
ramadanovic	NOUN
ramal	NOUN
ramantik	ADJ
ramaqi	NOUN
ramaqijon	NOUN
ramazan	NOUN
ramazanov	NOUN
ramazanova	NOUN
ramazanovic	NOUN
ramazon	NOUN
ramazonali	NOUN
rami	NOUN
ramic	NOUN
ramida	NOUN
ramil	NOUN
ramila	NOUN
ramiya	NOUN
ramiza	NOUN
ramka	NOUN
ramovic	NOUN
ramuza	NOUN
ramz	NOUN
ramzan	NOUN
ramzi	NOUN
ramzida	NOUN
ramziddin	NOUN
ramziniso	NOUN
ramziy	NOUN
ramziya	NOUN
ramziyat	NOUN
ramziylik	NOUN
ramzulla	NOUN
ramşid	NOUN
ramşodbek	NOUN
rana	NOUN
ranco	NOUN
randa	NOUN,VERB
randa/la	VERB
randa/lan	VERB
randa/lat	VERB
randala	VERB
randalo	NOUN
randalovci	NOUN
randic	NOUN
ranets	NOUN
rang	ADJ,NOUN,VERB
rang/la	VERB
rang/lan	VERB
rang/lat	VERB
rang/laş	VERB
rang/siz	VERB
rang/sizla\n	VERB
rangdor	ADJ,NOUN
rangdorlik	NOUN
rangin	ADJ,NOUN
ranginlik	NOUN
rangla	VERB
rangli	ADJ
rangsiz	NOUN
rangsizlik	NOUN
rangtasvir	NOUN
rangvor	NOUN
raniya	NOUN
ranj	NOUN,VERB
ranj/i	VERB
ranj/it	VERB
ranj/it\il	VERB
ranj/iş	VERB
ranji	VERB
ranjida	NOUN
rankic	NOUN
ranko	NOUN
rano	NOUN
ranogul	NOUN
ranoqad	NOUN
rant	NOUN
ranyat	NOUN
rap	NOUN
rapida	NOUN
raport	NOUN
raps	NOUN
rapsodiya	NOUN
raqam	NOUN,VERB
raqamla	VERB
raqib	NOUN
raqiba	NOUN
raqiblik	NOUN
raqiya	NOUN
raqobat	NOUN,VERB
raqobataş	VERB
raqobatbardoş	ADJ,NOUN
raqobatbardoşlik	NOUN
raqobatci	NOUN
raqobatcilik	NOUN
raqoqul	NOUN
raqqos	NOUN
raqqosa	NOUN
raqqoslik	NOUN
raqs	NOUN
rasad	NOUN
rasadxona	NOUN
rasamad	NOUN
rascet	NOUN
rascyot	NOUN
rasevic	NOUN
rasic	NOUN
rasida	NOUN
rasidalik	NOUN
rasidovic	NOUN
rasif	NOUN
rasifa	NOUN
rasim	NOUN
rasima	NOUN
rasix	NOUN
rasixa	NOUN
raskovic	NOUN
rasm	ADJ,ADV,NOUN
rasm-rusum	NOUN
rasman	ADV
rasmci	NOUN
rasmi	NOUN
rasmiy	ADV,NOUN,VERB
rasmiy/laş	VERB
rasmiy/laştir\il	VERB
rasmiya	NOUN
rasmiyat	NOUN
rasmiyatci	NOUN
rasmiyatcilik	NOUN
rasmiyatsiz	NOUN
rasmiylaş	VERB
rasmiylaştir	VERB
rasmli	ADJ
rasmussen	NOUN
raso	NOUN,VERB
raso/la	VERB
raso/lan	VERB
rasoboy	NOUN
rasola	VERB
rasolik	NOUN
rasoqul	NOUN
raspiska	NOUN
raspopovic	NOUN
rassom	NOUN
rassomci	NOUN
rassomcilik	NOUN
rassomlik	NOUN
rasta	NOUN
rastaram	NOUN
rastrat	NOUN
rastrata	NOUN
rastratacilik	NOUN
rastratami	NOUN
rastratci	NOUN
rastratcilik	NOUN
rasul	NOUN
rasula	NOUN
rasulbek	NOUN
rasulberdi	NOUN
rasulmat	NOUN
rasulmuhammad	NOUN
rasulmurod	NOUN
rasulnazar	NOUN
rasulqul	NOUN
rasululloh	NOUN
rasulzoda	NOUN
rasvo	ADJ,NOUN,VERB
rasvocilik	NOUN
rasvogar	NOUN
rasvogarcilik	NOUN
rasvolaş	VERB
rasvolik	NOUN
ratib	NOUN
ratifikatsiya	NOUN,VERB
ratifikatsiyala	VERB
ratko	NOUN
ratsibuj	NOUN
ratsion	NOUN
ratsional	NOUN,VERB
ratsionalist	NOUN
ratsionalizator	NOUN
ratsionalizatorlik	NOUN
ratsionalizatsiya	NOUN
ratsionalizm	NOUN
ratsionallaş	VERB
ratsionallaştir	VERB
ratsiya	NOUN
rauf	NOUN
raufa	NOUN
rauhivka	NOUN
raund	NOUN
raupov	NOUN
raupova	NOUN
rav	NOUN
ravi	NOUN
raviya	NOUN
raviş	NOUN
ravişdoş	NOUN
ravnaq	NOUN,VERB
ravnaq/lan	VERB
ravnaq/lantir	VERB
ravnaqlan	VERB
ravog	NOUN
ravon	ADJ,NOUN,VERB
ravona	NOUN
ravonlaş	VERB
ravonlik	NOUN
ravoq	NOUN
ravot	NOUN
ravotak	NOUN
ravotxoja	NOUN
ravza	NOUN
ravzagul	NOUN
ravzatniso	NOUN
ravziddin	NOUN
ravşan	NOUN,VERB
ravşana	NOUN
ravşanak	NOUN
ravşanali	NOUN
ravşanbek	NOUN
ravşaniya	NOUN
ravşanlan	VERB
ravşanlantir	VERB
ravşanlantiril	VERB
ravşanlaş	VERB
ravşanlaş\tir	VERB
ravşanlik	NOUN
ravşanoy	NOUN
ravşi	NOUN
rax	NOUN
raxit	NOUN
raxna	NOUN
raxnamo	NOUN
raxnamolik	NOUN
raxt	NOUN
raxşon	NOUN
raxşona	NOUN
ray	NOUN
raya	NOUN
raygorodok	NOUN
rayhon	NOUN
rayhona	NOUN
rayhongul	NOUN
rayhonzor	NOUN
rayic	NOUN
rayijrokom	NOUN
raykom	NOUN
raykomxoz	NOUN
rayohin	NOUN
rayon	NOUN,VERB
rayona	NOUN
rayonlaş\tir\il	VERB
rayonlaştir	VERB
rayonlik	NOUN
rayono	NOUN
rayosat	NOUN
raysovet	NOUN
rayxon	NOUN
rayyona	NOUN
raz	NOUN
razbon	NOUN
razdolnoye	NOUN
razezd	NOUN
razgrad	NOUN
razil	ADJ,ADV,NOUN,VERB
razillan	VERB
razillaş	VERB
razillaştir\il	VERB
razillik	NOUN
razilona	ADV,NOUN
razin	NOUN
razm	NOUN
razmer	NOUN
razmin	NOUN
raznatovic	NOUN
raznocinets	NOUN
razolat	NOUN
razryad	NOUN
razryadci	NOUN
razumkov	NOUN
razumkova	NOUN
razvan	NOUN
razvedka	NOUN
razvedkaci	NOUN
razvedkacilik	NOUN
razverstka	NOUN
razvyortka	NOUN
razzoq	NOUN
razzoqberdi	NOUN
razzoqbergan	NOUN
razzoqmirza	NOUN
razzoqqul	NOUN
razzoqxoja	NOUN
raşic	NOUN
raşid	NOUN
raşida	NOUN
raşididin	NOUN
raşidovic	NOUN
raşidulla	NOUN
raşk	ADJ,NOUN
raşkci	ADJ
raşodat	NOUN
raşşod	NOUN
rdaic	NOUN
reabilitatsiya	NOUN
reaksioner	NOUN
reaksiya	NOUN
reaksiyaci	NOUN
reaktiv	ADJ
reaktor	NOUN
real	NOUN,VERB
realist	NOUN
realizm	NOUN
reallaş	VERB
reallaştir	VERB
reallik	NOUN
reanimatologiya	NOUN
reanimatsiya	NOUN
rebic	NOUN
rebus	NOUN
recep	NOUN
records	NOUN
red	NOUN
redaksiya	NOUN
redaktor	NOUN
redaktorlik	NOUN
rediska	NOUN
reduksiya	VERB
reduksiyalan	VERB
reduktor	NOUN
redzovic	NOUN
reeksport	NOUN
reevakuatsiya	NOUN
refatov	NOUN
refatova	NOUN
referat	NOUN
referendum	NOUN
referent	NOUN
refleks	NOUN
refleksiya	NOUN
reflektor	NOUN
reforma	NOUN
reformator	NOUN
reformatsiya	NOUN
reformist	NOUN
reformistlik	NOUN
reformizm	NOUN
refraksiya	NOUN
refraktor	NOUN
refrijerator	NOUN
regan	NOUN
regata	NOUN
regeneratsiya	VERB
regeneratsiyala	VERB
regensburg	NOUN
regent	NOUN
regentlik	NOUN
reggio	NOUN
regina	NOUN
region	ADJ,NOUN
regional	ADJ
registon	NOUN
registonak	NOUN
registr	NOUN
registrator	NOUN
registratorlik	NOUN
registratsiya	NOUN
registratura	NOUN
reglament	NOUN
reglan	NOUN
regress	NOUN
regriz	NOUN
regrvon	NOUN
regulyator	NOUN
regzor	NOUN
rehavam	NOUN
rehber	NOUN
rehberlik	NOUN
rehimahullah	NOUN
rehmidil	NOUN
rehn	NOUN
reinhard	NOUN
reja	NOUN,VERB
rejabu	NOUN
rejaci	NOUN
rejacop	NOUN
rejacup	NOUN
rejala	VERB
rejala\ş\tir	VERB
rejala\ş\tir\il	VERB
rejaniso	NOUN
rejasiz	NOUN
rejasizlik	NOUN
rejim	NOUN
rejisser	NOUN
rejisserlik	NOUN
rejissura	NOUN
rejissyor	NOUN
rejissyorlik	NOUN
reket	NOUN
reklama	NOUN
reklamaci	NOUN
rekognossirovka	NOUN
rekombinatsiya	VERB
rekombinatsiyala	VERB
rekomendatsiya	NOUN
rekonstruksiya	NOUN,VERB
rekonstruksiyala	VERB
rekonstruksiyala\n	VERB
rekonstruksiyalaştir	VERB
rekord	NOUN
rekordci	NOUN
rekristallizatsiya	VERB
rekristallizatsiyala	VERB
reks	NOUN
rektor	NOUN
rektorat	NOUN
rektorlik	NOUN
rekvizit	NOUN
rekvizitlar	NOUN
rekvizitsiya	NOUN
rele	NOUN
relef	NOUN
rels	NOUN
relyativist	NOUN
relyativizm	NOUN
relyef	NOUN
remarka	NOUN
remilitarizatsiya	NOUN
remont	NOUN,VERB
remontci	NOUN
remontla	VERB
remontla\t	VERB
remontxona	NOUN
renault	NOUN
rendsburg	NOUN
rene	NOUN
renegat	NOUN
renegatlik	NOUN
renessans	NOUN
rengenoterapiya	NOUN
reni	NOUN
renk	NOUN
renta	NOUN
rentabel	NOUN
rentabellik	NOUN
rentabelsiz	NOUN
rentabelsizlik	NOUN
rentgen	NOUN
rentgenodiagnostika	NOUN
rentgenografik	NOUN
rentgenografiya	NOUN
rentgenogramma	NOUN
rentgenolog	NOUN
rentgenologiya	NOUN
rentgenoskopik	NOUN
rentgenoskopiya	NOUN
rentgenoterapiya	NOUN
reologiya	NOUN
reostat	NOUN
repanovic	NOUN
reparatsiya	NOUN
repatriatsiya	NOUN
repertuar	NOUN
repetitor	NOUN
repetitorlik	NOUN
repetitsiya	NOUN
replika	NOUN
reportaj	NOUN
reportyor	NOUN
reportyorlik	NOUN
repressiya	NOUN
reproduksiya	NOUN
reproduktor	NOUN
reps	NOUN
resen	NOUN
respirator	NOUN
respublika	NOUN
respublikaci	NOUN
respublikacilik	NOUN
ressora	NOUN
restavrator	NOUN
restavratorlik	NOUN
restavratsiya	NOUN
restoran	NOUN
restoranci	NOUN
resurs	NOUN
retranslyatsiya	NOUN
retselt	NOUN
retsenzent	NOUN
retsenzentlik	NOUN
retsenziya	NOUN
retsept	NOUN
retsidivist	NOUN
retuş	NOUN,VERB
retuşci	NOUN
retuşla	VERB
reuters	NOUN
revani	NOUN
revanş	NOUN
revanşist	NOUN
revanşistlik	NOUN
revanşizm	NOUN
revenko	NOUN
revizionist	NOUN
revizionizm	NOUN
reviziya	NOUN
revizor	NOUN
revizorlik	NOUN
revkom	NOUN
revmatizm	NOUN
revmatologiya	NOUN
revolver	NOUN
revolyutsion	NOUN,VERB
revolyutsioner	NOUN
revolyutsiongdemokrati	NOUN
revolyutsionlaştir	VERB
revolyutsionlik	NOUN
revolyutsiya	NOUN
rey	NOUN
reyd	NOUN
reyestr	NOUN
reyfeyzen	NOUN
reyhanli	NOUN
reyka	NOUN,VERB
reykala	VERB
reykjavik	NOUN
reyn	NOUN
reys	NOUN
reyxstag	NOUN
rez	NOUN
reza	ADJ,NOUN,VERB
rezagul	NOUN
rezala	VERB
rezala\n	VERB
rezaor	NOUN
rezavor	ADJ,NOUN
rezavorci	NOUN
rezavorcilik	NOUN
rezavorfuruş	NOUN
rezba	NOUN,VERB
rezbala	VERB
rezerv	NOUN
rezervci	NOUN
rezgi	NOUN
rezidensiya	NOUN
rezina	NOUN
rezinka	NOUN
rezolyusiya	NOUN
rezolyutsiya	NOUN
rezonans	NOUN,VERB
rezonansla	VERB
rezonator	NOUN
reşa	NOUN
reşidov	NOUN
reşidova	NOUN
reşitilivka	NOUN
rhein	NOUN
rheinland	NOUN
rhin	NOUN
rhineland	NOUN
rhne	NOUN
rhone	NOUN
ri	NOUN
ribalcenko	NOUN
ribic	NOUN
ribo	NOUN
riboxor	NOUN
riboxorlik	NOUN
ricag	NOUN
ricard	NOUN
rick	NOUN
ricter	NOUN
rida	NOUN
rido	NOUN
rieti	NOUN
rifat	NOUN
riga	NOUN
rigita	NOUN
rijeka	NOUN
rijkov	NOUN
rijkova	NOUN
rijo	NOUN
riki	NOUN
rikşa	NOUN
rim	NOUN
rimini	NOUN
rimlik	NOUN
rimma	NOUN
rimskaya	NOUN
rimski	NOUN
rina	NOUN
rincic	NOUN
rind	NOUN
rindlik	NOUN
ring	NOUN
ringgit	NOUN
rinit	NOUN
rinologiya	NOUN
rinoskopiya	NOUN
rio	NOUN
rioja	NOUN
rioya	NOUN
rioyagarcilik	NOUN
rioyasiz	NOUN
rioyasizlik	NOUN
ripki	NOUN
riqo	NOUN
ris	NOUN
risboy	NOUN
risligoy	NOUN
risliq	NOUN
risliqbu	NOUN
risola	NOUN
risolat	NOUN
risovskiy	NOUN
risqul	NOUN
ristanovic	NOUN
ristic	NOUN
risticevic	NOUN
ristisevic	NOUN
ristivojevic	NOUN
ristivoyevic	NOUN
ristovskiy	NOUN
risxoja	NOUN
ritm	NOUN
ritmli	NOUN
ritmlilik	NOUN
ritorika	NOUN
ritsar	NOUN
ritsarlik	NOUN
river	NOUN
rivne	NOUN
rivoc	NOUN
rivoj	NOUN,VERB
rivoj/lan	VERB
rivoj/lantir	VERB
rivoj/lantir\il	VERB
rivojiddin	NOUN
rivojlan	VERB
rivoya	NOUN
rivoyat	NOUN
rivoyatci	NOUN
rixanna	NOUN
rixlat	NOUN
rixsi	NOUN
rixsida	NOUN
rixsitilla	NOUN
rixsixon	NOUN
rixsiya	NOUN
rixta	NOUN
rixtagar	NOUN
rixtagarlik	NOUN
riyel	NOUN
riyo	ADJ,ADV,NOUN
riyokor	ADJ,ADV,NOUN
riyokorlik	NOUN
riyokorona	ADV
riyoz	NOUN
riyozat	NOUN
riyozatci	NOUN
riyoziddin	NOUN
riyoziyot	NOUN
riyoziyotci	NOUN
riza	NOUN
rizad	NOUN
rizanenko	NOUN
rize	NOUN
rizo	NOUN
rizo/lan	VERB
rizo/lantir	VERB
rizoali	NOUN
rizogul	NOUN
rizoiddin	NOUN
rizolik	NOUN
rizomamat	NOUN
rizomat	NOUN
rizomiddin	NOUN
rizomuhammad	NOUN
rizoqul	NOUN
rizosiz	NOUN
rizosizlik	NOUN
rizq	NOUN,VERB
rizq-nasiba	NOUN
rizq-roz	NOUN
rizq/lan	VERB
rizq/lantir	VERB
rizqali	NOUN
rizqi	NOUN
rizqiddin	NOUN
rizqin	NOUN
rizqiniso	NOUN
rizqiya	NOUN
rizqlan	VERB
rizqlik	NOUN
rizqul	NOUN
rizvon	NOUN
rizvonqul	NOUN
rişod	NOUN
rişta	NOUN,VERB
riştala	VERB
rişva	NOUN
rişva(t)xor	NOUN
rişva(t)xorlik	NOUN
rişvat	NOUN
rişvatci	NOUN
rjişciv	NOUN
ro	NOUN
roba	NOUN
robaru	NOUN
robe	NOUN
robert	NOUN
robertson	NOUN
robi	NOUN
robia	NOUN
robiabu	NOUN
robiddin	NOUN
robiniso	NOUN
robinson	NOUN
robit	NOUN
robita	NOUN
robitali	NOUN
robitalilik	NOUN
robitasiz	NOUN
robitasizlik	NOUN
robiulla	NOUN
robiya	NOUN
robot	NOUN
robotipoyon	NOUN
rod	NOUN
rodak	NOUN
rodapo	NOUN
rodasoy	NOUN
rodic	NOUN
rodina	NOUN
rodivilov	NOUN
rodivilova	NOUN
rodiy	NOUN
rodos	NOUN
rodriguez	NOUN
rofi	NOUN
rog	NOUN
rogatka	NOUN
rogov	NOUN
rogova	NOUN
roguljic	NOUN
roh	ADJ,NOUN
rohan	NOUN
rohat	ADJ,NOUN,VERB
rohat-farogat	NOUN
rohat/lan	VERB
rohat/lantir	VERB
rohatali	NOUN
rohatbadan	ADJ,NOUN
rohatbaxş	ADJ,NOUN
rohatgul	NOUN
rohatijon	NOUN
rohatlan	VERB
rohatli	ADJ
rohatoy	NOUN
rohatqul	NOUN
rohatulla	NOUN
rohatyn	NOUN
rohib	NOUN
rohiba	NOUN
rohila	NOUN
rohilaat	NOUN
rohiniso	NOUN
rohiya	NOUN
rohkent	NOUN
rohlik	NOUN
roila	NOUN
roiya	NOUN
roiz	NOUN
roja	NOUN
rojaxon	NOUN
rojdestvo	NOUN
roji	NOUN
rojiboy	NOUN
rojnativ	NOUN
rokac	NOUN
rokca	NOUN
rokib	NOUN
rokirovka	NOUN
rokitne	NOUN
rokiya	NOUN
rol	NOUN
rolik	NOUN
rom	NOUN
roma	NOUN
romagna	NOUN
roman	NOUN
romanci	NOUN
romancilik	NOUN
romaniv	NOUN
romanjon	NOUN
romannavis	NOUN
romannavislik	NOUN
romano	NOUN
romanov	NOUN
romanova	NOUN
romans	NOUN
romantik	NOUN
romantika	NOUN
romantizm	NOUN
romaşcenko	NOUN
romb	NOUN
rombik	NOUN
romci	NOUN
romitan	NOUN
romiş	NOUN
romni	NOUN
romodan	NOUN
romol	ADJ,NOUN
romolca	NOUN
romollik	ADJ
romsoz	NOUN
ronald	NOUN
roncevic	NOUN
rondo	NOUN
roosevelt	NOUN
ropara	NOUN
roparasida	AUX
ropoc	NOUN,VERB
ropoc/la	VERB
ropoc/laş	VERB
ropocla	VERB
roqib	NOUN
roqim	NOUN
roqiy	NOUN
roqiya	NOUN
rosa	ADV,NOUN,VERB
rosalan	VERB
rosalik	NOUN
rosberdi	NOUN
rosen	NOUN
rosenstein	NOUN
rosic	NOUN
roskomnadzor	NOUN
roslakov	NOUN
roslakova	NOUN
rospotrebnadzor	NOUN
rossagul	NOUN
rosselhoznadzor	NOUN
rossen	NOUN
rossiya	NOUN
rost	ADJ,NOUN,PRT,VERB
rost/la	VERB
rost/lan	VERB
rostak	NOUN
rostakam	ADJ,ADV,NOUN
rostakamiga	ADV,NOUN
rostberdi	NOUN
rostdan	ADV,PRT
rostenko	NOUN
rostgar	NOUN
rostgoy	ADJ,NOUN
rostgoylik	NOUN
rosti	ADV,NOUN,PRT
rostiboy	NOUN
rostivoyevic	NOUN
rostla	NOUN,VERB
rostlagic	NOUN
rostlik	NOUN
roston	NOUN
rostov	NOUN
rostqul	NOUN
rota	NOUN
rotaprint	NOUN
rotator	NOUN
rotatsiya	NOUN
rotib	NOUN
rotiba	NOUN
rousopolos	NOUN
roussopolos	NOUN
rovak	NOUN
rovakot	NOUN
roviy	NOUN
rovoc	NOUN
rovoczor	NOUN
rovon	NOUN
roxat	NOUN
roxatijon	ADJ
roxatsiz	NOUN
roxatsizlik	NOUN
roy	NOUN
roy-rost	ADV
roya	NOUN
royabza	NOUN
royal	NOUN
royalizm	NOUN
royan	NOUN
royhat	NOUN
royi	NOUN
royibozor	NOUN
royikor	NOUN
royikorci	NOUN
royikorcilik	NOUN
royiq	NOUN
royiqa	NOUN
royirost	ADV
royixotir	NOUN
royixuş	NOUN
royixuşlik	NOUN
royiş	NOUN
royjo	NOUN
royo	NOUN
royob	NOUN
royobniso	NOUN
royxat	NOUN,VERB
royxatci	NOUN
royxatla	VERB
roz	NOUN
roza	NOUN
rozaafzun	NOUN
rozaoy	NOUN
rozat	NOUN
rozatilla	NOUN
rozbeh	NOUN
rozbon	NOUN
rozdil	NOUN
rozdilna	NOUN
rozenko	NOUN
rozetka	NOUN
rozgor	NOUN
rozgorcilik	NOUN
rozgorxalta	NOUN
rozi	NOUN,VERB
rozi-rizo	NOUN
rozi-rizolik	NOUN
roziahmad	NOUN
roziali	NOUN
rozibadal	NOUN
rozibegim	NOUN
rozibeka	NOUN
rozibuvi	NOUN
rozic	NOUN
rozicilik	NOUN
roziddin	NOUN
rozifa	NOUN
rozigul	NOUN
rozilaş	VERB
rozilik	NOUN
rozim	NOUN
rozimamat	NOUN
rozimat	NOUN
rozimbek	NOUN
rozimengli	NOUN
rozimirza	NOUN
rozimoh	NOUN
rozimomo	NOUN
rozimuhammad	NOUN
rozimurod	NOUN
rozin	NOUN
rozinazar	NOUN
roziniso	NOUN
roziniyoz	NOUN
roziollohu	NOUN
roziq	NOUN
roziqa	NOUN
roziqberdi	NOUN
roziqmirza	NOUN
roziqqul	NOUN
roziqul	NOUN
rozirizo	NOUN
rozirizolik	NOUN
rozitoy	NOUN
rozitoş	NOUN
roziturdi	NOUN
rozitursin	NOUN
rozixol	NOUN
roziy	NOUN
roziya	NOUN
rozmarin	NOUN
roznoma	NOUN
roş	NOUN
roşno	NOUN
roşnolik	NOUN
roşnoy	NOUN
ruanda	NOUN
rub	NOUN
rubanenko	NOUN
rubej	NOUN
ruben	NOUN
rubenstein	NOUN
rubiddin	NOUN
rubijne	NOUN
rubilnik	NOUN
rubinic	NOUN
rubinstein	NOUN
rubiya	NOUN
rubl	NOUN
rubllik	NOUN
rubob	NOUN
ruboba	NOUN
rubobci	NOUN
ruboiy	NOUN
ruboiynavis	NOUN
ruboiyot	NOUN
ruboyi	NOUN
ruboyinavis	NOUN
ruboyyot	NOUN
rubrika	NOUN
rucka	NOUN
rucker	NOUN
rud	NOUN
ruda	NOUN
rudenko	NOUN
rudina	NOUN
rudki	NOUN
rudne	NOUN
rudnitsa	NOUN
rudoba	NOUN
rudovic	NOUN
ruen	NOUN
rufat	NOUN
rufiya	NOUN
rugov	NOUN
rugova	NOUN
ruh	ADJ,ADV,NOUN,VERB
ruh/lan	VERB
ruh/lantir	VERB
ruh/siz	VERB
ruh/sizlan	VERB
ruh/sizlan\tir	VERB
ruhafzo	NOUN
ruhan	ADV
ruhani	NOUN
ruhdam	NOUN
ruhfazo	NOUN
ruhiafzo	NOUN
ruhiddin	NOUN
ruhijanona	NOUN
ruhiniso	NOUN
ruhitobon	NOUN
ruhiy	ADJ,NOUN
ruhiya	NOUN
ruhiyat	NOUN
ruhlan	ADV,VERB
ruhliqo	NOUN
ruhnavoz	NOUN
ruhoniy	NOUN
ruhoniyat	NOUN
ruhoniylik	NOUN
ruhparvar	NOUN
ruhsiz	ADJ,NOUN
ruhsizlik	NOUN
ruhulla	NOUN
ruhşod	NOUN
ruhşona	NOUN
ruhşunos	NOUN
ruic	NOUN
ruixat	NOUN
rujin	NOUN
ruju	NOUN
rujun	NOUN
rukac	NOUN
rukn	NOUN
rukniddin	NOUN
ruknoyiddin	NOUN
ruku	NOUN
rukun	NOUN
rul	NOUN
rulci	NOUN
rulet	NOUN
ruletka	NOUN
rulon	NOUN,VERB
rulon/la	VERB
rulon/lan	VERB
rulonla	VERB
rum	NOUN
rumaysa	NOUN
rumayso	NOUN
rumeli	NOUN
rumen	NOUN
rumeysa	NOUN
rumila	NOUN
rumin	NOUN
ruminiya	NOUN
ruminlar	NOUN
rumiya	NOUN
run	NOUN
runik	NOUN
runlar	NOUN
rupcic	NOUN
rupiya	NOUN
rupoc	NOUN
rupoh	NOUN
rupor	NOUN
ruqiya	NOUN
rus	NOUN
rus/ca	VERB
rus/ca\la	VERB
rus/cala\ş	VERB
rus/laş	VERB
rus/laştir	VERB
ruse	NOUN
rusinovic	NOUN
rusiyzabon	NOUN
rusiyzabonlar	NOUN
ruskovskiy	NOUN
ruslan	NOUN
rusta	NOUN
rustam	ADV,NOUN
rustamali	NOUN
rustammirza	NOUN
rustamona	ADV
rustamqul	NOUN
rustamtora	NOUN
rustamtoy	NOUN
rustamzod	NOUN
rustamşo	NOUN
rustaxez	NOUN
rustempasic	NOUN
rusum	NOUN
rusumot	NOUN
rutba	NOUN
ruteniy	NOUN
rutubat	NOUN
ruvic	NOUN
ruvvos	NOUN
rux	NOUN,VERB
ruxangiz	NOUN
ruxiya	NOUN
ruxla	VERB
ruxsana	NOUN
ruxsat	NOUN
ruxsatnoma	NOUN
ruxsatoy	NOUN
ruxsor	NOUN
ruxsora	NOUN
ruxsorabegim	NOUN
ruxşona	NOUN
ruyo	NOUN
ruzafzun	NOUN
ruzanna	NOUN
ruzi	NOUN
ruzibakiyov	NOUN
ruzic	NOUN
ruzvon	NOUN
ruzvonbibi	NOUN
ruşana	NOUN
ruşdi	NOUN
ruşiti	NOUN
ruşno	NOUN
ruşnolik	NOUN
ruşti	NOUN
ryadovoy	NOUN
ryazan	NOUN
ryestr	NOUN
ryukzak	NOUN
ryumka	NOUN
rzeszov	NOUN
saam	NOUN
saba	NOUN
sabab	NOUN
sababci	NOUN
sababiyat	NOUN
sababki	CNJ
sababli	AUX
sababsiz	NOUN
sababsizlik	NOUN
sabanca	NOUN
sabaş	NOUN
sabi	NOUN
sabiha	NOUN
sabil	NOUN
sabila	NOUN
sabina	NOUN
sabinaxon	NOUN
sabinur	NOUN
sabiqa	NOUN
sabiy	NOUN
sabiya	NOUN
sabiylik	NOUN
sabljakovic	NOUN
sabo	NOUN
sabogul	NOUN
saboh	NOUN
sabohat	NOUN
sabohiddin	NOUN
sabon	NOUN
sabonci	NOUN
saboq	NOUN
saboqdoş	NOUN
sabot	NOUN
sabotaj	NOUN
sabotajci	NOUN
sabotajcilik	NOUN
sabotkor	NOUN
sabotli	NOUN
sabotlilik	NOUN
sabotsiz	NOUN
sabotsizlik	NOUN
sabotxon	NOUN
sabr	ADJ,NOUN
sabr-qanoat	NOUN
sabr-qaror	NOUN
sabr-toqat	NOUN
sabr/siz	VERB
sabr/sizlan	VERB
sabri	NOUN
sabriddin	NOUN
sabrina	NOUN
sabriya	NOUN
sabrli	ADJ,NOUN
sabrlik	NOUN
sabrlilik	NOUN
sabrsiz	ADJ,NOUN
sabrsizlik	NOUN
sabrulla	NOUN
sabsan	NOUN
sabura	NOUN
sabz	NOUN
sabza	NOUN
sabzaali	NOUN
sabzabahor	NOUN
sabzagul	NOUN
sabzak	NOUN
sabzan	NOUN
sabzavot	NOUN
sabzavotci	NOUN
sabzavotcilik	NOUN
sabzavotkor	NOUN
sabzavotkorlik	NOUN
sabzazor	NOUN
sabzi	NOUN
sabzifuruş	NOUN
sabzigul	NOUN
sabzina	NOUN
sacoq	NOUN
sacra	NOUN,VERB
sacrandi	NOUN
sacrat	VERB
sacrat&qi	NOUN
sacratqi	NOUN
sad	NOUN
sada	NOUN
sadaddin	NOUN
sadaf	ADJ,NOUN
sadafxon	NOUN
sadan	NOUN
sadaqa	NOUN
sadaqaci	NOUN
sadaqayragoc	NOUN
sadar	NOUN
sadarayhon	NOUN
sadat	NOUN
sadatqul	NOUN
sadaxon	NOUN
sadbar	NOUN
sadbargniso	NOUN
sadbarniso	NOUN
sadbarxon	NOUN
sadd	NOUN
saddam	NOUN
sadi	NOUN
sadia	NOUN
sadiboy	NOUN
sadid	NOUN
sadida	NOUN
sadiddin	NOUN
sadimurod	NOUN
sadina	NOUN
sadiniso	NOUN
sadiniyoz	NOUN
sadipoşşa	NOUN
sadisa	NOUN
sadivaqqos	NOUN
sado	NOUN
sadod	NOUN
sadomat	NOUN
sadoq	NOUN
sadoqat	ADJ,NOUN
sadoqatkor	NOUN
sadoqatli	ADJ
sadoqatsiz	NOUN
sadoqatsizlik	NOUN
sadorat	NOUN
sadovic	NOUN
sadpora	NOUN
sadqa	NOUN
sadqayisar	NOUN
sadr	NOUN
sadrali	NOUN
sadredinov	NOUN
sadredinova	NOUN
sadretdinov	NOUN
sadretdinova	NOUN
sadri	NOUN
sadriddin	NOUN
sadriislom	NOUN
sadrijahon	NOUN
sadriya	NOUN
sadrjon	NOUN
sadrulla	NOUN
sadrxon	NOUN
sadulla	NOUN
saf	NOUN,VERB
saf/la	VERB
saf/lan	VERB
saf/lan\tir	VERB
saf/laş	VERB
safar	NOUN
safarali	NOUN
safarbar	NOUN,VERB
safarbarla	VERB
safarbarlik	NOUN
safarbeka	NOUN
safarberdi	NOUN
safarbibi	NOUN
safarbika	NOUN
safarboş	NOUN
safarboşi	NOUN
safarbuvi	NOUN
safarci	NOUN
safardoş	NOUN
safargozal	NOUN
safargul	NOUN
safarjamol	NOUN
safarjuma	NOUN
safarkeldi	NOUN
safarmamat	NOUN
safarmat	NOUN
safarmirza	NOUN
safarmomo	NOUN
safarmuhammad	NOUN
safarmurod	NOUN
safarnazar	NOUN
safarniyoz	NOUN
safaromon	NOUN
safaroroz	NOUN
safarov	NOUN
safarova	NOUN
safaroy	NOUN
safarqilic	NOUN
safarqul	NOUN
safartoj	NOUN
safartoş	NOUN
safarturdi	NOUN
safartursin	NOUN
safarvali	NOUN
safarxoja	NOUN
safarxol	NOUN
safarxon	NOUN
safbasta	NOUN
safboşi	NOUN
safdor	NOUN
safdoş	NOUN
saffona	NOUN
saffor	NOUN
safforboy	NOUN
safha	NOUN
safid	NOUN
safida	NOUN
safil	NOUN
safina	NOUN
safinoza	NOUN
safinur	NOUN
safir	NOUN
safira	NOUN
safiuddin	NOUN
safiulla	NOUN
safiy	NOUN
safiya	NOUN
safla	NOUN,VERB
safo	NOUN
safoali	NOUN
safoat	NOUN
safobaxş	NOUN
safogoh	NOUN
safogul	NOUN
safohat	NOUN
safolat	NOUN
safona	NOUN
safoniyoz	NOUN
safonov	NOUN
safonova	NOUN
safoqul	NOUN
saforat	NOUN
saforatxona	NOUN
safouddin	NOUN
safoulla	NOUN
safoxoja	NOUN
safoxon	NOUN
safoyil	NOUN
safro	NOUN
safronbek	NOUN
safsar	NOUN
safsargul	NOUN
safsarjon	NOUN
safsata	ADJ,NOUN
safsataboz	ADJ,NOUN
safsatabozlik	NOUN
safsataci	NOUN
safsatacilik	NOUN
safura	NOUN
sag	NOUN
sagal	ADV,NOUN
sagan	NOUN
sagbon	NOUN
sagimboy	NOUN
sagir	NOUN
sagira	NOUN
sagirboy	NOUN
sagirlik	NOUN
sagirovul	NOUN
sagirtoy	NOUN
sagirxona	NOUN
sagiya	NOUN
sagiz	NOUN
sagri	NOUN
sagrici	NOUN
sahad	NOUN
sahadberdi	NOUN
sahadbibi	NOUN
sahadgul	NOUN
sahadjamol	NOUN
sahadkeldi	NOUN
sahadmamat	NOUN
sahadmuhammad	NOUN
sahadmurod	NOUN
sahadnazar	NOUN
sahadniyoz	NOUN
sahadqul	NOUN
sahadturdi	NOUN
sahar	ADV,NOUN,VERB
saharbeka	NOUN
saharboy	NOUN
sahargul	NOUN
saharla	VERB
saharlab	ADV
saharlik	NOUN
saharnoz	NOUN
saharov	NOUN
saharova	NOUN
saharxez	NOUN
sahbo	NOUN
sahhof	NOUN
sahhoflik	NOUN
sahida	NOUN
sahidaxon	NOUN
sahifa	NOUN,VERB
sahifa/la	VERB
sahifa/lan	VERB
sahifala	VERB
sahifaxon	NOUN
sahil	NOUN
sahila	NOUN
sahimjon	NOUN
sahin	NOUN
sahina	NOUN
sahinpasic	NOUN
sahiqa	NOUN
sahl	NOUN
sahmanovic	NOUN
sahmon	NOUN
sahn	NOUN
sahna	NOUN,VERB
sahnabop	NOUN
sahnadoş	NOUN
sahnalaştir	VERB
sahnaviy	NOUN
sahob	NOUN
sahoba	NOUN
sahobat	NOUN
sahobaxon	NOUN
sahobiddin	NOUN
sahobqul	NOUN
sahobxon	NOUN
sahodulla	NOUN
sahovatpeşa	ADJ
sahovic	NOUN
sahrboy	NOUN
sahro	NOUN
sahroboy	NOUN
sahrogul	NOUN
sahtboy	NOUN
sahv	NOUN
said	NOUN
saida	NOUN
saidabbos	NOUN
saidabdulqodir	NOUN
saidabror	NOUN
saidadham	NOUN
saidafzal	NOUN
saidahmad	NOUN
saidahman	NOUN
saidahmedov	NOUN
saidahmedova	NOUN
saidahmetov	NOUN
saidahmetova	NOUN
saidahror	NOUN
saidakbar	NOUN
saidakram	NOUN
saidali	NOUN
saidaliyev	NOUN
saidaliyeva	NOUN
saidalo	NOUN
saidamet	NOUN
saidametov	NOUN
saidametova	NOUN
saidamin	NOUN
saidamir	NOUN
saidanvar	NOUN
saidasror	NOUN
saidato	NOUN
saidazim	NOUN
saidaziz	NOUN
saidbadr	NOUN
saidbahrom	NOUN
saidbattol	NOUN
saidberdi	NOUN
saidbergan	NOUN
saidbibi	NOUN
saidbilol	NOUN
saidboqi	NOUN
saidburhon	NOUN
saiddono	NOUN
saidehson	NOUN
saideşon	NOUN
saidfarmon	NOUN
saidfozil	NOUN
saidgani	NOUN
saidgozi	NOUN
saidhosil	NOUN
saidhusayn	NOUN
saidibrohim	NOUN
saididdin	NOUN
saidislom	NOUN
saidislombek	NOUN
saidiu	NOUN
saidjabbor	NOUN
saidjahon	NOUN
saidjalol	NOUN
saidjamil	NOUN
saidjamol	NOUN
saidkamol	NOUN
saidkarim	NOUN
saidkomil	NOUN
saidmahmud	NOUN
saidmalik	NOUN
saidmamat	NOUN
saidmaqsad	NOUN
saidmaqsud	NOUN
saidmat	NOUN
saidmirza	NOUN
saidmuhammad	NOUN
saidmurod	NOUN
saidmuso	NOUN
saidmuxtor	NOUN
saidnabi	NOUN
saidnazar	NOUN
saidniso	NOUN
saidnumon	NOUN
saidnur	NOUN
saidolim	NOUN
saidolmas	NOUN
saidomon	NOUN
saidorif	NOUN
saidoxun	NOUN
saidpoşşa	NOUN
saidqayum	NOUN
saidqodir	NOUN
saidqori	NOUN
saidqosim	NOUN
saidqul	NOUN
saidrahim	NOUN
saidrahmon	NOUN
saidrasul	NOUN
saidrizo	NOUN
saidsolih	NOUN
saidtilla	NOUN
saidtoji	NOUN
saidtora	NOUN
saidtoy	NOUN
saidvali	NOUN
saidvaqqos	NOUN
saidxol	NOUN
saidxon	NOUN
saidyoqub	NOUN
saidyor	NOUN
saidşo	NOUN
sail	NOUN
saila	NOUN
saima	NOUN
sain	NOUN
sainovic	NOUN
saint	NOUN
sainte	NOUN
sair	NOUN
saira	NOUN
saitvaliyev	NOUN
saitvaliyeva	NOUN
saizesku	NOUN
saj	NOUN
sajaraxon	NOUN
sajda	NOUN
sajdagoh	NOUN
sajiya	NOUN
sak	NOUN
sakariyo	NOUN
sakarya	NOUN
sakaryaspor	NOUN
sakboy	NOUN
sakic	NOUN
sakilla	VERB
sakillat	VERB
sakin	NOUN
sakina	NOUN
sakit	NOUN
sakiya	NOUN
sakkiz	NOUN,NUM
sakkizboy	NOUN
sakkizda	NUM
sakkizdaman	NUM
sakkizdan	NUM
sakkizga	NUM
sakkizinci	NUM
sakkizlab	NUM
sakkizlamci	NUM
sakkizlarca	NUM
sakkizlik	NOUN
sakkizni	NUM
sakkizning	NUM
sakkizov	NUM
sakkizoyoq	NOUN
sakkizta	NOUN,NUM
sakkiztaca	NUM
sakkiztadan	NUM
sakkiztepki	NOUN
sakkizxon	NOUN
saklar	NOUN
saklat	NOUN
sakra	NOUN,VERB
sakra/t	VERB
sakra/ttir	VERB
sakrama	NOUN
sakramali	NOUN
sakramento	NOUN
sakrat	VERB
sakraş	VERB
saksenov	NOUN
saksenova	NOUN
sakson	NOUN,NUM
saksonda	NUM
saksondaman	NUM
saksondan	NUM
saksonga	NUM
saksoninci	NUM
saksoniya	NOUN
saksonlab	NUM
saksonlamci	NUM
saksonlarca	NUM
saksonmurod	NOUN
saksonni	NUM
saksonning	NUM
saksonta	NUM
saksontaca	NUM
saksontadan	NUM
saksontora	NOUN
saksonya	NOUN
saksovul	NOUN
saksovulzor	NOUN
sakta	NOUN
saktalik	NOUN
saktoş	NOUN
sakura	NOUN
sal	ADV,NOUN
sal-pal	ADV
salaf	NOUN
salamanca	NOUN
salang-salang	IMIT
salariya	NOUN
salat	NOUN
salavat	NOUN
salavatulla	NOUN
salavot	NOUN
salavotli	NOUN
salbiy	NOUN
salbiya	NOUN
salbiylik	NOUN
salda	NOUN
saldo	NOUN
saldom	NOUN
saldov	NOUN
saldovci	NOUN
salekhard	NOUN
salerno	NOUN
saletovic	NOUN
salfetka	NOUN
sali	NOUN
salib	NOUN
salibci	NOUN
salidat	NOUN
salifa	NOUN
salihovic	NOUN
salim	NOUN
salima	NOUN
salimbek	NOUN
salimberdi	NOUN
salimiddin	NOUN
salimmirza	NOUN
salimnazar	NOUN
salimqul	NOUN
salimtora	NOUN
salimturdi	NOUN
salimulla	NOUN
salimxoja	NOUN
salimxon	NOUN
salimzyanov	NOUN
salimzyanova	NOUN
salimşo	NOUN
saliqa	NOUN
saliyev	NOUN
saliyeva	NOUN
salkic	NOUN
salkove	NOUN
salla	NOUN
sallaca	NOUN
sallador	NOUN
sallagul	NOUN
sallai	NOUN
sallalik	NOUN
sallallahu	NOUN
sallamno	NOUN
sallaqovoq	NOUN
sallot	NOUN
sallox	NOUN
salloxlik	NOUN
salloxxona	NOUN
salmok	NOUN
salmon	NOUN
salmonqul	NOUN
salmoq	ADJ
salmoqli	ADJ
salobat	NOUN
salobatxon	NOUN
saloh	NOUN
salohiddin	NOUN
salohiyat	NOUN
salom	INTJ,NOUN,VERB
saloma	NOUN
salomat	NOUN
salomatali	NOUN
salomatlik	NOUN
salomatulla	NOUN
salomatxon	NOUN
salombek	NOUN
salomberdi	NOUN
salombergan	NOUN
salomiddin	NOUN
salomidin	NOUN
salomlaş	VERB
salommirza	NOUN
salomnoma	NOUN
salomqul	NOUN
salomulla	NOUN
salomulloh	NOUN
salomxoja	NOUN
salomxon	NOUN
salomxona	NOUN
salon	NOUN
saloniki	NOUN
salor	NOUN
salorlar	NOUN
salot	NOUN
salovat	NOUN
salqin	ADJ,NOUN,VERB
salqin/la	VERB
salqin/lan	VERB
salqin/lat	VERB
salqin/laş	VERB
salqinla	VERB
salqinlik	NOUN
salqit	NOUN
salsabil	NOUN
salt	NOUN
saltanat	NOUN
saltikov	NOUN
saltikova	NOUN
salvador	NOUN
salyut	NOUN
salzburg	NOUN
sam	NOUN
samad	NOUN
samadali	NOUN
samaddin	NOUN
samadmirza	NOUN
samadoy	NOUN
samadqozi	NOUN
samadqul	NOUN
samadturdi	NOUN
samadulla	NOUN
samadxoja	NOUN
saman	ADJ,NOUN
samanboy	NOUN
samand	NOUN
samandar	NOUN
samangul	NOUN
samanturiq	NOUN
samar	NOUN
samara	ADJ,NOUN
samarador	NOUN
samaradorlik	NOUN
samaradzic	NOUN
samarali	ADJ
samaras	NOUN
samarasiz	NOUN
samarasizlik	NOUN
samarcic	NOUN
samardzic	NOUN
samariddin	NOUN
samariy	NOUN
samariya	NOUN
samariye	NOUN
samarkand	NOUN
samarqand	NOUN
samarxon	NOUN
samarya	NOUN
sambir	NOUN
sambit	NOUN
sambitgul	NOUN
sambittol	NOUN
sambo	NOUN
samedinov	NOUN
samedinova	NOUN
samel	NOUN
samet	NOUN
sami	NOUN
samia	NOUN
samig	NOUN
samigjon	NOUN
samigulla	NOUN
samim	NOUN
samimiy	ADJ,NOUN
samimiyat	NOUN
samimiyatsiz	NOUN
samimiyatsizlik	NOUN
samimiylik	NOUN
samin	NOUN
samina	NOUN
samingul	NOUN
samiq	NOUN
samir	NOUN
samira	NOUN
samit	NOUN
samiulla	NOUN
samixa	NOUN
samiya	NOUN
sammit	NOUN
samo	ADJ,NOUN
samoa	NOUN
samoderjaviye	NOUN
samogon	NOUN
samogonci	NOUN
samohvalov	NOUN
samohvalova	NOUN
samoiddin	NOUN
samokat	NOUN
samolyot	NOUN
samolyotsoz	NOUN
samolyotsozlik	NOUN
samon	ADJ
samos	NOUN
samosiy	NOUN
samosval	NOUN
samosvalci	NOUN
samovar	NOUN
samovarci	NOUN
samovarcilik	NOUN
samovarxona	NOUN
samovaş	ADJ
samoviy	ADJ,NOUN
samovot	NOUN
samoxon	NOUN
samoylenko	NOUN
samoylov	NOUN
sampdoria	NOUN
samson	NOUN
samsoqali	NOUN
samsun	NOUN
samsung	NOUN
samsunspor	NOUN
samuel	NOUN
samuilovna	NOUN
samur	NOUN
san	NOUN,VERB
san/a	VERB
san/at	VERB
san/at\tir	VERB
san/aş	VERB
sana	NOUN,VERB
sanad	NOUN
sanader	NOUN
sanal	NOUN,VERB
sanam	NOUN
sanama	NOUN
sanamgul	NOUN
sanamoy	NOUN
sanaqul	NOUN
sanat	ADV,NOUN
sanatgul	NOUN
sanatilla	NOUN
sanatkor	ADV,NOUN
sanatkorlik	NOUN
sanatkorona	ADV,NOUN
sanatoriy	NOUN
sanatoriya	NOUN
sanatulla	NOUN
sanatşunos	NOUN
sanatşunoslik	NOUN
sanavbar	NOUN
sanbit	NOUN
sanc	NOUN,VERB
sanc/il	VERB
sanc/iltir\	VERB
sancak	NOUN
sanci	NOUN
sancil	VERB
sanciq	NOUN
sanciş	VERB
sancqi	NOUN
sanctir	VERB
sandal	NOUN
sandalet	NOUN
sandesku	NOUN
sandic	NOUN
sandiq	NOUN
sandiqca	NOUN
sandiqci	NOUN
sandiqcilik	NOUN
sandiqsoz	NOUN
sandiqzada	NOUN
sandira	NOUN,VERB
sandiraş	VERB
sandiro/q	VERB
sandiro/qla	VERB
sandon	NOUN
sandra	NOUN
sane	NOUN
sang	NOUN
sanga	NOUN
sangali	NOUN
sangar	NOUN
sangarboy	NOUN
sangardak	NOUN
sangbas	NOUN
sangbur	NOUN
sangburon	NOUN
sangca	NOUN
sangdil	NOUN
sangdiza	NOUN
sangi	NOUN
sangijuman	NOUN
sangiltoş	NOUN
sangin	NOUN
sangina	NOUN
sanginmirza	NOUN
sanginmurod	NOUN
sanginoy	NOUN
sangir	NOUN
sangirboy	NOUN
sangirtoş	NOUN
sangisafed	NOUN
sangmuhammad	NOUN
sangob	NOUN
sangsar	NOUN
sangsor	NOUN
sangtaroş	NOUN
sangtaroşlik	NOUN
sangzor	NOUN
sanherib	NOUN
sanitar	NOUN
sanitariya	NOUN
sanitarka	NOUN
sanitarlik	NOUN
sanjar	NOUN
sanjara	NOUN
sanjarbek	NOUN
sanjarmirza	NOUN
sanjarqul	NOUN
sanjartilla	NOUN
sanjoq	NOUN
sanksiya	NOUN
sankt	NOUN
sanna	NOUN,VERB
sano	NOUN
sanoat	NOUN,VERB
sanoat/laştir	VERB
sanoat/laştiril	VERB
sanoatci	NOUN
sanoatlaştir	VERB
sanoatulla	NOUN
sanobar	NOUN
sanoc	NOUN,VERB
sanocla	VERB
sanoq	NOUN
sanoqli	NOUN
sanoqul	NOUN
sanor	NOUN
sanorboy	NOUN
sanoulla	NOUN
sanoxoja	NOUN
sanoxon	NOUN
sanoyi	NOUN
sanqi	NOUN,VERB
sanqi/la	VERB
sanqi/laş	VERB
sansabilya	NOUN
sansalor	NOUN
sansalorlik	NOUN
sant	NOUN
santa	NOUN
santal	NOUN
santalat	NOUN
santic	NOUN
santigramm	NOUN
santimetr	NOUN,VERB
santimetrla	VERB
santoron	NOUN
santyago	NOUN
sanzor	NOUN
sanşer	NOUN
saodat	ADJ,NOUN
saodatali	NOUN
saodatbek	NOUN
saodatbeka	NOUN
saodatgul	NOUN
saodatli	ADJ
saodatnur	NOUN
saodatqul	NOUN
saodatulla	NOUN
saodatvali	NOUN
saodatxon	NOUN
sap-sariq	ADJ
sapca	NOUN
sapci	VERB
sapcit	VERB
sapciyver	VERB
sapciş	VERB
saper	NOUN
sapfa	NOUN
sapfir	NOUN
sapic	NOUN
sapida	NOUN
sapran	NOUN
sapsar	NOUN
sapsarg	VERB
sapsargay	VERB
sapura	NOUN
saqar	NOUN
saqic	NOUN
saqicsimon	NOUN
saqla	NOUN,VERB
saqlagic	NOUN
saqlagon	NOUN
saqlan	VERB
saqlandi	NOUN
saqlat	VERB
saqlaş	VERB
saqman	NOUN
saqmon	NOUN
saqmonboy	NOUN
saqmonci	NOUN
saqol	ADJ
saqoquş	NOUN
saqov	NOUN
sar	NOUN
sara	NOUN,VERB
sara/la	VERB
sara/lan	VERB
sara/laş	VERB
sarabek	NOUN
saraboy	NOUN
sarabuz	NOUN
sarafroz	NOUN
saragoza	NOUN
saragul	NOUN
sarajlic	NOUN
sarajon	NOUN
sarak	NOUN
sarala	NOUN,VERB
saralagic	NOUN
saralyic	NOUN
saramas	NOUN
saramjom	ADJ
saramjon	ADJ
saramjon-sarişta	ADJ
sarana	NOUN
sarancic	NOUN
sarang	NOUN,VERB
saranglaş	VERB
saranjom	NOUN,VERB
saranjom/la	VERB
saranjom/lan\	VERB
saranjomla	VERB
saranjomlik	NOUN
saranovic	NOUN
sarata	NOUN
saraton	NOUN
saratov	NOUN
saratova	NOUN
sarayevo	NOUN
saraylic	NOUN
sarbaland	NOUN
sarbast	NOUN
sarbastlik	NOUN
sarbin	NOUN
sarbina	NOUN
sarbog	NOUN
sarbola	NOUN
sarbon	NOUN
sarbona	NOUN
sarboy	NOUN
sarboz	NOUN
sarbozlik	NOUN
sarbozor	NOUN
sarbozxona	NOUN
sarburgut	NOUN
sarcaşma	NOUN
sarcecak	NOUN
sardak	NOUN
sardara	NOUN
sardelic	NOUN
sardiniya	NOUN
sardoba	NOUN
sardona	NOUN
sardor	NOUN
sardora	NOUN
sardorbek	NOUN
sardorbu	NOUN
sardorbuvi	NOUN
sardorlik	NOUN
sardorqul	NOUN
sardorxon	NOUN
sarf	NOUN,VERB
sarf/la	VERB
sarf/lan	VERB
sarf/lat	VERB
sarfaroz	NOUN
sarfiy	NOUN
sarfiyat	NOUN
sarfla	VERB
sarg	VERB
sarg/ay	VERB
sarg/ayinqira	VERB
sarg/ayt	VERB
sarg/aytir	VERB
sargamiş	NOUN
sargardon	NOUN
sargardonlik	NOUN
sargay	VERB
sargiş	ADJ
sarguzaşt	ADJ,NOUN
sarguzaştli	ADJ
sarhad	NOUN
sarhafta	NOUN
sarhang	NOUN
sarhat	NOUN
sarhisob	NOUN
sarhovuz	NOUN
sari	AUX,NOUN
sariali	NOUN
saribagiş	NOUN
saribek	NOUN
saribelalov	NOUN
saribelalova	NOUN
saribibi	NOUN
saribola	NOUN
saribotir	NOUN
sariboy	NOUN
saribozor	NOUN
sariboş	NOUN
saric	NOUN
saricaşma	NOUN
saricilar	NOUN
sarigboş	NOUN
sarigul	NOUN
sariha	NOUN
sarihat	NOUN
sarihatxon	NOUN
sarijon	NOUN
sarijoy	NOUN
sarikanda	NOUN
saril	NOUN
sarilar	NOUN
sarim	NOUN
sarimagiz	NOUN
sarimamat	NOUN
sarimirza	NOUN
sarimsoq	NOUN
sarimsoqali	NOUN
sarimuhammad	NOUN
sarimurod	NOUN
sarin	NOUN
sarinazar	NOUN
sarinic	NOUN
sariniyoz	NOUN
sarioymovijt	NOUN
saripolat	NOUN
saripoyon	NOUN
sariq	ADJ,NOUN
sariqa	NOUN
sariqamiş	NOUN
sariqboş	NOUN
sariqca	NOUN
sariqlik	NOUN
sariqqamiş	NOUN
sariqsor	NOUN
sariqul	NOUN
sarisoc	NOUN
sarita	NOUN
saritol	NOUN
saritoy	NOUN
sarixoja	NOUN
sarixon	NOUN
sariyaxon	NOUN
sariyer	NOUN
sariyog	NOUN
sarişta	ADJ,NOUN,VERB
sarişta/la	VERB
sarişta/lan	VERB
sariştala	VERB
sariştalik	NOUN
sariştaxon	NOUN
sarjiga	NOUN
sarjin	NOUN,VERB
sarjinci	NOUN
sarjinla	VERB
sarkaboy	NOUN
sarkarda	NOUN
sarkardalik	NOUN
sarkarxon	NOUN
sarkaş	NOUN
sarkaşlik	NOUN
sarkic	NOUN
sarkisov	NOUN
sarkisova	NOUN
sarkofag	NOUN
sarkor	NOUN
sarkorlik	NOUN
sarkormirza	NOUN
sarkotib	NOUN
sarkotiblik	NOUN
sarkozy	NOUN
sarlavha	NOUN
sarlavhalik	NOUN
sarlavxa	NOUN
sarmad	NOUN
sarman	NOUN
sarmast	NOUN,VERB
sarmastlan	VERB
sarmastlik	NOUN
sarmonqul	NOUN
sarmos	NOUN
sarmoya	NOUN
sarmoyador	NOUN
sarmunşi	NOUN
sarnasil	NOUN
sarnayza	NOUN
sarnigun	NOUN
sarniyoz	NOUN
sarnjom	ADJ
sarnoma	NOUN
saro	NOUN
sarob	NOUN
saromad	NOUN
saromadxon	NOUN
sarona	NOUN
sarosar	ADV,NOUN
sarosima	NOUN,VERB
sarosimalan	VERB
sarosimalik	NOUN
sarovic	NOUN
saroy	NOUN
saroybon	NOUN
saroykol	NOUN
saroyvon	NOUN
saroyvonlik	NOUN
sarparda	NOUN
sarpo	NOUN
sarpoy	NOUN
sarpoycang	NOUN
sarpuş	NOUN
sarqanot	NOUN
sarqit	NOUN
sarqut	NOUN
sarr	NOUN
sarrof	NOUN
sarrofboy	NOUN
sarroflik	NOUN
sarroj	NOUN
sarrojboy	NOUN
sarrojlik	NOUN
sarrov	NOUN
sarsabil	NOUN
sarsari	NOUN
sarson	NOUN,VERB
sarson-sargardon	ADJ
sarsonboy	NOUN
sarsoncilik	NOUN
sarsongarcilik	NOUN
sarsonlan	VERB
sarsonlik	NOUN
sarsonqul	NOUN
sart	NOUN
sartaroş	NOUN
sartaroşlik	NOUN
sartaroşxona	NOUN
sartaxta	NOUN
sartboy	NOUN
sartepa	NOUN
sartiya	NOUN
sartoy	NOUN
sartre	NOUN
sartulli	NOUN
sarupo	NOUN
sarv	NOUN
sarvag	NOUN
sarvagdor	NOUN
sarvar	NOUN
sarvara	NOUN
sarvarbibi	NOUN
sarvargul	NOUN
sarvariddin	NOUN
sarvarniso	NOUN
sarvaroy	NOUN
sarvarxon	NOUN
sarvat	NOUN
sarvi	NOUN
sarviddin	NOUN
sarvigul	NOUN
sarvijahon	NOUN
sarvijamol	NOUN
sarvikamar	NOUN
sarvikamol	NOUN
sarvin	NOUN
sarviniso	NOUN
sarviniyoz	NOUN
sarvinoz	NOUN
sarviravon	NOUN
sarviya	NOUN
sarvqad	NOUN
sarxal	NOUN
sarxat	NOUN
sarxil	NOUN,VERB
sarxilla	VERB
sarxok	NOUN
sarxon	NOUN
sarxona	NOUN
sarxoq	NOUN
sarxuş	NOUN,VERB
sarxuşlan	VERB
sarxuşlik	NOUN
saryer	NOUN
sas	NOUN
sasi	VERB
sasir	NOUN
sasit	VERB
sasoyevic	NOUN
sassi	ADJ,NOUN
sassiq	ADJ,NOUN
sassiqkovrak	NOUN
sassiqkozan	NOUN
sassiqkuzan	NOUN
sassiqlik	NOUN
sassiqpopişak	NOUN
sassiqqongiz	NOUN
satang	NOUN,VERB
satangca	NOUN
satanglan	VERB
satanglaş	VERB
satanglik	NOUN
sataniv	NOUN
satarenko	NOUN
satellit	NOUN
sath	NOUN
sathi	NOUN
satil	NOUN
satin	NOUN
satira	NOUN
satiranavis	NOUN
satiraxon	NOUN
satpayev	NOUN
satr	NOUN
satranj	NOUN
satta	NOUN
sattang	ADV
sattarov	NOUN
sattarova	NOUN
sattor	NOUN
sattorali	NOUN
sattorberdi	NOUN
sattorbergan	NOUN
sattorkeldi	NOUN
sattormurod	NOUN
sattorqul	NOUN
sattorturdi	NOUN
satuk	NOUN
saturn	NOUN
saudiya	NOUN
saul	NOUN
sauna	NOUN
saunier	NOUN
saunierlons	NOUN
sava	ADJ,NOUN,VERB
sava/gic	VERB
sava/gicla	VERB
sava/la	VERB
sava/lan	VERB
sava/lat	VERB
sava/laş	VERB
sava/t	VERB
sava/ttir	VERB
savacop	NOUN
savagic	ADJ,NOUN
savagiczor	NOUN
saval	NOUN
savala	VERB
savam	NOUN
savanna	NOUN
savaq	NOUN
savat	ADV,NOUN,VERB
savat-savat	ADV
savatboş	NOUN
savatci	NOUN
savatcilik	NOUN
savatlab	ADV
savay	NOUN
savaş	VERB
savcenko	NOUN
savcic	NOUN
savda	NOUN
savdo	NOUN,VERB
savdo/yi	VERB
savdo/yilaş	VERB
savdogar	NOUN
savdogarcilik	NOUN
savdogarlik	NOUN
savdolaş	VERB
savdoyi	NOUN
savdoyilik	NOUN
savelyev	NOUN
savelyeva	NOUN
savenko	NOUN
savic	NOUN
savicevic	NOUN
savil	NOUN
savir	NOUN
savisevic	NOUN
saviya	NOUN
savkovic	NOUN
savlat	ADJ,NOUN
savlatbek	NOUN
savlatbibi	NOUN
savlatli	ADJ
savlatlik	NOUN
savlatxon	NOUN
savob	NOUN
savoblik	NOUN
savod	NOUN
savodli	NOUN
savodlilik	NOUN
savodsiz	NOUN
savodsizlik	NOUN
savodxon	NOUN
savodxonlik	NOUN
savoie	NOUN
savol	NOUN
savol-javob	NOUN
savolomuz	NOUN
savona	NOUN
savq	NOUN
savr	NOUN
savran	NOUN
savri	NOUN
savriddin	NOUN
savrim	NOUN
savrin	NOUN
savrinjon	NOUN
savron	NOUN
savsan	NOUN
savsanoy	NOUN
savsar	ADJ,NOUN
savt	NOUN
savtiya	NOUN
savtiyot	NOUN
savur	NOUN
savura	NOUN
saxdof	NOUN
saxi	NOUN
saxiboy	NOUN
saxiy	ADJ,NOUN,VERB
saxiyboy	NOUN
saxiylaş	VERB
saxiylik	NOUN
saxobat	NOUN
saxovat	NOUN
saxovatpeşa	NOUN
saxovatpeşalik	NOUN
saxroyi	NOUN
saxtiyon	NOUN
say	NOUN
sayadxon	NOUN
sayakboy	NOUN
sayat	NOUN
sayba	NOUN
sayda	NOUN
saydi	NOUN
saydigani	NOUN
saydikarim	NOUN
saydimamat	NOUN
saydimuhammad	NOUN
saydin	NOUN
saydiniso	NOUN
saydiqul	NOUN
saydirasul	NOUN
saydixon	NOUN
saydiyor	NOUN
saydulla	NOUN
saydulloh	NOUN
sayez	NOUN
sayezlik	NOUN
sayfan	NOUN
sayfi	NOUN
sayfiali	NOUN
sayfiddin	NOUN
sayfiniso	NOUN
sayfiqora	NOUN
sayfixoja	NOUN
sayfiy	NOUN
sayfiya	NOUN
sayfiyazdon	NOUN
sayfulislom	NOUN
sayfulla	NOUN
sayfulloh	NOUN
sayfulmalik	NOUN
sayfulmulk	NOUN
sayfur	NOUN
saygaq	NOUN
sayhon	NOUN
sayhonlik	NOUN
sayi	NOUN
sayid	NOUN
sayida	NOUN
sayidafzal	NOUN
sayidahmad	NOUN
sayidali	NOUN
sayidamin	NOUN
sayidamir	NOUN
sayidasqar	NOUN
sayidato	NOUN
sayidazim	NOUN
sayidbattol	NOUN
sayidbek	NOUN
sayidbeka	NOUN
sayidberdi	NOUN
sayidbibi	NOUN
sayidbilol	NOUN
sayidburhon	NOUN
sayidca	NOUN
sayiddin	NOUN
sayideson	NOUN
sayidfozil	NOUN
sayidgaffor	NOUN
sayidgafur	NOUN
sayidgani	NOUN
sayidgozi	NOUN
sayidgul	NOUN
sayidhabib	NOUN
sayidhasan	NOUN
sayidhoji	NOUN
sayidhusayn	NOUN
sayidikrom	NOUN
sayidislom	NOUN
sayidjabbor	NOUN
sayidjalol	NOUN
sayidjamol	NOUN
sayidjon	NOUN
sayidjora	NOUN
sayidkamol	NOUN
sayidkarim	NOUN
sayidkeldi	NOUN
sayidkomil	NOUN
sayidlatif	NOUN
sayidmahmud	NOUN
sayidmamat	NOUN
sayidmat	NOUN
sayidmirza	NOUN
sayidmuhammad	NOUN
sayidmurod	NOUN
sayidnabi	NOUN
sayidnafas	NOUN
sayidnasim	NOUN
sayidnazar	NOUN
sayidnazir	NOUN
sayidniso	NOUN
sayidniyoz	NOUN
sayidnumon	NOUN
sayidnur	NOUN
sayidolim	NOUN
sayidomon	NOUN
sayidorif	NOUN
sayidoroz	NOUN
sayidota	NOUN
sayidoxun	NOUN
sayidoy	NOUN
sayidpolat	NOUN
sayidqayyum	NOUN
sayidqilic	NOUN
sayidqosim	NOUN
sayidqul	NOUN
sayidqurbon	NOUN
sayidrahim	NOUN
sayidrahmon	NOUN
sayidrajab	NOUN
sayidrasul	NOUN
sayidrizo	NOUN
sayidsulton	NOUN
sayidtemir	NOUN
sayidtogon	NOUN
sayidumar	NOUN
sayidusmon	NOUN
sayidvali	NOUN
sayidxalil	NOUN
sayidxoja	NOUN
sayidxol	NOUN
sayidxon	NOUN
sayidyaqub	NOUN
sayidyaxyo	NOUN
sayidyor	NOUN
sayidyunus	NOUN
sayidzoda	NOUN
sayidşarif	NOUN
sayidşo	NOUN
sayil	NOUN
sayilci	NOUN
sayilgoh	NOUN
sayim	NOUN
sayima	NOUN
sayimnazar	NOUN
sayimqul	NOUN
sayin	AUX,NOUN
sayina	NOUN
sayinovic	NOUN
sayir	NOUN
sayis	NOUN
sayisxona	NOUN
sayiş	NOUN
sayl	NOUN
sayla	NOUN,VERB
sayla/t	VERB
sayla/ttir	VERB
saylan	NOUN,VERB
saylan&ma	NOUN
saylat	VERB
saylaş	VERB
saylgoh	NOUN
sayli	NOUN
sayligul	NOUN
saylo	NOUN
saylonboy	NOUN
saylov	NOUN
saylovberdi	NOUN
saylovci	NOUN
saymiddin	NOUN
saynur	NOUN
sayohat	NOUN,VERB
sayohatci	NOUN
sayohatlaş	VERB
sayohatnoma	NOUN
sayoq	NOUN,VERB
sayoqlan	VERB
sayoqlik	NOUN
sayorina	NOUN
sayot	NOUN
sayoxat	NOUN
sayoxatci	NOUN
sayoz	ADJ,NOUN,VERB
sayoz/laş	VERB
sayoz/laştir	VERB
sayozlan	VERB
sayozlaş	VERB
sayozlik	NOUN
sayqal	NOUN,VERB
sayqal/la	VERB
sayqal/lan	VERB
sayqalci	NOUN
sayqalla	VERB
sayr	NOUN
sayra	NOUN,VERB
sayra/t	VERB
sayra/ttir	VERB
sayram	NOUN
sayramali	NOUN
sayran	NOUN
sayrat	VERB
sayrat&ma	NOUN
sayraş	VERB
sayrbog	NOUN
sayrci	NOUN
sayrgoh	NOUN
sayri	NOUN
sayriddin	NOUN
sayrigul	NOUN
sayriniso	NOUN
sayro	ADJ,NOUN
sayrob	NOUN
sayron	NOUN
sayrona	NOUN
sayronbibi	NOUN
sayroq	NOUN
sayroqi	ADJ
sayroy	NOUN
says	NOUN
saysxona	NOUN
sayt	NOUN
sayxon	NOUN
sayxuna	NOUN
sayxunobod	NOUN
sayyid	NOUN
sayyod	NOUN
sayyoda	NOUN
sayyodaxon	NOUN
sayyoh	NOUN
sayyohiddin	NOUN
sayyor	NOUN
sayyora	NOUN
sayyorali	NOUN
sayyot	NOUN
sazan	NOUN
sazo	NOUN
sazogon	NOUN
sazoq	NOUN
sazovor	NOUN
sazovorlik	NOUN
sazoyi	NOUN
sazzoi	NOUN
saşa	NOUN
sb	NOUN
sbc	NOUN
sbor	NOUN
sc	NOUN
scepanovic	NOUN
scleswig	NOUN
scyot	NOUN
scyotcik	NOUN
sdtirol	NOUN
sean	NOUN
seans	NOUN
sebanesku	NOUN
sebastian	NOUN
sebiston	NOUN
sebzor	NOUN
sedana	NOUN,VERB
sedanala	VERB
sedniv	NOUN
sedra	NOUN
sefdill	NOUN
seftic	NOUN
segment	NOUN,VERB
segmentla	VERB
segoh	NOUN
sehic	NOUN
sehr	ADJ,NOUN,VERB
sehr-jodu	NOUN
sehr/la	VERB
sehr/lan	VERB
sehrboz	NOUN
sehrbozlik	NOUN
sehrci	NOUN
sehrgar	NOUN
sehrgarlik	NOUN
sehriyo	NOUN
sehrla	VERB
sehrli	ADJ,NOUN
seidiye	NOUN
seitablayev	NOUN
seitablayeva	NOUN
seitbekirov	NOUN
seitbekirova	NOUN
seitmuratov	NOUN
seitmuratova	NOUN
seitnabiyev	NOUN
seitnabiyeva	NOUN
sek	NOUN
sekans	NOUN
sekaric	NOUN
sekerinska	NOUN
sekic	NOUN
sekin	ADV,NOUN,VERB
sekin-sekin	ADV
sekin/la	VERB
sekin/lan	VERB
sekin/lat	VERB
sekin/laş	VERB
sekin/laş\tir	VERB
sekingina	NOUN
sekinla	VERB
sekinlik	NOUN
sekinroq	ADV
sekret	ADJ,NOUN
sekretar	NOUN
sekretariat	NOUN
sekretarlik	NOUN
sekretsiya	NOUN
seks	NOUN
seksion	NOUN
seksologiya	NOUN
seksopatologiya	NOUN
sekstillion	NUM
sekstillionda	NUM
sekstilliondaman	NUM
sekstilliondan	NUM
sekstillionga	NUM
sekstillioninci	NUM
sekstillionlab	NUM
sekstillionlamci	NUM
sekstillionlarca	NUM
sekstillionni	NUM
sekstillionning	NUM
sekstillionta	NUM
sekstilliontaca	NUM
sekstilliontadan	NUM
sekta	NOUN
sektor	NOUN
sekulic	NOUN
sekulovic	NOUN
sekulovskiy	NOUN
sekulyarizm	NOUN
sekund	NOUN
sekundant	NOUN
sekundomer	NOUN
sel	NOUN
selanik	NOUN
selava	NOUN
selbibi	NOUN
selcuk	NOUN
seld	NOUN
selderey	NOUN
seleksion	NOUN
seleksioner	NOUN
seleksiya	NOUN
seleksiyaci	NOUN
seleksiyami	NOUN
seleksiyamilik	NOUN
selektor	NOUN
selen	NOUN
selena	NOUN
selenli	NOUN
selenologiya	NOUN
seleznov	NOUN
seleznova	NOUN
selgi	NOUN
selgit	NOUN
selimay	NOUN
selimov	NOUN
selimova	NOUN
selimovic	NOUN
selin	NOUN
selipetov	NOUN
selipetova	NOUN
selitra	NOUN
selitrali	NOUN
selli	NOUN
sellofan	NOUN
selluloid	NOUN
sellyuloza	NOUN
selmag	NOUN
selman	NOUN
selob	NOUN
selon	NOUN
selpi	NOUN
selpin	NOUN
selpo	NOUN
selsiy	NOUN
selsovet	NOUN
selsoy	NOUN
selxona	NOUN
sem	NOUN
semafor	NOUN
semantik	NOUN
semantika	NOUN
semasiologiya	NOUN
semdlayev	NOUN
semdlayeva	NOUN
semedlayev	NOUN
semedlayeva	NOUN
semencenko	NOUN
semenenko	NOUN
semenivka	NOUN
semenov	NOUN
sement	ADJ,NOUN
sementli	ADJ
semerkand	NOUN
semestr	NOUN
semetey	NOUN
semey	NOUN
seminar	NOUN
seminariya	NOUN
semiotika	NOUN
semir	VERB
semirtir	VERB
semit	NOUN
semitik	NOUN
semitologiya	NOUN
semiz	ADJ,NOUN
semizak	NOUN
semizlik	NOUN
semka	NOUN
semon	NOUN
semoncenko	NOUN
semonov	NOUN
semonova	NOUN
semurg	NOUN
sen	ADV,PRON,VERB
sen/la	VERB
sen/laş	VERB
sen/sira	VERB
sen/siraş	VERB
senat	NOUN
senator	NOUN
senca	ADV
sencenko	NOUN
senegal	NOUN
senic	NOUN
senicic	NOUN
senka	NOUN
senkaku	NOUN
senkev	NOUN
senla	VERB
senora	NOUN
sensatsion	NOUN
sensira	VERB
sensitometr	VERB
sensitometrla	VERB
sent	NOUN
sentabr	NOUN
sentimental	NOUN
sentimentalizm	NOUN
sentner	NOUN
sentnerci	NOUN
sentnercilik	NOUN
sentnerli	NOUN
sentralizm	NOUN
sentrist	NOUN
sentrizm	NOUN
sentrovka	NOUN
sentsov	NOUN
sentsova	NOUN
sentyabr	NOUN
senz	NOUN
senzara	NOUN
senzor	NOUN
senzora	NOUN
senzorlik	NOUN
senzura	NOUN
sep	NOUN
sepala	NOUN
separa	NOUN
separat	NOUN
separatizm	NOUN
separator	NOUN
separovic	NOUN
sepatta	NOUN
sepic	NOUN
sepil	NOUN
sepiluvcan	NOUN
sepiluvcanlik	NOUN
sepkil	ADJ,NOUN
sepkilli	ADJ
seplama	NOUN
seplan	NOUN
sepoya	NOUN
sepoyaci	NOUN
seps	NOUN
septillion	NUM
septillionda	NUM
septilliondaman	NUM
septilliondan	NUM
septillionga	NUM
septillioninci	NUM
septillionlab	NUM
septillionlamci	NUM
septillionlarca	NUM
septillionni	NUM
septillionning	NUM
septillionta	NUM
septilliontaca	NUM
septilliontadan	NUM
ser/gap	NOUN
ser/gaplik	NOUN
ser/puşt	NOUN
ser/puştlik	NOUN
serafimovskiy	NOUN
serajin	NOUN
seravj	NOUN
serb	NOUN
serbanesku	NOUN
serbar	NOUN
serbiya	NOUN
serdar	NOUN
serdarevic	NOUN
serdukov	NOUN
serdukova	NOUN
seredne	NOUN
sergak	ADJ,NOUN,VERB
sergaklan	VERB
sergaklik	NOUN
sergap	VERB
sergaplan	VERB
serge	NOUN
sergey	NOUN
sergeyev	NOUN
sergeyeva	NOUN
sergiyenko	NOUN
sergiyev	NOUN
sergiyeva	NOUN
sergiyivka	NOUN
serhed	NOUN
serial	ADV
seriallab	ADV
seric	NOUN
serifovic	NOUN
serik	NOUN
serikov	NOUN
serikova	NOUN
seriya	NOUN
serjant	NOUN
serka	NOUN
serkaboy	NOUN
serkatoy	ADJ,NOUN
sermuy	NOUN
sernoz	NOUN
serob	NOUN
serobcilik	NOUN
serobgarcilik	NOUN
serobgarlik	NOUN
seroblik	NOUN
serov	NOUN
serova	NOUN
serpa	NOUN
serpneve	NOUN
serpuhov	NOUN
serpuhova	NOUN
serqay	VERB
serray	VERB
serrayt	VERB
serraytir	VERB
sertar	VERB
sertifikat	NOUN
serto	NOUN
servant	NOUN
servet	NOUN
serviz	NOUN
sesanga	NOUN
sesarka	NOUN
sesiliya	NOUN
seskan	NOUN,VERB
seskantir	VERB
seskanuvcan	NOUN
sessiya	NOUN
sestic	NOUN
set	NOUN
setka	NOUN
setor	NOUN
seul	NOUN
sev	ADJ,NOUN,VERB
sev/in	VERB
sev/iniş	VERB
sev/intir	VERB
sevala	NOUN
sevar	NOUN
sevara	NOUN
sevarga	NOUN
sevarqul	NOUN
sevaz	NOUN
sevda	NOUN
sevdik	NOUN
sevdir	VERB
sevdiyor	NOUN
sevdo	NOUN
sevdora	NOUN
severniy	NOUN
severodonetsk	NOUN
sevgi	NOUN
sevgili	NOUN
sevgina	NOUN
sevgu	NOUN
sevgul	NOUN
sevguvci	NOUN
sevib-sev	VERB
sevib-sevil	VERB
sevic	NOUN
sevil	NOUN,VERB
sevilla	NOUN
sevilya	NOUN
sevimli	ADJ
sevin	NOUN,VERB
sevinar	NOUN
sevinc	NOUN
sevindik	NOUN
seviş	VERB
sevla	VERB
sevrukov	NOUN
sevrukova	NOUN
sevur	NOUN
sevzora	NOUN
sex	NOUN
sexon	NOUN
sexrob	NOUN
sey	NOUN
seyalka	NOUN
seyalkaci	NOUN
seyeller	NOUN
seyitler	NOUN
seyitveliyev	NOUN
seym	NOUN
seyman	NOUN
seysmik	NOUN
seysmograf	NOUN
seysmogramma	NOUN
seysmolog	NOUN
seysmologik	NOUN
seysmologiya	NOUN
seytablayev	NOUN
seytanic	NOUN
seytnot	NOUN
seytveliyev	NOUN
seytveliyeva	NOUN
seyxan	NOUN
sez	ADJ,NOUN,VERB
sez/dir	VERB
sez/diril	VERB
sezar	NOUN
sezariye	NOUN
sezaro	NOUN
sezd	NOUN
sezdir	VERB
sezgi	NOUN
sezgir	ADJ,NOUN
sezgirboy	NOUN
sezgirlik	NOUN
sezgisiz	NOUN
sezgisizlik	NOUN
sezil	VERB
sezilar	NOUN
sezilarli	NOUN
seziy	NOUN
seziş	VERB
sezon	NOUN
sezonli	NOUN
sezuv	NOUN
sezuvcan	ADJ,NOUN
sezuvcanlik	NOUN
seşanba	NOUN
sfera	NOUN
sferik	NOUN
sfinks	NOUN
sian	NOUN
sibatulla	NOUN
sibgatulla	NOUN
sibir	NOUN
sibiriya	NOUN
sibiriyalik	NOUN
sibizga	NOUN
sibizgaci	NOUN
sicqon	NOUN
sicuen	NOUN
siddiq	NOUN
siddiqa	NOUN
siddiqali	NOUN
siddiqjon	NOUN
siddiqmuhammad	NOUN
siddiqnazar	NOUN
siddiqxoja	NOUN
sideqiya	NOUN
siderik	NOUN
siderov	NOUN
siderova	NOUN
sidiq	NOUN
sidir	NOUN,VERB
sidirga	ADV,NOUN
sidirgasiga	ADV,NOUN
sidiril	VERB
sidiriş	VERB
sidirtir	VERB
sidney	NOUN
sidorenko	NOUN
sidq	NOUN
sidqi	NOUN
sidqidil	ADV,NOUN
sidqidildan	ADV
sidqidillik	NOUN
sidqiya	NOUN
sidra	NOUN
sidrasiga	NOUN
siena	NOUN
sietl	NOUN
sifat	ADJ,NOUN,VERB
sifatbibi	NOUN
sifatdoş	NOUN
sifatgul	NOUN
sifatla	VERB
sifatlan	NOUN
sifatlanmiş	NOUN
sifatli	ADJ
sifatlo	NOUN
sifatlovci	NOUN
sifatmomo	NOUN
sifatoy	NOUN
sifatsiz	NOUN
sifatsizlik	NOUN
sifatulla	NOUN
siferblat	NOUN
sifon	NOUN
sifr	NOUN
sig	NOUN,VERB
sigara	NOUN
sigaret	NOUN
sigareta	NOUN
sigarette	NOUN
sigdir	VERB
sigdiril	VERB
sigdiriş	VERB
sigdirtir	VERB
sigim	NOUN
sigin	NOUN,VERB
sigindi	NOUN
siginiş	VERB
sigintir	VERB
sigir	NOUN
sigircilik	NOUN
sigirquyruq	NOUN
sigirxona	NOUN
sigiş	VERB
signal	NOUN
signalizator	NOUN
signalizatsiya	NOUN
sigrid	NOUN
siguang	NOUN
sihat	NOUN
sihat-salomat	NOUN
sihat-salomatlik	NOUN
sihatgoh	NOUN
sihatlik	NOUN
sihatmirza	NOUN
sihatniyoz	NOUN
sihatsiz	NOUN
sihatsizlik	NOUN
siir	NOUN
siira	NOUN
siirtpor	NOUN
siirtspor	NOUN
sijacic	NOUN
sijoat	NOUN
sijoatxon	NOUN
sikirbic	NOUN
sikl	NOUN
siklik	NOUN
siklli	NOUN
sikllilik	NOUN
siklon	NOUN
siklotron	NOUN
sil	NOUN
sila	NOUN,VERB
silab-siypab	ADV
silacic	NOUN
silantyev	NOUN
silantyeva	NOUN
silas	NOUN
silaxon	NOUN
silaycic	NOUN
silaydic	NOUN
silezya	NOUN
silindr	NOUN
silistra	NOUN
siljegovic	NOUN
silji	VERB
siljit	VERB
siljittir	VERB
silki	VERB
silliq	ADJ,NOUN,VERB
silliqla	VERB
silliqlan	VERB
silliqlat	VERB
silliqlaş	VERB
silliqlaştir	VERB
silliqlik	NOUN
silliqlo	NOUN
silliqlovci	NOUN
sillits	NOUN
silobrcic	NOUN
siloh	NOUN
silon	NOUN
silonxon	NOUN
silos	NOUN,VERB
silosla	VERB
silosxona	NOUN
silovsin	NOUN
silqi	NOUN,VERB
silqindi	NOUN
silqit	VERB
silsila	NOUN
silta	VERB
siltan	NOUN,VERB
siltaş	VERB
siltov	NOUN
siluanov	NOUN
siluanova	NOUN
siluet	NOUN
silvio	NOUN
silyon	NOUN
sim	NOUN,VERB
sim-sim	ADV,IMIT
simanovic	NOUN
simatovic	NOUN
simbar	NOUN
simcic	NOUN
simeiz	NOUN
simeon	NOUN
simeunovic	NOUN
simferopol	NOUN
simfoniya	NOUN,VERB
simfoniyala	VERB
simfoniyalaş	VERB
simfoniyalaştir	VERB
simic	NOUN
similla	VERB
simina	NOUN
siminic	NOUN
simir	VERB
simitis	NOUN
simkor	NOUN
simmetrik	ADJ
simmetriya	NOUN
simmetriyasiz	NOUN
simmetriyasizlik	NOUN
simob	NOUN,VERB
simobi	ADJ
simobla	VERB
simoblan	VERB
simon	NOUN
simoncic	NOUN
simonenko	NOUN
simonov	NOUN
simonova	NOUN
simonovic	NOUN
simonovskiy	NOUN
simora	NOUN
simovic	NOUN
simpatiya	NOUN
simpozium	NOUN
simrana	NOUN
simray	NOUN,VERB
simsic	NOUN
simsiyoh	NOUN
simtaraş	NOUN
simtor	NOUN
simun	NOUN
simunic	NOUN
simunovic	NOUN
simuzar	NOUN
simvol	NOUN,VERB
simvolist	NOUN
simvolizm	NOUN
simvolla	VERB
simvollaş	VERB
simvollaştir	VERB
simyogoc	NOUN
simyon	NOUN
sin	ADJ,NOUN,VERB
sina	ADJ,VERB
sinal	VERB
sinamol	NOUN
sinamoq	NOUN
sinamoqcilik	NOUN
sinan	NOUN
sinantrop	NOUN
sinantroplar	NOUN
sinat	NOUN,VERB
sinaş	VERB
sinaşta	ADJ,NOUN
sinaştalik	NOUN
sinbulatov	NOUN
sinbulatova	NOUN
sinc	NOUN
sincalak	NOUN
sincan	NOUN
sinci	NOUN
sincik	VERB
sincikla	VERB
sincilik	NOUN
sinckov	ADJ,NOUN
sinckovlik	NOUN
sindesmologiya	NOUN
sindikalist	NOUN
sindikalistlik	NOUN
sindikalizm	NOUN
sindikat	NOUN
sindir	VERB
sindiril	VERB
sindiriş	VERB
sindirtir	VERB
sindor	NOUN
sindora	NOUN
sindormirza	NOUN
sindorxoja	NOUN
sinekdoxa	NOUN
sinf	NOUN
sinfdoş	NOUN
sinfiy	NOUN
sinfiylik	NOUN
sinfsiz	VERB
sinfsizla	VERB
sinfsizlaş	VERB
sinfxona	NOUN
sing	NOUN,VERB
singa	NOUN
singapur	NOUN
singari	AUX,NOUN
singarmonik	NOUN
singarmonizm	NOUN
singdir	NOUN,VERB
singdiril	VERB
singdirtir	VERB
singdiruvcan	NOUN
singdiruvcanlik	NOUN
singi	NOUN,VERB
singic	NOUN
singil	NOUN
singillik	NOUN
singirxon	NOUN
singit	VERB
singiş	VERB
singl	NOUN
singlim	NOUN
singren	NOUN
singulyar	NOUN
sinigar	NOUN
sinik	NOUN
siniklik	NOUN
siniq	ADJ,NOUN,VERB
siniq-mirtiq	ADJ
siniqci	NOUN
siniqiş	VERB
siniqlik	NOUN
sink	NOUN
sinka	NOUN,VERB
sinkala	VERB
sinkalan	VERB
sinkograf	NOUN
sinkografiya	NOUN
sinnon	NOUN
sino	ADJ,NOUN
sinoat	NOUN
sinod	NOUN
sinodik	NOUN
sinologiya	NOUN
sinonim	NOUN
sinonimik	NOUN
sinonimika	NOUN
sinonimiya	NOUN
sinop	NOUN
sinoptika	NOUN
sinora	NOUN
sinov	NOUN
sinova	NOUN
sinovcan	ADJ
sinovci	NOUN
sintagma	NOUN
sintaksis	NOUN
sintez	NOUN,VERB
sintezator	NOUN
sintezla	VERB
sintezlan	VERB
sintezlaş	VERB
sintezlaştir	VERB
sinus	NOUN
sinuv	NOUN
sinuvcan	NOUN
sinuvcanlik	NOUN
sinxron	NOUN,VERB
sinxronizator	NOUN
sinxronizm	NOUN
sinxronla	VERB
sinxronlik	NOUN
sionist	NOUN
sionistin	NOUN
sionizm	NOUN
sip-silliq	ADJ
sipar	NOUN
siparjon	NOUN
sipehr	NOUN
sipic	NOUN
sipo	ADJ,NOUN
sipogar	NOUN
sipogarcilik	NOUN
sipogarlik	NOUN
sipoh	NOUN
sipohboy	NOUN
sipohgar	NOUN
sipohgarcilik	NOUN
sipohgarlik	NOUN
sipohi	NOUN
sipohiddin	NOUN
sipohlik	NOUN
sipohmansur	NOUN
sipohsolor	NOUN
sipolik	NOUN
siporiş	VERB
siporişla	VERB
sipovic	NOUN
sipox	NOUN
sipoxlik	NOUN
sipoyi	NOUN,VERB
sipoyila	VERB
sipoyilaş	VERB
sipoyilik	NOUN
sipqar	VERB
sipqaril	VERB
sipqariş	VERB
sipsar	NOUN
siq	NOUN,VERB
siqil	NOUN,VERB
siqilgan	NOUN
siqilganlik	NOUN
siqilinc	NOUN
siqiliş	VERB
siqiltir	VERB
siqiluv	NOUN
siqiluvcan	NOUN
siqiluvcanlik	NOUN
siqim	NOUN,VERB
siqimla	VERB
siqinti	NOUN
siqiq	NOUN
siqiqlik	NOUN
siqiqliq	NOUN
siqiş	VERB
siqiştir	VERB
siqiştiril	VERB
siqma	NOUN
siqta	VERB
siqtat	VERB
sir	ADJ,NOUN
sir-sinoat	NOUN
sira	ADV,NOUN,PRT,VERB
sira-sira	ADV
sirac	NOUN,VERB
siracla	VERB
siraclan	VERB
siraclat	VERB
sirak	ADJ
sirala	VERB
siralan	VERB
sirali	NOUN
sirasiga	ADV
sirboy	NOUN
sirci	NOUN
sircumcuq	NOUN
sirdaryo	NOUN
sirdon	NOUN
sirdoş	ADJ,NOUN
sirdoş,	X
siren	NOUN
sirena	NOUN
sirg	NOUN
sirga	NOUN
sirgaboy	NOUN
sirgal	NOUN
sirgali	NOUN
sirgaluvci	NOUN
sirgan	ADJ,NOUN
sirganciq	ADJ,NOUN
sirganciqlik	NOUN
sirganuvci	NOUN
sirgaş	NOUN
sirgaşboy	NOUN
sirgaşqul	NOUN
sirgoq	NOUN
sirgox	NOUN
sirik	NOUN
sirin	NOUN
siriq	NOUN
sirius	NOUN
sirk	NOUN
sirka	NOUN
sirkai	NOUN
sirkci	NOUN
sirkor	NOUN
sirkoyi	NOUN
sirkul	NOUN
sirkulyar	NOUN
sirli	ADJ,NOUN
sirlilik	NOUN
sirmirza	NOUN
sirmoq	NOUN
sirobboy	NOUN
siroj	NOUN
sirojahmad	NOUN
sirojali	NOUN
sirojiddin	NOUN
sirojiya	NOUN
sirojmirza	NOUN
sirojtora	NOUN
sirojtoy	NOUN
sirojulhaq	NOUN
sirojvali	NOUN
sirojxoja	NOUN
sirop	NOUN
sirot	NOUN
sirotboy	NOUN
sirpal	NOUN
sirpan	ADJ
sirpanciq	ADJ
sirqi	NOUN
sirqov	NOUN
sirriq	NOUN
sirt	ADJ,NOUN
sirtlon	NOUN
sirtlonbek	NOUN
sirtqi	ADJ
sisa	NOUN
sistan	NOUN
sistema	NOUN,VERB
sistemala	VERB
sistemalan	VERB
sistemalaş	VERB
sistemalaştir	VERB
sistematika	NOUN
sisterna	NOUN
sistit	NOUN
sit	VERB
sitam	ADJ,NOUN
sitamdiyda	NOUN
sitamgar	ADJ,NOUN
sitamkarda	NOUN
sitamkor	NOUN
sitata	NOUN
sitataboz	NOUN
sitatabozlik	NOUN
sitil	VERB
sitiş	VERB
sitkic	NOUN
sitkivts	NOUN
sito	NOUN
sitodiagnostika	NOUN
sitokimyo	NOUN
sitologiya	NOUN
sitor	NOUN
sitora	NOUN
sitqiz	VERB
sitro	NOUN
sitrus	NOUN
sitsiliya	NOUN
sittir	VERB
situatsiya	NOUN
sitvaliyev	NOUN
sitvaliyeva	NOUN
sivalov	NOUN
sivalova	NOUN
sivas	NOUN
sivasspor	NOUN
sivastopol	NOUN
sivilizatsiya	NOUN
sivizga	NOUN
sivizgaci	NOUN
sivorotka	NOUN
sivuşov	NOUN
sivuşova	NOUN
six	NOUN,VERB
sixla	VERB
sixmola	NOUN
siy	NOUN,VERB
siyabendov	NOUN
siyabendova	NOUN
siyarqul	NOUN
siyarxon	NOUN
siyavuş	NOUN
siydam	NOUN
siydik	NOUN
siyek	NOUN
siyga	VERB
siygan	VERB
siygoq	NOUN
siygoqlik	NOUN
siyir	VERB
siykalat	NOUN
siyla	VERB
siylabberdi	NOUN
siylabbergan	NOUN
siylan	VERB
siylat	VERB
siylayver	VERB
siylaş	VERB
siylibeka	NOUN
siym	NOUN
siymbar	NOUN
siymo	NOUN
siyna	NOUN
siyo	NOUN
siyob	NOUN
siyoboy	NOUN
siyodat	NOUN
siyodatxon	NOUN
siyoh	NOUN
siyoha	NOUN
siyohdon	NOUN
siyohdona	NOUN
siyoq	NOUN
siyosat	NOUN
siyosatboz	NOUN
siyosatbozlik	NOUN
siyosatci	NOUN
siyosatdon	NOUN
siyosatxon	NOUN
siyosiy	ADJ,VERB
siyosiyla	VERB
siyosiylaş	VERB
siyovuddin	NOUN
siyovuş	NOUN
siypa	NOUN,VERB
siypala	VERB
siypalan	VERB
siypalat	VERB
siypalaş	VERB
siypaş	VERB
siyqa	NOUN,VERB
siyqala	VERB
siyqalan	VERB
siyqalat	VERB
siyqalaş	VERB
siyqalaştir	VERB
siyqalik	NOUN
siyrak	ADJ,NOUN,VERB
siyrakla	VERB
siyraklan	VERB
siyraklat	VERB
siyraklaş	VERB
siyraklaştir	VERB
siyraklik	NOUN
siyrat	NOUN
siyroq	NOUN
siz	ADJ,NOUN,PRON,VERB
sizbop	ADJ
sizca	ADV
sizdikov	NOUN
sizdikova	NOUN
sizgi	NOUN,VERB
sizgir	NOUN,VERB
sizgirik	NOUN
sizgirtir	VERB
sizil	VERB
sizla	VERB
sizlaş	VERB
sizlo	NOUN
sizlogic	NOUN
sizot	NOUN
sizsira	VERB
sizsiraş	VERB
sişcenko	NOUN
skafandr	NOUN
skalata	NOUN
skalpel	NOUN,VERB
skalpella	VERB
skameyka	NOUN
skandin	NOUN
skandinaviya	NOUN
skandiy	NOUN
skaner	NOUN,VERB
skanerla	VERB
skaricic	NOUN
skarlatina	NOUN
skekic	NOUN
skele	NOUN
skelet	NOUN
skepanovic	NOUN
skeptik	NOUN
skif	NOUN
skiflar	NOUN
skiratov	NOUN
sklad	NOUN
skladci	NOUN
sklarov	NOUN
sklarova	NOUN
sklerodermiya	NOUN
skleroz	NOUN
sklo	NOUN
skole	NOUN
skopye	NOUN
skordovskiy	NOUN
skoric	NOUN
skoriy	NOUN
skorobogatov	NOUN
skorobogatova	NOUN
skot	NOUN
skotc	NOUN
skrbic	NOUN
skreper	NOUN
skrepka	NOUN,VERB
skrepkala	VERB
skripka	NOUN
skripkaci	NOUN
skripnik	NOUN
skrobic	NOUN
skrull	NOUN
skuletic	NOUN
skundric	NOUN
skupşcina	NOUN
skvajina	NOUN
skver	NOUN
skvira	NOUN
sky	NOUN
slalom	NOUN
slanets	NOUN
slavko	NOUN
slavkovic	NOUN
slavlar	NOUN
slavoniya	NOUN
slavske	NOUN
slavuta	NOUN
slavutic	NOUN
slavyan	NOUN
slavyansk	NOUN
slavyanşunos	NOUN
slavyanşunoslik	NOUN
slaymaniye	NOUN
slentsov	NOUN
slentsova	NOUN
slesar	NOUN
slesarlik	NOUN
slet	NOUN
sleyman	NOUN
sliskovic	NOUN
sljepcevic	NOUN
slobidka	NOUN
slobodan	NOUN
slokovic	NOUN
slovak	NOUN
slovakiya	NOUN
slovaklar	NOUN
sloven	NOUN
sloveniya	NOUN
slovenlar	NOUN
slovyansk	NOUN
slyuda	NOUN
smackdown	NOUN
smajic	NOUN
smayic	NOUN
smedlayev	NOUN
smedlayeva	NOUN
smena	NOUN
smenaci	NOUN
smenadoş	NOUN
smenderevo	NOUN
smeta	NOUN
smetana	NOUN
smila	NOUN
smilyanic	NOUN
smir	NOUN
smirnov	NOUN
smirnova	NOUN
smit	NOUN
smola	NOUN,VERB
smolala	VERB
smolalan	VERB
smolensk	NOUN
smoline	NOUN
smolyan	NOUN
smorodina	NOUN
smotric	NOUN
snaiper	NOUN
snat	NOUN
snayper	NOUN
snorrason	NOUN
snovsk	NOUN
soat	ADV,NOUN
soatali	NOUN
soatberdi	NOUN
soatbibi	NOUN
soatbu	NOUN
soatbuvi	NOUN
soatci	NOUN
soatdin	NOUN
soatgul	NOUN
soatjamol	NOUN
soatkeldi	NOUN
soatlab	ADV
soatmamat	NOUN
soatmirza	NOUN
soatmomin	NOUN
soatmuhammad	NOUN
soatmurod	NOUN
soatnazar	NOUN
soatniyoz	NOUN
soatoy	NOUN
soatqul	NOUN
soatqurbon	NOUN
soatsoz	NOUN
soatsozlik	NOUN
soatturdi	NOUN
soatxoja	NOUN
sobacka	NOUN
sobajic	NOUN
sobida	NOUN
sobiddin	NOUN
sobiq	ADJ,NOUN
sobir	NOUN
sobira	NOUN
sobirabu	NOUN
sobirabuvi	NOUN
sobirali	NOUN
sobiraxon	NOUN
sobirina	NOUN
sobirmat	NOUN
sobirniyoz	NOUN
sobirqul	NOUN
sobirtoy	NOUN
sobirulla	NOUN
sobirxoja	NOUN
sobirxoliq	NOUN
sobirxon	NOUN
sobit	NOUN
sobita	NOUN
sobitmirza	NOUN
sobitoxun	NOUN
sobitqadam	NOUN
sobitqadamlik	NOUN
sobittora	NOUN
sobitxoja	NOUN
sobitxon	NOUN
sobol	NOUN
sobor	NOUN
sobun	NOUN
soc	NOUN,VERB
socakibolo	NOUN
socbibi	NOUN
socbog	NOUN
socbor	NOUN
socil	NOUN,VERB
sociltir	VERB
sociluv	NOUN
sociluvcan	NOUN
sociluvcanlik	NOUN
sociniso	NOUN
sociq	NOUN
sociqlik	NOUN
sociş	VERB
socma	NOUN
socoq	NOUN
socoy	NOUN
socqi	NOUN
soctaroş	NOUN
soctir	VERB
socxon	NOUN
soda	NOUN,VERB
sodala	VERB
sodda	NOUN,VERB
soddacilik	NOUN
soddadil	NOUN
soddadillik	NOUN
soddalan	VERB
soddalaş	VERB
soddalaştir	VERB
soddalik	NOUN
sodiq	ADJ,NOUN
sodiqa	NOUN
sodiqjon	NOUN
sodiqlik	NOUN
sodiqmirza	NOUN
sodiqov	NOUN
sodiqova	NOUN
sodiqovic	NOUN
sodiqtoy	NOUN
sodiqxoja	NOUN
sodiqşo	NOUN
sodir	NOUN
sodira	NOUN
sodirali	NOUN
sodirqul	NOUN
sodirxon	NOUN
sodom	NOUN
sof	ADJ,NOUN,VERB
sofdil	ADJ,NOUN
sofdillik	NOUN
sofi	NOUN
sofioson	NOUN
sofiqiz	NOUN
sofiqul	NOUN
sofir	NOUN
sofirlik	NOUN
sofirt	NOUN
sofistika	NOUN
sofitorgay	NOUN
sofiturgay	NOUN
sofixoja	NOUN
sofixon	NOUN
sofiy	NOUN
sofiya	NOUN
sofiyena	NOUN
sofiylik	NOUN
sofiyon	NOUN
sofla	VERB
soflan	VERB
soflik	NOUN
sofqungil	NOUN
sofqungillik	NOUN
softic	NOUN
sofura	NOUN
sofuzoda	NOUN
sog	ADJ,NOUN,VERB
sog-salomat	ADJ
sogal	NOUN
sogar	NOUN
sogay	VERB
sogaytir	VERB
sogdir	VERB
sogdiril	VERB
sogdirtir	VERB
sogil	VERB
sogim	NOUN
sogin	ADJ,NOUN,VERB
soginc	NOUN
sogindi	NOUN
sogindiq	NOUN
soginiş	VERB
sogintir	VERB
sogintoy	NOUN
sogir	NOUN
sogiş	VERB
soglik	NOUN
soglom	ADJ,NOUN,VERB
soglomla	VERB
soglomlan	VERB
soglomlantir	VERB
soglomlaş	VERB
soglomlaştir	VERB
soglomlik	NOUN
sogon	NOUN
sogtuproq	NOUN
soguv	NOUN
soguvci	NOUN
soguvlik	NOUN
soha	NOUN
sohabi	NOUN
sohaddin	NOUN
sohadulla	NOUN
sohakor	NOUN
sohib	NOUN
sohiba	NOUN
sohibali	NOUN
sohibbeka	NOUN
sohibberdi	NOUN
sohibbibi	NOUN
sohibdil	NOUN
sohibgul	NOUN
sohibiddin	NOUN
sohibjalil	NOUN
sohibjamol	ADJ,NOUN
sohibkamol	NOUN
sohibkor	NOUN
sohibkorlik	NOUN
sohiblik	NOUN
sohibmirza	NOUN
sohibnafas	NOUN
sohibnazar	NOUN
sohibniyoz	NOUN
sohibpolat	NOUN
sohibqadam	NOUN
sohibqiron	NOUN
sohibqul	NOUN
sohibtadbir	NOUN
sohibulla	NOUN
sohibxon	NOUN
sohid	NOUN
sohida	NOUN
sohidulla	NOUN
sohil	NOUN
sohila	NOUN
sohir	NOUN
sohira	NOUN
soi	NOUN
soib	NOUN
soiba	NOUN
soibgani	NOUN
soibnazar	NOUN
soim	NOUN
soima	NOUN
soimboy	NOUN
soir	NOUN
soirboy	NOUN
sojiba	NOUN
sojic	NOUN
sojid	NOUN
sojida	NOUN
sojidabu	NOUN
sojidabuvi	NOUN
sojidaxon	NOUN
sojiya	NOUN
sok	ADJ,NOUN,VERB
sokagon	NOUN
sokal	NOUN
sokcak	NOUN
sokik	NOUN
sokiklik	NOUN
sokil	VERB
sokin	ADJ,NOUN,VERB
sokina	NOUN
sokinlik	NOUN
sokintir	VERB
sokir	NOUN
sokirani	NOUN
sokirlik	NOUN
sokit	NOUN
sokitboy	NOUN
sokiş	VERB
sokol	NOUN
sokolic	NOUN
sokolov	NOUN
sokolova	NOUN
sokolovic	NOUN
sokongic	ADJ,NOUN
sokrates	NOUN
soktir	VERB
sokuluk	NOUN
sol	ADJ,NOUN,VERB
solak	NOUN
solakca	NOUN
solana	NOUN
solaq	NOUN
solaqca	NOUN
solaqmon	NOUN
solcilik	NOUN
soldat	ADJ,ADV,NOUN
soldatca	ADJ,NOUN
soldatcasiga	ADV
soldatik	NOUN
soldatlik	NOUN
soldir	VERB
soldirgiz	VERB
soldiril	VERB
soldirtir	VERB
soldov	NOUN
soldovci	NOUN
soledar	NOUN
solgin	ADJ,NOUN,VERB
solginla	VERB
solginlan	VERB
solginlik	NOUN
solgit	NOUN
soli	NOUN,VERB
soliddin	NOUN
solidol	NOUN
solig	NOUN
soliglik	NOUN
soligliq	NOUN
solih	NOUN
soliha	NOUN
solihabegim	NOUN
solihali	NOUN
solihberdi	NOUN
solihiddin	NOUN
solihlik	NOUN
solihmirza	NOUN
solihmuhammad	NOUN
solihqul	NOUN
solihtora	NOUN
solihxoja	NOUN
solik	NOUN
solim	ADJ,NOUN
solimbibi	NOUN
solimirza	NOUN
solimoq va sol	VERB
solimoy	NOUN
solimuhammad	NOUN
solin	NOUN,VERB
solincak	NOUN
solinqira	VERB
solintir	VERB
solioxun	NOUN
soliq	ADJ,NOUN,VERB
soliqa	NOUN
soliqci	NOUN
soliqul	NOUN
solisa	NOUN
solist	NOUN
solistka	NOUN
solit	VERB
solittir	VERB
solixa	NOUN
solixoja	NOUN
soliya	NOUN
soliyabu	NOUN
soliyaxon	NOUN
soliş	VERB
soliştir	VERB
soliştiril	VERB
soljacic	NOUN
soljay	VERB
soljaytir	VERB
solkavoy	NOUN
solki	NOUN
sollan	VERB
sollantir	VERB
sollaş	VERB
sollik	NOUN
solmas	NOUN
solmasjon	NOUN
solmasoy	NOUN
solmasxon	NOUN
solnoma	NOUN
solodkov	NOUN
solodkova	NOUN
solodovnikov	NOUN
solodovnikova	NOUN
solomon	NOUN
soloqli	NOUN
solor	NOUN
solorboy	NOUN
solothurn	NOUN
solotvin	NOUN
solotvino	NOUN
solovyev	NOUN
solovyeva	NOUN
solq	ADJ,VERB
solqa	NOUN
solqi	NOUN,VERB
solqila	VERB
solqilan	VERB
solqilaş	VERB
solqildoq	ADJ
solqilla	VERB
solqillat	VERB
soltob	NOUN
solyacic	NOUN
solyarigraf	NOUN
solyariy	NOUN
som	ADV,NOUN,VERB
somad	NOUN
somali	NOUN
somboy	NOUN
sombusa	NOUN
sombusapaz	NOUN
some	NOUN
somea	NOUN
somelik	NOUN
somia	NOUN
somid	NOUN
somiddin	NOUN
somira	NOUN
somit	NOUN
somiy	NOUN
somiya	NOUN
somiylar	NOUN
somiyşunos	NOUN
somiyşunoslik	NOUN
somla	VERB
somlab	ADV
somlik	NOUN
somme	NOUN
somon	ADJ,NOUN
somonboy	NOUN
somonci	NOUN
somoniy	NOUN
somonmirza	NOUN
somonqul	NOUN
somonxona	NOUN
somsa	NOUN
somsafuruş	NOUN
somsapaz	NOUN
somsapazlik	NOUN
son	NOUN,VERB
son-sal	VERB
son-san	ADJ
son-sano	ADJ
son-sanoq	ADJ
son-sanoqsiz	ADJ
sona	NOUN
sonaqay	ADJ
sonata	NOUN
sonatina	NOUN
sondir	VERB
sondiril	VERB
sondirtir	VERB
sonet	NOUN
song	ADJ,ADV,AUX
songak	NOUN
songra	ADV
songsiz	ADJ
sonik	NOUN
soniklik	NOUN
soniq	NOUN
soniqlik	NOUN
soniulla	NOUN
soniya	NOUN
soniyabibi	NOUN
sonma	NOUN
sonmasjon	NOUN
sonulla	NOUN
sony	NOUN
sop	NOUN,VERB
sopla	VERB
soplan	VERB
soplat	VERB
sopol	NOUN
sopolak	NOUN
sopoq	NOUN
sopoqlik	NOUN
soppay	NOUN,VERB
sopqon	NOUN
soq	NOUN,VERB
soqa	NOUN
soqci	NOUN
soqcilik	NOUN
soqi	NOUN
soqim	NOUN
soqimat	NOUN
soqimirza	NOUN
soqir	NOUN
soqirlik	NOUN
soqit	NOUN
soqitora	NOUN
soqixoja	NOUN
soqiy	NOUN
soqiylik	NOUN
soqiynoma	NOUN
soqiş	VERB
soqma	NOUN
soqol	ADJ,NOUN
soqolli	ADJ
soqov	ADJ,NOUN,VERB
soqovla	VERB
soqovlan	VERB
soqovlik	NOUN
soqovtob	NOUN
soqqa	NOUN
soqqaboş	NOUN
soqqaboşlik	NOUN
soqqay	VERB
soqtir	VERB
sor	NOUN,VERB
sora	NOUN,VERB
sorab-suriştir	VERB
sorabegim	NOUN
sorabek	NOUN
sorabibi	NOUN
sorabuvi	NOUN
soragul	NOUN
soral	VERB
soraoy	NOUN
sorat	VERB
sorattir	VERB
soraxol	NOUN
soraxon	NOUN
soraş	VERB
soraştir	VERB
sorbon	NOUN
sorbonboy	NOUN
sordir	VERB
sordirtir	VERB
soren	NOUN
sorensen	NOUN
soresku	NOUN
sorgic	NOUN
sori	NOUN
soria	NOUN
soril	VERB
soriya	NOUN
soriyabonu	NOUN
soriş	VERB
sorkocevic	NOUN
sormon	NOUN
sormonqul	NOUN
soro	NOUN
soroq	NOUN,VERB
soroqla	VERB
sorov	NOUN
sorovnoma	NOUN
sorray	VERB
sort	NOUN,VERB
sortla	VERB
soruvci	NOUN
sosic	NOUN
sosnitsa	NOUN
sosnivka	NOUN
sosoniy	NOUN
sostav	NOUN
sot	NOUN,VERB
sota	NOUN,VERB
sotak	NOUN
sotaklik	NOUN
sotala	VERB
sotboy	NOUN
sotgan	NOUN
sotgul	NOUN
sotiboldi	NOUN
sotil	NOUN,VERB
sotilboy	NOUN
sotilmirza	NOUN
sotim	NOUN
sotima	NOUN
sotimbeka	NOUN
sotimbika	NOUN
sotimxon	NOUN
sotinboy	NOUN
sotinqul	NOUN
sotir	NOUN
sotirboy	NOUN
sotiropolos	NOUN
sotiş	NOUN,VERB
sotkiz	NOUN
sotliq	NOUN
sotnikov	NOUN
sotnikova	NOUN
sotov	NOUN
sotova	NOUN
sotqil	NOUN
sotqin	NOUN
sotqinali	NOUN
sotqinbibi	NOUN
sotqinca	NOUN
sotqinlik	NOUN
sotqinliq	NOUN
sotqinoy	NOUN
sotqintoş	NOUN
sotqul	NOUN
sotsial	NOUN,VERB
sotsialist	NOUN
sotsializatsiya	NOUN
sotsializm	NOUN
sotsialla	VERB
sotsiallaş	VERB
sotsiallaştir	VERB
sotsiolingvistika	NOUN
sotsiolog	NOUN
sotsiologiya	NOUN
sotsiologizm	NOUN
sottimat	NOUN
sottimirza	NOUN
sottiqul	NOUN
sottir	NOUN,VERB
sottiril	VERB
sottixon	NOUN
sotuvci	NOUN
sotxon	NOUN
sotxonca	NOUN
sournay	NOUN
sournaycilik	NOUN
sov	NOUN
sovci	NOUN
sovcilik	NOUN
soverlic	NOUN
sovet	NOUN
sovga	NOUN
sovga-salom	NOUN
sovgaboy	NOUN
sovgot	NOUN
sovi	NOUN,VERB
sovit	NOUN,VERB
sovitil	VERB
sovitkic	NOUN
sovkot	NOUN
sovliq	NOUN
sovqot	VERB
sovqottir	VERB
sovrin	NOUN
sovrinjon	NOUN
sovu	ADJ,NOUN,VERB
sovun	NOUN,VERB
sovunak	NOUN
sovunci	NOUN
sovundon	NOUN
sovungar	NOUN
sovungarlik	NOUN
sovunla	VERB
sovunlan	VERB
sovunot	NOUN
sovuq	ADJ,NOUN,VERB
sovuqcilik	NOUN
sovuqlik	NOUN
sovuqqon	ADJ,NOUN
sovuqqonlik	NOUN
sovuqsira	VERB
sovuqxona	NOUN
sovur	NOUN,VERB
sovuril	VERB
sovuriş	VERB
sovurqul	NOUN
sovut	NOUN
sovutgic	NOUN
sovutqic	NOUN
sovxoz	NOUN
sox	NOUN
soxir	NOUN
soxt	NOUN
soxt-sumbat	NOUN
soxta	NOUN,VERB
soxtagar	NOUN
soxtagarlik	NOUN
soxtakor	NOUN
soxtakorlik	NOUN
soxtala	VERB
soxtalan	VERB
soxtalaş	VERB
soxtalaştir	NOUN,VERB
soxtalaştiruvci	NOUN
soxtalik	NOUN
soy	NOUN,VERB
soya	ADJ,NOUN,VERB
soya-salqin	ADJ
soyabon	NOUN
soyabongulli	NOUN
soyabongullilar	NOUN
soyabonlik	NOUN
soyaciroq	NOUN
soyaki	ADJ,NOUN
soyala	VERB
soyalik	NOUN
soyaparvar	NOUN
soyaparvarlik	NOUN
soyaqul	NOUN
soyavon	NOUN
soyavonlik	NOUN
soyberdi	NOUN
soybibi	NOUN
soyboyi	NOUN
soybu	NOUN
soybuvi	NOUN
soydir	VERB
soydirtir	VERB
soygul	NOUN
soyguzar	NOUN
soyib	NOUN
soyiba	NOUN
soyil	NOUN,VERB
soyim	NOUN
soyimberdi	NOUN
soyinci	NOUN
soyiq	NOUN
soyiqa	NOUN
soyir	NOUN
soyirboy	NOUN
soyjahon	NOUN
soyjalil	NOUN
soylik	NOUN
soyliq	NOUN
soylo	NOUN
soyloq	NOUN
soymurod	NOUN
soynazar	NOUN
soyovul	NOUN
soypolat	NOUN
soytol	NOUN
soytoldi	NOUN
soyuz	NOUN
soyxol	NOUN
soz	ADJ,ADV,NOUN,VERB
sozak	NOUN
sozamol	NOUN
sozamollik	NOUN
sozan	NOUN
sozana	NOUN
sozanak	NOUN
sozanda	NOUN
sozangaron	NOUN
sozboz	NOUN
sozbozlik	NOUN
sozboşi	NOUN
sozcan	NOUN
sozcanlik	NOUN
sozci	NOUN
sozla	VERB
sozlan	VERB
sozlat	VERB
sozlattir	VERB
sozlaş	NOUN,VERB
sozlaştir	VERB
sozlaşuv	NOUN
sozlaşuvci	NOUN
sozli	NOUN
sozlik	NOUN
sozlilik	NOUN
sozliq	NOUN
sozma-soz	ADV
sozsiz	ADJ,ADV,NOUN,PRT
sozsizlik	NOUN
spahic	NOUN
spaic	NOUN
spajic	NOUN
spanovic	NOUN
sparta	NOUN
spartak	NOUN
spartakci	NOUN
spartakiada	NOUN
spasenovskiy	NOUN
spasojevic	NOUN
spasovic	NOUN
spasovskiy	NOUN
spasoyevic	NOUN
spazm	NOUN
spektakl	NOUN
spektr	NOUN
spektroskop	NOUN
spektroskopiya	NOUN
spekulyant	NOUN
spekulyantlik	NOUN
spekulyatsiya	NOUN
speqtral	NOUN
sperling	NOUN
sperma	NOUN
spermatozoid	NOUN
spetsifika	NOUN
spetsifikatsiya	NOUN
spidometr	NOUN
spiker	NOUN
spiliotopolos	NOUN
spilov	NOUN
spiral	ADJ,NOUN
spiresku	NOUN
spiric	NOUN
spiridonov	NOUN
spiridonova	NOUN
spirt	NOUN,VERB
spirtla	VERB
spitamen	NOUN
spitamin	NOUN
splanxnologiya	NOUN
split	NOUN
sponsor	NOUN
spora	NOUN
sport	NOUN
sportci	NOUN
sportcilik	NOUN
sportsmen	NOUN
spravka	NOUN
spravocniy	NOUN
springs	NOUN
spyropolos	NOUN
srbljanovic	NOUN
srebrenitsa	NOUN
sreckovic	NOUN
sredoje	NOUN
sreten	NOUN
sribne	NOUN
ssenarist	NOUN
ssenariy	NOUN
ssenariyci	NOUN
st	NOUN
stabil	NOUN,VERB
stabilizator	NOUN
stabilizatsiya	NOUN
stabilla	VERB
stabillaş	VERB
stabillaştir	VERB
stabillik	NOUN
stacka	NOUN
stackaci	NOUN
stadial	NOUN
stadion	NOUN
stadiya	NOUN
stahanov	NOUN
staj	NOUN
stajic	NOUN
stajirovka	NOUN
stajkic	NOUN
stajyor	NOUN
stakan	NOUN,VERB
stakanla	VERB
stakic	NOUN
staletovic	NOUN
stalin	NOUN
stambolic	NOUN
stamenkovic	NOUN
standart	NOUN,VERB
standartla	VERB
standartlaş	VERB
standartlaştir	VERB
stanesku	NOUN
stanic	NOUN
stanicic	NOUN
stanimirovic	NOUN
stanisic	NOUN
stanislav	NOUN
stanişev	NOUN
stankov	NOUN
stankova	NOUN
stankovic	NOUN
stankovskiy	NOUN
stankulesku	NOUN
stanojevic	NOUN
stanojkovskiy	NOUN
stanok	NOUN
stanokci	NOUN
stanoksoz	NOUN
stanoksozlik	NOUN
stanoq	NOUN
stanoqsoz	NOUN
stansa	NOUN
stansiya	NOUN
star	NOUN
starcevic	NOUN
starodubov	NOUN
starodubova	NOUN
starokostantiniv	NOUN
start	NOUN
stathakis	NOUN
statik	NOUN
statistika	NOUN
statsionar	NOUN
status	NOUN
stavişce	NOUN
stavka	NOUN
stavrevskiy	NOUN
staxanov	NOUN
staxanovca	NOUN
staxanovci	NOUN
staxanovcilik	NOUN
stazic	NOUN
stearin	NOUN
stebliv	NOUN
stebnik	NOUN
stefan	NOUN
stefanopolos	NOUN
stefanos	NOUN
stefanov	NOUN
stefanova	NOUN
stefanovskiy	NOUN
steiermark	NOUN
steiner	NOUN
stelyos	NOUN
stem	VERB
stemla	VERB
stend	NOUN
stenograf	NOUN
stenografci	NOUN
stenografist	NOUN
stenografistka	NOUN
stenografistlik	NOUN
stenografiya	NOUN
stenogramma	NOUN
stepanivka	NOUN
stepanov	NOUN
stepanova	NOUN
stepanovna	NOUN
stepantsov	NOUN
stepantsova	NOUN
stephan	NOUN
stephanopolos	NOUN
stepnoye	NOUN
stereokimyo	NOUN
stereometriya	NOUN
stereoskop	NOUN
stereoskopiq	NOUN
stereotip	NOUN
steril	NOUN
sterilizatsiya	VERB
sterilizatsiyala	VERB
sterillik	NOUN
sterjen	NOUN
sterlitamak	NOUN
stevanovic	NOUN
steven	NOUN
stevic	NOUN
stevovic	NOUN
stig	NOUN
stil	NOUN
stilistik	NOUN
stilistika	NOUN
stimul	NOUN
stip	NOUN
stipcevic	NOUN
stipe	NOUN
stipendiya	NOUN
stipetic	NOUN
stipisic	NOUN
stiv	NOUN
stiven	NOUN
stixiya	NOUN
stixiyaci	NOUN
stixiyacilik	NOUN
stixiyali	NOUN
stixiyalilik	NOUN
stjepan	NOUN
stocic	NOUN
stoik	NOUN
stoilkovic	NOUN
stoitsizm	NOUN
stojakovic	NOUN
stojan	NOUN
stojanovic	NOUN
stojanovska	NOUN
stojanovskiy	NOUN
stojcic	NOUN
stojcinovic	NOUN
stojic	NOUN
stojicic	NOUN
stojiljkovic	NOUN
stojinic	NOUN
stojkovic	NOUN
stojmenovskiy	NOUN
stojnic	NOUN
stokgolm	NOUN
stokic	NOUN
stol	NOUN
stolba	NOUN
stolic	NOUN
stolipin	NOUN
stolipinci	NOUN
stolipincilik	NOUN
stomatit	NOUN
stomatolog	NOUN
stomatologiya	NOUN
stone	NOUN
stonhenj	NOUN
stoparic	NOUN
storojenko	NOUN
storojikov	NOUN
storojikova	NOUN
storojinets	NOUN
stosic	NOUN
stoyadinovic	NOUN
stoyakovic	NOUN
stoyanov	NOUN
stoyanova	NOUN
stoyanovic	NOUN
stoyanovskiy	NOUN
stoykic	NOUN
stoykov	NOUN
stoykova	NOUN
stoykovic	NOUN
stoykovskiy	NOUN
stoymenovic	NOUN
strasburg	NOUN
strateg	NOUN
strategiya	NOUN
stratosfera	NOUN
straxovaniye	NOUN
strebkov	NOUN
strebkova	NOUN
strela	NOUN
strelka	NOUN
strelkaci	NOUN
strelkov	NOUN
strelkova	NOUN
stress	NOUN
strezovskiy	NOUN
strijavka	NOUN
strinic	NOUN
strixnin	NOUN
striy	NOUN
strofa	NOUN
stroganov	NOUN
stroganova	NOUN
struga	NOUN
struktur	NOUN
struktura	NOUN
struma	NOUN
strumitsa	NOUN
student	NOUN
studentka	NOUN
studentlik	NOUN
studiya	NOUN
stul	NOUN
stun	NOUN
sturanovic	NOUN
stvol	NOUN
styles	NOUN
subalpik	NOUN
subasic	NOUN
subay	NOUN
subekt	ADJ,NOUN
subektiv	ADJ,NOUN
subektivlik	NOUN
subh	NOUN
subhi	NOUN
subhida	NOUN
subhidam	NOUN
subhina	NOUN
subhiniso	NOUN
subhinisor	NOUN
subhiya	NOUN
subhon	NOUN
subhonali	NOUN
subhonberdi	NOUN
subhonnazar	NOUN
subhonqul	NOUN
subhonulla	NOUN
subotic	NOUN
subotika	NOUN
substansiya	NOUN
substrat	NOUN
subtropik	ADJ,NOUN
subtropiklar	NOUN
subut	NOUN
subutli	NOUN
subutlilik	NOUN
subutoy	NOUN
subutsiz	NOUN
subutsizlik	NOUN
subxon	NOUN
suckov	NOUN
suckova	NOUN
sucuk	NOUN
sucuklik	NOUN
sud	ADJ,NOUN,VERB
sudak	NOUN
sudan	NOUN
sudaq	NOUN
sudboz	NOUN
sudbozlik	NOUN
sudla	VERB
sudlan	NOUN,VERB
sudlangan	NOUN
sudlanganlik	NOUN
sudlanuvci	NOUN
sudlaş	VERB
sudliq	NOUN
sudlo	NOUN
sudlov	NOUN
sudoba	NOUN
sudra	NOUN,VERB
sudral	NOUN,VERB
sudraliş	VERB
sudraltir	VERB
sudraluvci	NOUN
sudrat	VERB
sudrattir	VERB
sudraş	VERB
sudxor	ADJ,NOUN
sudxorlik	NOUN
sudya	NOUN
sudyalik	NOUN
suf	NOUN,VERB
suffiks	NOUN,VERB
suffiksla	VERB
suffikslaş	VERB
sufiy	NOUN
sufiylik	NOUN
sufkuf	VERB
sufkufla	VERB
sufla	VERB
sufler	NOUN
suflerlik	NOUN
suflyor	NOUN
sufra	NOUN
sufyon	NOUN
sugd	NOUN
sugdlar	NOUN
sugdşunos	NOUN
sugdşunoslik	NOUN
sugor	NOUN,VERB
sugoril	VERB
sugoriş	VERB
sugortir	VERB
sugoruvci	NOUN
sugra	NOUN
sugro	NOUN
sugur	NOUN,VERB
suguril	VERB
suguriş	VERB
sugurta	NOUN,VERB
sugurtala	NOUN,VERB
sugurtalan	NOUN
sugurtalanuvci	NOUN
sugurtir	VERB
suhayl	NOUN
suhayli	NOUN
suhaylo	NOUN
suhbat	ADJ,NOUN,VERB
suhbatci	NOUN
suhbatdoş	NOUN
suhbatijon	NOUN
suhbatlaş	VERB
suhbatulla	NOUN
suhob	NOUN
suhona	NOUN
suhov	NOUN
suhova	NOUN
suhrob	NOUN
suhrobjon	NOUN
suhsur	NOUN
suiistemol	NOUN
suiqasd	NOUN
suiqasdci	NOUN
sujic	NOUN
sujud	NOUN
sukcak	NOUN
sukdik	NOUN
sukovic	NOUN
sukun	NOUN
sukunat	NOUN
sukut	NOUN
sula	NOUN
sulajkovskiy	NOUN
sulay	VERB
sulaymanov	NOUN
sulaymanova	NOUN
sulaymon	NOUN
sulaymonqul	NOUN
sulaytir	VERB
sulduz	NOUN
suleymanov	NOUN
suleymanova	NOUN
sulfat	NOUN
sulgajic	NOUN
sulgi	NOUN
sulgun	NOUN
sulgunoy	NOUN
sulh	NOUN
sulhiya	NOUN
sulhparvar	NOUN
sulhparvarlik	NOUN
suli	NOUN
suljic	NOUN
sulkev	NOUN
sulla	NOUN
sulloh	NOUN
sulloq	NOUN
sulloqlik	NOUN
sulola	NOUN
sulov	NOUN
sultannazarxoja	NOUN
sulton	NOUN
sultona	NOUN
sultonahmad	NOUN
sultonali	NOUN
sultonbaxt	NOUN
sultonbegim	NOUN
sultonbek	NOUN
sultonbeka	NOUN
sultonberdi	NOUN
sultonbibi	NOUN
sultonbol	NOUN
sultoncori	NOUN
sultongozal	NOUN
sultongozi	NOUN
sultongul	NOUN
sultoniya	NOUN
sultonkeldi	NOUN
sultonlik	NOUN
sultonmahmud	NOUN
sultonmamat	NOUN
sultonmirza	NOUN
sultonmuhammad	NOUN
sultonmurod	NOUN
sultonnasab	NOUN
sultonnazar	NOUN
sultonniyoz	NOUN
sultonnur	NOUN
sultonov	NOUN
sultonova	NOUN
sultonoy	NOUN
sultonpoşşa	NOUN
sultonqora	NOUN
sultonqul	NOUN
sultonsaid	NOUN
sultontemir	NOUN
sultonvali	NOUN
sultonxoja	NOUN
sultonxon	NOUN
sultonyoz	NOUN
sultonzoda	NOUN
sultonşo	NOUN
suluk	NOUN
sulukat	NOUN
suluq	NOUN
suluv	ADJ,NOUN,VERB
suluvbeka	NOUN
suluvbibi	NOUN
suluvbika	NOUN
suluvgul	NOUN
suluvjon	NOUN
suluvla	VERB
suluvlan	VERB
suluvlik	NOUN
suluvniso	NOUN
suluvnoz	NOUN
suluvxon	NOUN
suluvyuz	NOUN
sumak	NOUN,VERB
sumakla	VERB
sumalak	NOUN
suman	NOUN
sumanbar	NOUN
sumanboy	NOUN
sumanoy	NOUN
sumanso	NOUN
sumayya	NOUN
sumba	NOUN,VERB
sumbala	VERB
sumbalan	VERB
sumbalaş	VERB
sumbat	NOUN
sumbul	NOUN
sumbula	NOUN
sumbulsoc	NOUN
sumguloy	NOUN
sumi	NOUN
sumka	NOUN
sumkovskiy	NOUN
summa	NOUN
sun	NOUN
sunami	NOUN
sunbul	NOUN
sunbula	NOUN
sunbuloy	NOUN
sunderland	NOUN
sundulbek	NOUN
sunduzxon	NOUN
sunen	NOUN
sunin	NOUN
suniy	ADJ,NOUN,VERB
suniyla	VERB
suniylaş	VERB
suniylaştir	VERB
suniylik	NOUN
sunjic	NOUN
sunna	NOUN
sunnat	NOUN
sunnatulla	NOUN
sunniy	NOUN
sunniylar	NOUN
sunniylik	NOUN
sunqur	NOUN
sunqurboy	NOUN
supa	NOUN
supaca	NOUN
supatog	NOUN
super	ADJ
superfosfat	NOUN,VERB
superfosfatla	VERB
supermarket	NOUN
supiya	NOUN
support	NOUN
supra	NOUN
supraqoqsi	NOUN
supsagul	NOUN
supta	NOUN
supur	NOUN,VERB
supurgi	NOUN
supurgibek	NOUN
supurgici	NOUN
supurgicilik	NOUN
supurgiz	VERB
supuril	VERB
supurindi	NOUN
supuriş	VERB
supurtir	VERB
supuruvci	NOUN
suq	NOUN,VERB
suqatoy	NOUN
suqil	VERB
suqiltir	VERB
suqiş	VERB
suqiştir	VERB
suqla	VERB
suqlan	VERB
suqlantir	VERB
suqlik	NOUN
suqma	NOUN
suqrot	NOUN
suqsuq	NOUN
suqsur	NOUN
suqsuroy	NOUN
suqsurxon	NOUN
suqtir	VERB
suqtiril	VERB
suqtoy	NOUN
suqtoylik	NOUN
suqur	NOUN
suqut	NOUN
sur	NOUN,VERB
sura	NOUN
suralay	NOUN
surat	ADJ,NOUN
suratci	NOUN
suratkaş	NOUN
suratkaşlik	NOUN
suratoy	NOUN
suratxon	NOUN
suratxona	NOUN
suraxon	NOUN
suray	NOUN
suraye	NOUN
surayyo	NOUN
surbet	ADV,NOUN,VERB
surbetlarca	ADV
surbetlaş	VERB
surbetlik	NOUN
surdir	VERB
surdiril	VERB
surdirtir	VERB
surdolog	NOUN
surdopedagogika	NOUN
surga	NOUN,VERB
surgal	NOUN,VERB
surgaş	VERB
surgi	NOUN
surgic	NOUN
surgn	NOUN
surguc	NOUN,VERB
surgucla	VERB
surguclat	VERB
surgun	NOUN
suril	VERB
surin	VERB
surinam	NOUN
suriniş	VERB
surinov	NOUN
surinova	NOUN
surintir	VERB
suriya	NOUN
suriş	VERB
suriştir	VERB
suriştiraver	VERB
suriştiril	VERB
surka	VERB
surkal	VERB
surkaliş	VERB
surkaltir	VERB
surkan	VERB
surkanderya	NOUN
surkaniş	VERB
surkantir	VERB
surkat	VERB
surkaş	VERB
surkov	NOUN
surkova	NOUN
surla	VERB
surlan	VERB
surlik	NOUN
surma	NOUN
surmacup	NOUN
surmadon	NOUN
surmaniso	NOUN
surmaxon	NOUN
surnay	NOUN
surnayci	NOUN
surob	NOUN
surobboy	NOUN
suroj	NOUN
suron	NOUN
surov	NOUN
surova	NOUN
surovic	NOUN
surp	NOUN
surpa	NOUN
surqay	NOUN
surra	NOUN
surriya	NOUN
surriyat	NOUN
surrogat	NOUN
surt	NOUN,VERB
surtil	VERB
surtin	VERB
surtiş	VERB
surtki	NOUN
surttir	VERB
suru	NOUN
surunka	ADV,NOUN
surunkasiga	ADV
surup	NOUN
surur	NOUN
sururboy	NOUN
suruş	NOUN
suruşxon	NOUN
surx	NOUN
surxak	NOUN
surxob	NOUN
surxon	NOUN
surxondaryo	NOUN
surxonmirza	NOUN
surxun	NOUN
susa	NOUN
susamir	NOUN
susan	NOUN
susanbar	NOUN
susay	VERB
susayt	VERB
susaytir	VERB
susaytiril	VERB
suslov	NOUN
suslova	NOUN
sust	NOUN,VERB
sustkaş	NOUN
sustkaşlik	NOUN
sustla	VERB
sustlan	VERB
sustlantir	VERB
sustlaş	VERB
sustlaştir	VERB
sustlaştiril	VERB
sustlik	NOUN
susulayev	NOUN
susulayeva	NOUN
sut	NOUN
sutak	NOUN
sutanovic	NOUN
sutci	NOUN
sutcilik	NOUN
sutemizuvci	NOUN
sutemizuvcilar	NOUN
sutiski	NOUN
sutka	NOUN
sutkalik	NOUN
sutlik	NOUN
sutpecak	NOUN
sutqon	NOUN
sutsiz	NOUN
sutsizlik	NOUN
suttikan	NOUN
sutun	NOUN
sutura	NOUN
sutxor	NOUN
sutxorlik	NOUN
sutxur	NOUN
sutxurlik	NOUN
suv	ADJ,NOUN,VERB
suva	VERB
suvado	NOUN
suval	VERB
suvarak	NOUN
suvat	VERB
suvatil	VERB
suvattir	VERB
suvaydo	NOUN
suvaş	VERB
suvburgut	NOUN
suvcecak	NOUN
suvci	NOUN
suvcilik	NOUN
suvdon	NOUN
suveren	NOUN
suverenitet	NOUN
suverenlik	NOUN
suvilon	NOUN
suviz	NOUN
suvizik	NOUN
suvla	VERB
suvlan	VERB
suvli	ADJ,NOUN
suvlik	NOUN
suvlilik	NOUN
suvlisoy	NOUN
suvloq	NOUN
suvluq	NOUN
suvmurc	NOUN
suvo	NOUN
suvon	NOUN
suvonali	NOUN
suvonberdi	NOUN
suvonqul	NOUN
suvoq	NOUN,VERB
suvoqci	NOUN
suvoqcilik	NOUN
suvoqla	VERB
suvor	NOUN
suvori	NOUN
suvoriy	NOUN
suvorov	NOUN
suvorova	NOUN
suvorove	NOUN
suvot	NOUN
suvpiyez	NOUN
suvpiyoz	NOUN
suvqar	VERB
suvqogoz	NOUN
suvqovoq	NOUN
suvrang	NOUN
suvrat	NOUN
suvratboy	NOUN
suvsa	VERB
suvsar	NOUN
suvsarxon	NOUN
suvsat	VERB
suvsattir	VERB
suvsira	VERB
suvsirat	VERB
suvsiz	ADJ,NOUN
suvsizlik	NOUN
suvso	NOUN
suvsok	NOUN
suvsoklik	NOUN
suvsoq	NOUN
suvsoqlik	NOUN
suvut	NOUN
suvzam	NOUN
suvzamci	NOUN
suxan	NOUN
suxanberdi	NOUN
suxanboz	NOUN
suxanbozlik	NOUN
suxancin	NOUN
suxandon	NOUN
suxandonlik	NOUN
suxangar	NOUN
suxangul	NOUN
suxanlik	NOUN
suxanmurod	NOUN
suxannazar	NOUN
suxanoro	NOUN
suxanqul	NOUN
suxanvar	NOUN
suxanvarlik	NOUN
suxari	NOUN
suxayl	NOUN
suxbat	NOUN
suxbatci	NOUN
suxbatijon	NOUN
suxbatoro	NOUN
suxoba	NOUN
suxrob	NOUN
suxsur	NOUN
suy	NOUN,VERB
suya	NOUN,VERB
suyagic	NOUN
suyak	NOUN
suyal	VERB
suyaliş	VERB
suyaltir	VERB
suyam	NOUN,VERB
suyamla	VERB
suyan	NOUN,VERB
suyanc	NOUN
suyanciq	NOUN
suyanil	VERB
suyaniş	VERB
suyantir	VERB
suyar	NOUN
suyarali	NOUN
suyarbek	NOUN
suyarqul	NOUN
suyarxoja	NOUN
suyarşo	NOUN
suyat	VERB
suyattir	VERB
suyaş	VERB
suydi	NOUN
suydibibi	NOUN
suydibonu	NOUN
suydibu	NOUN
suydibuvi	NOUN
suydiniso	NOUN
suydir	VERB
suydixon	NOUN
suyeg	NOUN
suyegliq	NOUN
suygin	NOUN
suygun	NOUN
suygunoy	NOUN
suyib-siypala	VERB
suyima	NOUN
suyimxon	NOUN
suyji	NOUN
suyjixon	NOUN
suyka	VERB
suykal	VERB
suykaltir	VERB
suykan	VERB
suykaniş	VERB
suymali	NOUN
suymaxol	NOUN
suymaxon	NOUN
suyri	NOUN
suysin	NOUN
suyugoyoq	NOUN
suyugoyoqlik	NOUN
suyuk	ADJ,NOUN
suyukli	ADJ,NOUN
suyuklik	NOUN
suyul	VERB
suyultir	VERB
suyuma	NOUN
suyumbeka	NOUN
suyumbika	NOUN
suyumboy	NOUN
suyumxon	NOUN
suyun	NOUN,VERB
suyuna	NOUN
suyunbeka	NOUN
suyunc	NOUN
suyuncakxon	NOUN
suyuncali	NOUN
suyunci	NOUN
suyundik	NOUN
suyuniş	VERB
suyunmirza	NOUN
suyunqul	NOUN
suyuntir	VERB
suyuntoy	NOUN
suyunxoja	NOUN
suyunxon	NOUN
suyuq	NOUN,VERB
suyuqla	VERB
suyuqlan	VERB
suyuqlaş	VERB
suyuqlaştir	VERB
suyuqlik	NOUN
suyurgab	NOUN
suyurgol	NOUN
suz	NOUN,VERB
suzak	NOUN
suzdir	VERB
suzdirt	VERB
suzdirtir	VERB
suzgic	NOUN
suzgun	NOUN
suzil	VERB
suziliş	VERB
suziltir	VERB
suziş	VERB
suzma	NOUN
suzongic	NOUN
suzuk	NOUN
suzukxon	NOUN
suzuvci	NOUN
suşenkov	NOUN
suşenkova	NOUN
suşilka	NOUN
svalava	NOUN
svalbard	NOUN
svanson	NOUN
svarka	NOUN
svarkaci	NOUN
svatogirsk	NOUN
svazilend	NOUN
sveca	NOUN
svecnikov	NOUN
svecnikova	NOUN
svensson	NOUN
sverdilovsk	NOUN
sverdlov	NOUN
sverdlova	NOUN
sverdlovsk	NOUN
svesa	NOUN
svetla	NOUN
svetlana	NOUN
svetofor	NOUN
svetozar	NOUN
svilanovic	NOUN
svilicic	NOUN
svinarov	NOUN
svinarova	NOUN
sviranov	NOUN
sviranova	NOUN
svitlovodsk	NOUN
sviştov	NOUN
svoboda	NOUN
svodka	NOUN
svrgovskiy	NOUN
swift	NOUN
sxema	NOUN
sxematik	NOUN
sxematiklik	NOUN
sxematizm	NOUN
sxolast	NOUN
sxolastika	NOUN
syep	VERB
sylland	NOUN
syomka	NOUN
syuita	NOUN
syujet	NOUN
syuzana	NOUN
syuzeren	NOUN
szczecin	NOUN
s�niy�	NOUN
taaddi	NOUN
taajjub	ADJ,NOUN,VERB
taajjubla	VERB
taajjublan	VERB
taajjublantir	VERB
taalluq	NOUN
taammul	NOUN
taarruz	NOUN
taassuf	NOUN,VERB
taassuflan	VERB
taassurot	NOUN
tab	NOUN
taba	NOUN
tabaa	NOUN
tabaalik	NOUN
tabaaliq	NOUN
tabaasoz	NOUN
tabaasozlik	NOUN
tabaddul	NOUN
tabal	NOUN
tabalik	NOUN
tabalov	NOUN
tabalova	NOUN
tabalsoz	NOUN
tabalsozlik	NOUN
tabaq	NOUN
tabaqa	NOUN,VERB
tabaqaci	NOUN
tabaqacilik	NOUN
tabaqala	VERB
tabaqalan	VERB
tabaqalaş	VERB
tabaqalaştir	VERB
tabaqalaştiril	VERB
tabar	NOUN
tabarali	NOUN
tabargul	NOUN
tabarruk	NOUN,VERB
tabarruklan	VERB
tabasoz	NOUN
tabasozlik	NOUN
tabassum	NOUN
tabdil	NOUN
tabdila	NOUN
tabel	NOUN
tabelci	NOUN
tabelcilik	NOUN
tabgir	NOUN
tabiat	NOUN
tabiatsoz	NOUN
tabiatsozlik	NOUN
tabiatşunos	NOUN
tabiatşunoslik	NOUN
tabib	NOUN
tabibci	NOUN
tabibcilik	NOUN
tabibgar	NOUN
tabibgarci	NOUN
tabibgarcilik	NOUN
tabiblik	NOUN
tabibulla	NOUN
tabiiy	ADJ,NOUN,PRT
tabiiyki	NOUN
tabiiylik	NOUN
tabiiyot	NOUN
tabiiyun	NOUN
tabila	NOUN
tabir	NOUN
tabirnoma	NOUN
tabiya	NOUN
tabl	NOUN
tabla	NOUN
tabletka	NOUN
tablo	NOUN
tabobat	NOUN
tabobatcilik	NOUN
tabobatxona	NOUN
tabor	NOUN
taborak	NOUN
tabrik	NOUN,VERB
tabrika	NOUN
tabrikla	VERB
tabriklaş	VERB
tabriknoma	NOUN
tabrila	VERB
tabrilan	VERB
tabriz	NOUN
taburet	NOUN
taburetka	NOUN
tacanka	NOUN
taci	NOUN
taciv	NOUN
tacka	NOUN
tadbir	NOUN
tadbirkor	NOUN
tadbirkorlik	NOUN
tadbirsiz	NOUN
tadbirsizlik	NOUN
tadic	NOUN
tadorik	NOUN
tadqiq	NOUN
tadqiqot	NOUN
tadqiqotci	NOUN
tadqiqotcilik	NOUN
tadrij	NOUN
tadrijiy	NOUN
tadrijiylik	NOUN
tadssub	NOUN
taekvondo	NOUN
taf	NOUN
tafakkur	NOUN
taffot	NOUN
tafovut	NOUN,VERB
tafovutla	VERB
tafovutlan	VERB
tafsil	ADV,NOUN,VERB
tafsilla	VERB
tafsillaş	VERB
tafsilot	NOUN
tafsir	NOUN,VERB
tafsirci	NOUN
tafsirla	VERB
taft	NOUN
taftiş	NOUN,VERB
taftişci	NOUN
taftişla	VERB
taftişlan	VERB
tag	NOUN
tagcarm	NOUN
tagdon	NOUN
tagduzi	NOUN
tagi	X
tagida	AUX
tagin	ADV,NOUN
tagiosiyo	NOUN
tagissaroy	NOUN
tagkursi	NOUN
taglik	NOUN
tagmano	NOUN
tagobi	NOUN
tagofil	NOUN
tagoyi	NOUN
tagsinc	NOUN
tagsiz	NOUN
tagsizlik	NOUN
tahammul	NOUN
tahamtan	NOUN
tahayyur	NOUN
tahdid	NOUN
tahlika	NOUN
tahlil	NOUN
tahliqa	NOUN
tahmina	NOUN
tahorat	NOUN,VERB
tahoratla	VERB
tahoratlan	VERB
tahoratxona	NOUN
tahqiq	NOUN,VERB
tahqiqla	VERB
tahqiqlan	VERB
tahqir	NOUN,VERB
tahqirla	VERB
tahqirlan	VERB
tahqirlo	NOUN
tahqirlovci	NOUN
tahrir	NOUN,VERB
tahrirci	NOUN
tahririyat	NOUN
tahrirla	VERB
tahron	NOUN
tahsil	NOUN
tahsin	NOUN,VERB
tahsinla	VERB
tahsinlan	VERB
tailand	NOUN
tairov	NOUN
tairova	NOUN
taiti	NOUN
tajallo	NOUN
tajammul	NOUN
tajang	ADJ,NOUN,VERB
tajangla	VERB
tajanglan	VERB
tajanglaş	VERB
tajanglik	NOUN
tajassum	NOUN,VERB
tajassumla	VERB
tajassumlan	VERB
tajnis	NOUN
tajovuz	NOUN
tajovuzci	NOUN
tajovuzcilik	NOUN
tajovuzkor	NOUN
tajovuzkorlik	NOUN
tajriba	NOUN
tajribaci	NOUN
tajribacilik	NOUN
tajribakor	NOUN
tajribakorlik	NOUN
tajribaqor	NOUN
tajribaqorlik	NOUN
tajribasiz	NOUN
tajribasizlik	NOUN
tajvid	NOUN
tak	INTJ,NOUN,VERB
taka	NOUN
takabbur	ADJ,NOUN,VERB
takabburlan	VERB
takabburlaş	VERB
takabburlik	NOUN
takaboy	NOUN
takajon	NOUN
takal	NOUN
takalluf	NOUN,VERB
takalluflan	VERB
takallufot	NOUN
takallufsiz	NOUN
takallufsizlik	NOUN
takallum	NOUN
takasaltang	NOUN,VERB
takasaltanglaş	VERB
takasaltanglik	NOUN
takasoqo	NOUN
takatoy	NOUN
takavor	NOUN
takaş	NOUN
takbir	NOUN
takfin	NOUN,VERB
takfinla	VERB
taki	NOUN
takid	NOUN,VERB
takidla	VERB
takilla	VERB
takillat	VERB
takkan	NOUN
takkaş	NOUN
taklamakan	NOUN
taklif	NOUN
taklifnoma	NOUN
takmil	NOUN,VERB
takmila	NOUN
takmilla	VERB
takmillan	VERB
takmillat	VERB
takmillaş	VERB
takmillaştir	VERB
takomil	NOUN,VERB
takomilla	VERB
takomillan	VERB
takomillaş	VERB
takomillaştir	VERB
takomillik	NOUN
takror	ADV,NOUN,VERB
takror-takror	ADV
takroran	ADV
takrorla	VERB
takrorlan	VERB
takrorlat	VERB
takrorlaş	VERB
taksa	NOUN
taksi	NOUN
taksici	NOUN
taksofon	NOUN
taksometr	NOUN
taksomotor	NOUN
taksonomiya	NOUN
takt	NOUN
taktak	NOUN,VERB
taktakla	VERB
taktaklat	VERB
taktika	NOUN
takya	NOUN
takyagoh	NOUN
takyaxona	NOUN
tal	NOUN
tala	VERB
talab	ADJ,NOUN
talaba	NOUN
talabboy	NOUN
talabcan	ADJ,NOUN
talabcanli	NOUN
talabcanlik	NOUN
talabgor	NOUN
talabmirza	NOUN
talabnoma	NOUN
talaboy	NOUN
talaf	NOUN
talaffuz	NOUN
talafot	NOUN
talalayivka	NOUN
talan	VERB
talant	ADJ,NOUN
talantli	ADJ
talas	NOUN
talat	NOUN,VERB
talatil	VERB
talatoy	NOUN
talattir	VERB
talattora	NOUN
talay	ADV
talaş	VERB
talaştir	VERB
talaşuv	NOUN
talbak	NOUN
taldikorgan	NOUN
talgat	NOUN
talhak	NOUN
talibon	NOUN
talic	NOUN
talija	NOUN
talim	NOUN
talim-tarbiya	NOUN
talima	NOUN
talimot	NOUN
talinka	NOUN
talisafet	NOUN
talişvi	NOUN
taljic	NOUN
talla	NOUN
tallak	NOUN
tallaşqon	NOUN
tallikuron	NOUN
tallimarjon	NOUN
tallimaron	NOUN
tallin	NOUN
talliy	NOUN
talliyulgun	NOUN
tallon	NOUN
talmeh	NOUN
talmov	VERB
talmovsira	VERB
talmud	NOUN
talmudci	NOUN
talmudcilik	NOUN
talne	NOUN
talo	NOUN
talob	NOUN
talobci	NOUN
talobcilik	NOUN
talon	NOUN
talonci	NOUN
taloncilik	NOUN
taloq	NOUN
taloqnoma	NOUN
talotup	NOUN
talovci	NOUN
talovic	NOUN
talovul	NOUN
talpang	VERB
talpangla	VERB
talpin	VERB
talpiniş	VERB
talpintir	VERB
talq	NOUN
talqin	NOUN,VERB
talqinci	NOUN
talqinla	VERB
talsa	NOUN
taltang	VERB
taltangla	VERB
taltanglat	VERB
taltay	VERB
taltaytir	VERB
talvasa	NOUN,VERB
talvasala	VERB
talvasalan	VERB
talvasalat	VERB
talx	ADJ
talxa	NOUN
tam	NOUN
tama	NOUN
tamaci	NOUN
tamada	NOUN
tamaddi	NOUN,VERB
tamaddilan	VERB
tamaddun	NOUN,VERB
tamaddunlaş	VERB
tamagir	NOUN
tamagirlik	NOUN
tamaguzar	NOUN
tamak	NOUN
tamaki	NOUN
tamakici	NOUN
tamakicilik	NOUN
tamakidon	NOUN
tamakikor	NOUN
tamakikorlik	NOUN
tamakizor	NOUN
tamakişunos	NOUN
tamakor	NOUN
tamal	NOUN
tamanno	NOUN
tamara	NOUN
tamay	NOUN
tamba	NOUN,VERB
tambala	VERB
tambalan	VERB
tambalat	VERB
tambov	NOUN
tambur	NOUN
tamfa	NOUN
tamga	NOUN,VERB
tamgaci	NOUN
tamgador	NOUN
tamgala	VERB
tamgalan	VERB
tamgalat	VERB
tamgalattir	VERB
tamila	NOUN
tamin	NOUN,VERB
taminla	VERB
taminot	NOUN
tamir	NOUN,VERB
tamirla	VERB
tamirot	NOUN
tamiz	NOUN
tamiza	NOUN
tamizlik	NOUN
tamkin	NOUN
tamom	ADV,NOUN,VERB
tamoman	ADV
tamomila	ADV,NOUN
tamomla	VERB
tamomlan	VERB
tamomlat	VERB
tamoyil	NOUN,VERB
tamoyilla	VERB
tamoyillan	VERB
tamoşo	NOUN
tampon	VERB
tamponla	VERB
tamsil	NOUN
tamug	NOUN
tamşa	VERB
tamşan	VERB
tan	NOUN
tana	NOUN
tanaboy	NOUN
tanaca	NOUN
tanaci	NOUN
tanaffus	NOUN
tanakor	VERB
tanakorla	VERB
tanaomuz	NOUN
tanaqor	NOUN
tanas	NOUN
tanasesku	NOUN
tanavor	NOUN
tanazzul	NOUN
tanbal	ADJ,NOUN,VERB
tanballaş	VERB
tanballik	NOUN
tanbeh	NOUN,VERB
tanbehla	VERB
tanbehlan	VERB
tanbehlo	NOUN
tanbehlovci	NOUN
tanbex	NOUN
tanbur	NOUN
tanburci	NOUN
tanca	NOUN
tanda	NOUN,VERB
tandaci	NOUN
tandala	VERB
tandalan	VERB
tandir	NOUN
tandirci	NOUN
tandor	NOUN
tanfuruş	NOUN
tanfuruşlik	NOUN
tang	NOUN,VERB
tanga	NOUN
tangaca	NOUN
tangci	NOUN
tangcilik	NOUN
tangens	NOUN
tangi	NOUN,VERB
tangilla	VERB
tangillat	VERB
tangir	NOUN
tanglay	NOUN
tanglik	NOUN
tango	NOUN
tangqas	NOUN
tangri	NOUN
tangriat	NOUN
tangriberdi	NOUN
tangribergan	NOUN
tangrimuhammad	NOUN
tangriqul	NOUN
tangrixoja	NOUN
tanho	ADJ,NOUN,VERB
tanhola	VERB
tanholan	VERB
tanholik	NOUN
tani	ADJ,NOUN,VERB
tanibek	NOUN
taniboy	NOUN
tanil	VERB
taniq	ADJ
taniqli	ADJ
taniqul	NOUN
tanit	VERB
tanittir	VERB
taniyol	VERB
taniş	ADJ,NOUN,VERB
tanişlik	NOUN
tanişsiz	NOUN
tanişsizlik	NOUN
taniştir	VERB
taniştiril	VERB
tanjg	NOUN
tanjug	NOUN
tank	NOUN
tankci	NOUN
tanker	NOUN
tanketka	NOUN
tankovic	NOUN
tankovoye	NOUN
tanla	VERB
tanlan	VERB
tanlat	VERB
tanlattir	VERB
tanlaş	VERB
tannarx	NOUN
tannoz	ADJ,NOUN,VERB
tannozlaş	VERB
tannozlik	NOUN
tannozxon	NOUN
tanob	NOUN,VERB
tanobci	NOUN
tanobla	VERB
tanoblat	VERB
tanosib	NOUN
tanosil	NOUN
tanovar	NOUN
tanovic	NOUN
tanqay	VERB
tanqid	NOUN
tanqidboz	NOUN
tanqidbozlik	NOUN
tanqidci	NOUN
tanqidcilik	NOUN
tanqis	NOUN,VERB
tanqislan	VERB
tanqislik	NOUN
tanqnd	NOUN
tanrikut	NOUN
tansa	NOUN
tansaci	NOUN
tansihat	NOUN
tansihatlik	NOUN
tansiq	ADJ,NOUN,VERB
tansiqa	NOUN
tansiqbibi	NOUN
tansiqla	VERB
tansiqlan	VERB
tansiqlik	NOUN
tansiqoy	NOUN
tansiqqul	NOUN
tansog	NOUN
tansoglik	NOUN
tantan	NOUN
tantana	ADJ,NOUN
tantanaboz	NOUN
tantanabozlik	NOUN
tantanali	ADJ
tanti	NOUN
tantiboy	NOUN
tantilik	NOUN
tantiq	NOUN,VERB
tantiqla	VERB
tantiqlan	VERB
tantiqlik	NOUN
tanvin	NOUN
tanvir	NOUN
tanzaniya	NOUN
tanzil	NOUN
tanzila	NOUN
tanzilat	NOUN
tanzim	NOUN
tanziya	NOUN
taolo	NOUN
taom	NOUN
taomil	NOUN
tap	IMIT,NOUN,VERB
tap-tap	IMIT
tapara-tapar	IMIT
tapilla	VERB
tapillat	VERB
tapir	VERB
tapirla	VERB
tapirlat	VERB
tapolat	NOUN
tappa	ADV,NOUN
tappaq	NOUN
tappi	NOUN
tappon	NOUN
tappot	NOUN
tapt	NOUN
tapuskovic	NOUN
taq	VERB
taq-taq	IMIT
taq-tiq	IMIT
taq-tuq	IMIT
taqa	NOUN,VERB
taqa-taq	IMIT
taqaboy	NOUN
taqaci	NOUN
taqacilik	NOUN
taqal	VERB
taqala	VERB
taqalan	VERB
taqalat	VERB
taqalattir	VERB
taqalaş	VERB
taqaliş	VERB
taqaltir	VERB
taqaş	VERB
taqaştir	VERB
taqcil	NOUN
taqcillik	NOUN
taqdim	NOUN
taqdima	NOUN
taqdimnoma	NOUN
taqdir	NOUN,VERB
taqdirali	NOUN
taqdirboy	NOUN
taqdirla	VERB
taqdirlan	VERB
taqdirlaş	VERB
taqdirnoma	NOUN
taqdirqul	NOUN
taqdisa	NOUN
taqdr	NOUN
taqi	NOUN
taqib	NOUN,VERB
taqibci	NOUN
taqibla	VERB
taqiblan	VERB
taqil	VERB
taqilla	VERB
taqillat	VERB
taqim	NOUN,VERB
taqimla	VERB
taqimlat	VERB
taqin	VERB
taqincoq	NOUN
taqiniş	VERB
taqiq	NOUN,VERB
taqiqcilik	NOUN
taqiqla	VERB
taqiqlan	VERB
taqiqlat	VERB
taqir	ADJ,ADV,NOUN,VERB
taqir-tuqur	IMIT
taqirla	VERB
taqirlat	VERB
taqirlik	NOUN
taqiya	NOUN
taqiş	VERB
taqlid	NOUN
taqlidci	NOUN
taqlidcilik	NOUN
taqlidiy	NOUN
taqlidiylik	NOUN
taqmagul	NOUN
taqovul	NOUN
taqozo	NOUN
taqqa	NOUN
taqqos	NOUN,VERB
taqqosla	VERB
taqqoslan	VERB
taqqoslat	VERB
taqrir	NOUN
taqriz	NOUN
taqrizci	NOUN
taqrizcilik	NOUN
taqsim	NOUN,VERB
taqsimca	NOUN
taqsimla	NOUN,VERB
taqsimlagic	NOUN
taqsimlan	VERB
taqsimlaş	VERB
taqsimlo	NOUN
taqsimlovci	NOUN
taqsimot	NOUN
taqsir	NOUN
taqvim	NOUN
taqvo	NOUN
taqvodor	NOUN
taqvodorlik	NOUN
taqya	NOUN
tar	NOUN,VERB
tar/moq	VERB
tar/moqla	VERB
tar/moqlan	VERB
tar/moqlaniş	VERB
tara	NOUN,VERB
taraddud	NOUN,VERB
taraddudla	VERB
taraddudlan	VERB
taraddudli	NOUN
taraf	ADV,NOUN
tarafayn	NOUN
tarafdor	NOUN
tarafdorlik	NOUN
tarafkaş	NOUN
tarafkaşlik	NOUN
taraflik	NOUN
tarafona	ADV
taragay	NOUN
tarahhum	NOUN
taraka	NOUN
tarakaci	NOUN
tarakan	NOUN
tarakana	NOUN
taral	VERB
taralabedod	NOUN
taraliş	VERB
taraltir	VERB
taram	NOUN
taran	NOUN,VERB
tarang	ADJ,NOUN,VERB
tarangla	VERB
taranglan	VERB
taranglat	VERB
taranglaş	VERB
taranglik	NOUN
taraniş	VERB
tarannum	NOUN
taraq	IMIT,NOUN,VERB
taraq-turuq	IMIT
taraqa-turuq	IMIT
taraqla	VERB
taraqlan	VERB
taraqlat	VERB
taraqlaş	VERB
taraqqiy	NOUN,VERB
taraqqiyla	VERB
taraqqiylan	VERB
taraqqiylaş	VERB
taraqqiyot	NOUN
taraqqiyparvar	NOUN
taraqqiyparvarlik	NOUN
taraqqos	NOUN
tarasenko	NOUN
tarasov	NOUN
tarasova	NOUN
tarasşevcenko	NOUN
tarat	VERB
taratil	VERB
tarattir	VERB
tarayyur	NOUN
taraş	NOUN,VERB
taraşca	NOUN
taraşla	VERB
taraşlan	VERB
taraşlat	VERB
taraşlattir	VERB
taraşlo	NOUN
taraşlovci	NOUN
tarbagatay	NOUN
tarbiya	ADJ,NOUN,VERB
tarbiyaci	NOUN
tarbiyacilik	NOUN
tarbiyala	NOUN,VERB
tarbiyalan	NOUN,VERB
tarbiyalanuvci	NOUN
tarbiyalat	VERB
tarbiyalo	NOUN
tarbiyalovci	NOUN
tarbiyasiz	NOUN
tarbiyasizlik	NOUN
tarbiyat	NOUN
tarbiyaviy	ADJ
tarculovskiy	NOUN
tarelka	NOUN
tarfiya	NOUN
targib	NOUN
targibot	NOUN
targibotci	NOUN
targibotcilik	NOUN
targil	NOUN
tarh	NOUN
tarhanlar	NOUN
tari	NOUN
tarib	NOUN
taribsiz	NOUN
taribsizlik	NOUN
tariceanu	NOUN
tarif	NOUN,VERB
tarifa	NOUN
tarifi	NOUN
tarifla	VERB
tariflaş	VERB
tarikca	NOUN
tarilla	VERB
tarillat	VERB
tariq	NOUN
tariqa	NOUN
tariqat	NOUN
tariqboy	NOUN
tarix	ADJ,ADV,NOUN
tarixan	ADV
tarixci	NOUN
tarixiy	ADJ,NOUN
tarixiylik	NOUN
tarixnavis	NOUN
tarixşunos	NOUN
tarixşunoslik	NOUN
tarjiha	NOUN
tarjima	NOUN
tarjimaci	NOUN
tarjimacilik	NOUN
tarjimaşunos	NOUN
tarjimaşunoslik	NOUN
tarjimon	NOUN
tarjimonlik	NOUN
tark	NOUN
tarkaş	NOUN
tarkib	NOUN
tarkivan	NOUN
tarlon	NOUN
tarm	NOUN
tarmaş	NOUN
tarmog	NOUN
tarmok	NOUN
tarmoq	NOUN
tarnobrzeg	NOUN
tarnov	NOUN
tarnovcop	NOUN
tarnovcup	NOUN
tarnovo	NOUN
tarnoz	NOUN
taro	NOUN
tarona	NOUN
taroq	NOUN
taroqboş	NOUN
taroqci	NOUN
taroqcilik	NOUN
taroqli	NOUN
tarovat	NOUN
tarovih	NOUN
taroz	NOUN
tarozi	NOUN
tarozibon	NOUN
tarozibonlik	NOUN
tarozu	NOUN
tarqa	VERB
tarqal	VERB
tarqat	NOUN,VERB
tarqatuvci	NOUN
tarqaş	VERB
tarqo	NOUN
tarqoq	NOUN
tarqoqlik	NOUN
tarqov	NOUN
tarragona	NOUN
tarraq	NOUN
tars	IMIT,NOUN,VERB
tars-tars	IMIT
tars-turs	IMIT
tarsak	NOUN
tarsaki	NOUN,VERB
tarsakila	VERB
tarsay	VERB
tarsilla	VERB
tarsillat	VERB
tarso	NOUN
tartara	NOUN
tartib	NOUN,VERB
tartibla	VERB
tartiblan	VERB
tartiblaş	VERB
tartiblaştir	VERB
tartibli	NOUN
tartiblilik	NOUN
tartibot	NOUN
tartibsiz	NOUN,VERB
tartibsizla	VERB
tartibsizlaş	VERB
tartibsizlik	NOUN
tarutine	NOUN
tarvaqay	VERB
tarvaqayla	VERB
tarvay	VERB
tarvayla	VERB
tarvaytir	VERB
tarvuz	NOUN
tarxan	NOUN
tarxaş	NOUN,VERB
tarxaşla	VERB
tarxaşlan	VERB
tarxaşlik	NOUN
tarxon	NOUN
taryak	NOUN
taryok	NOUN
tarz	NOUN
tarzabon	NOUN
tasadduq	NOUN
tasadduqot	NOUN
tasalli	NOUN
tasallo	NOUN
tasanno	NOUN
tasarruf	NOUN,VERB
tasarrufla	VERB
tasarruflan	VERB
tasavvuf	NOUN,VERB
tasavvufla	VERB
tasavvuflaş	VERB
tasavvuflaştir	VERB
tasavvur	NOUN
tasbeh	NOUN
tasdiq	NOUN,VERB
tasdiqla	VERB
tasdiqlan	VERB
tasdiqlat	VERB
tasdiqlattir	VERB
tasdiqlaş	VERB
tasfiya	NOUN
tasic	NOUN
tasina	NOUN
tasiopolos	NOUN
tasip	NOUN
tasir	ADJ,NOUN,VERB
tasira-tusur	IMIT
tasircan	ADJ,NOUN
tasircanlik	NOUN
tasirla	VERB
tasirlan	VERB
tasirlantir	VERB
tasirlat	VERB
tasirot	NOUN
tasis	NOUN
taskin	NOUN
taskina	NOUN
taskovic	NOUN
taslim	NOUN
taslima	NOUN
taslimci	NOUN
taslimcilik	NOUN
taslimoy	NOUN
taslimqul	NOUN
tasliya	NOUN
tasma	NOUN,VERB
tasmaci	NOUN
tasmala	VERB
tasmila	NOUN
tasmiya	NOUN
tasmoniya	NOUN
tasnif	NOUN,VERB
tasnifla	VERB
tasnim	NOUN
tasodif	ADJ,ADV,NOUN
tasodifan	ADV
tasodifiy	ADJ,NOUN
tasodifiylik	NOUN
tasqara	NOUN,VERB
tasqaralaş	VERB
tasray	VERB
tasraytir	VERB
tasvir	NOUN,VERB
tasviriy	NOUN
tasviriylik	NOUN
tasvirla	VERB
tasvirlan	VERB
tatabbus	NOUN
tatala	VERB
tatalaş	VERB
tatami	NOUN
tatar	NOUN
tatarbunari	NOUN
tatarca	VERB
tatarcala	VERB
tatariston	NOUN
tatbiq	NOUN,VERB
tatbiqla	VERB
tatbiqlan	VERB
tati	VERB
tatil	NOUN,VERB
tatilla	VERB
tatillan	VERB
tatim	NOUN
tatin	NOUN,VERB
tatneft	NOUN
tattaresku	NOUN
tatuirovka	NOUN
tatyana	NOUN
tavajjuh	NOUN
tavajjux	NOUN
tavakkal	NOUN
tavakkala	NOUN
tavakkalci	NOUN
tavakkalcilik	NOUN
tavakkalxon	NOUN
tavakkuf	NOUN
tavallo	NOUN
tavallud	NOUN
tavan	NOUN
tavanboşi	NOUN
tavanca	NOUN
tavanci	NOUN
tavanxona	NOUN
tavaqa	NOUN
tavar	NOUN
tavarboy	NOUN
tavarik	NOUN
tavba	NOUN
tavbaxon	NOUN
tavfiq	NOUN
tavfiqjon	NOUN
tavhid	NOUN
tavhidaxon	NOUN
tavhiddin	NOUN
tavhir	NOUN
tavila	NOUN
tavir	NOUN
taviya	NOUN
taviyaxon	NOUN
tavkar	NOUN
tavkargir	NOUN
tavla	NOUN
tavo	NOUN
tavoci	NOUN
tavof	NOUN
tavon	NOUN
tavona	NOUN
tavonboy	NOUN
tavongar	NOUN
tavongir	NOUN
tavoze	NOUN,VERB
tavozela	VERB
tavozelan	VERB
tavoş	NOUN
tavq	NOUN
tavqora	NOUN
tavr	NOUN
tavriysk	NOUN
tavrot	NOUN
tavsan	NOUN
tavsanoy	NOUN
tavsif	NOUN,VERB
tavsifla	VERB
tavsiflan	VERB
tavsifnoma	NOUN
tavsiya	NOUN
tavsiyanoma	NOUN
tavtologiya	NOUN
tavuk	NOUN
tavur	NOUN
tavurmiza	NOUN
tavurqul	NOUN
tavurxoja	NOUN
tavziha	NOUN
tax	NOUN
taxallus	NOUN
taxassus	NOUN,VERB
taxassusla	VERB
taxassuslan	VERB
taxiarcopolos	NOUN
taxiatoş	NOUN
taxir	NOUN,VERB
taxirlaş	VERB
taxirlik	NOUN
taxla	NOUN,VERB
taxlam	NOUN
taxlan	VERB
taxlat	VERB
taxlattir	VERB
taxlaş	VERB
taxlid	NOUN
taxlit	NOUN
taxlo	NOUN
taxlog	NOUN
taxloglik	NOUN
taxmin	ADJ,ADV,NOUN,VERB
taxmina	NOUN
taxminan	ADV,NOUN
taxminiy	ADJ,NOUN
taxminla	VERB
taxminlan	VERB
taxminlat	VERB
taxmon	NOUN
taxometr	NOUN
taxr	ADJ
taxt	NOUN,VERB
taxta	NOUN,VERB
taxtaband	NOUN
taxtakac	NOUN,VERB
taxtakacla	VERB
taxtakoprik	NOUN
taxtala	VERB
taxtapul	NOUN
taxtaqoraca	NOUN
taxtiravon	NOUN
taxtla	VERB
taxurar	NOUN
tay	NOUN
taya	VERB
tayammum	NOUN
tayan	NOUN,VERB
tayanc	NOUN
tayancboy	NOUN
tayanciq	NOUN
tayanil	VERB
tayaniş	VERB
tayantir	VERB
tayfin	NOUN,VERB
tayfinla	VERB
tayfun	NOUN
tayfura	NOUN
tayga	NOUN
tayib	NOUN
tayil	NOUN
tayin	NOUN,VERB
tayinla	VERB
tayinlan	VERB
tayinlik	NOUN
tayirove	NOUN
tayjon	NOUN
tayloq	NOUN
taylor	NOUN
taym	NOUN
tayol	NOUN
tayoq	NOUN,VERB
tayoqca	NOUN
tayoqla	VERB
tayoqlan	VERB
tayoqlat	VERB
tayoqlattir	VERB
tayoqlaş	VERB
tayoqli	NOUN
taypang	VERB
taypangla	VERB
taypey	NOUN
taypoq	NOUN,VERB
taypoqla	VERB
taypoqlaş	VERB
taysal	VERB
taysalla	VERB
tayvan	NOUN
tayyor	ADJ,NOUN,VERB
tayyorgar	NOUN
tayyorgar\cilik	NOUN
tayyorgarcilik	NOUN
tayyorgarlik	NOUN
tayyorgarliksiz	NOUN
tayyorla	VERB
tayyorlan	VERB
tayyorlantir	VERB
tayyorlat	VERB
tayyorlattir	VERB
tayyorlaş	VERB
tayyorlik	NOUN
tayyorlo	NOUN
tayyorlov	NOUN
tayyorlovci	NOUN
tayzan	NOUN
tazarruv	NOUN
tazim	NOUN,VERB
tazima	NOUN
tazimla	VERB
tazir	NOUN
taziya	NOUN
taziyaci	NOUN
taziyanoma	NOUN
taziyaxona	NOUN
taziyq	NOUN
tazkira	NOUN
tazkiraci	NOUN
tazkiracilik	NOUN
tazkiya	NOUN
tazmin	NOUN
tazod	NOUN
tazyiq	NOUN
taş	NOUN
taşabbus	NOUN
taşabbusci	NOUN
taşabbuskor	NOUN
taşabbuskorlik	NOUN
taşahhud	NOUN
taşakkur	INTJ,NOUN
taşakkurnoma	NOUN
taşakkurot	NOUN
taşal	NOUN
taşaş	VERB
taşbih	NOUN
taşdid	NOUN
taşi	VERB
taşil	VERB
taşin	VERB
taşit	VERB
taşittir	VERB
taşiş	VERB
taşki	NOUN
taşkil	NOUN
taşkilot	NOUN
taşkilotci	NOUN
taşkilotcilik	NOUN
taşla	ADJ,NOUN,VERB
taşlan	VERB
taşlandi	ADJ,NOUN
taşlandiq	ADJ
taşlanil	VERB
taşlaniş	VERB
taşlat	VERB
taşlattir	VERB
taşlayoz	VERB
taşlaş	VERB
taşma	NOUN,VERB
taşmaci	NOUN
taşmala	VERB
taşmalat	VERB
taşna	ADJ,NOUN
taşnalik	NOUN
taşqari	AUX,NOUN
taşqarida	ADV
taşqaridan	ADV
taşqariga	ADV
taşqi	ADJ,NOUN,VERB
taşqila	VERB
taşravot	NOUN
taşrif	NOUN
taşrifa	NOUN
taşrifjon	NOUN
taştan	NOUN
taşu	NOUN
taşuvci	NOUN
taşvik	NOUN
taşviq	NOUN
taşviqot	NOUN
taşviqotci	NOUN
taşviqotcilik	NOUN
taşviş	ADJ,NOUN
taşvişli	ADJ
taşxis	NOUN
tbenkama	NOUN
tearce	NOUN
teatr	NOUN,VERB
teatrlaş	VERB
teatrlaştir	VERB
teatrlaştiril	VERB
teatrşunos	NOUN
teatrşunoslik	NOUN
teberti	NOUN
tebra	NOUN,VERB
tebral	VERB
tebran	NOUN,VERB
tebrangic	NOUN
tebraniş	VERB
tebrat	VERB
tebratil	VERB
tebratiş	VERB
tebrattir	VERB
tebriz	NOUN
ted	NOUN
tedeyev	NOUN
tedeyeva	NOUN
teg	NOUN,VERB
tega	NOUN
tegajak	NOUN
tegajaklik	NOUN
tegajaq	NOUN
tegajaqlik	NOUN
tegajog	NOUN
tegajoglik	NOUN
tegana	NOUN
tegar	NOUN
tegarciq	NOUN
tegdir	VERB
tegdiril	VERB
tegil	VERB
tegin	NOUN,VERB
tegina	NOUN
tegirmon	NOUN
tegirmonci	NOUN
tegirmoncilik	NOUN
tegirmontoş	NOUN
tegiz	VERB
tegizdir	VERB
tegiş	NOUN,VERB
tegişli	ADJ,ADV,NOUN
tegişlica	ADV,NOUN
tegişlik	NOUN
tegişqoq	NOUN
tegişqoqlik	NOUN
tegla	VERB
teglik	NOUN
tegra	NOUN
tehran	NOUN
tehron	NOUN
teja	NOUN,VERB
tejab-terga	VERB
tejal	VERB
tejam	NOUN
tejamkor	NOUN
tejamkorlik	NOUN
tejamli	NOUN
tejamlilik	NOUN
tejamsiz	NOUN
tejamsizlik	NOUN
tejat	VERB
tejattir	VERB
tejaş	VERB
tejog	NOUN
tejoglik	NOUN
tek	ADV,INTJ
tekerlek	NOUN
tekeş	NOUN
tekin	ADJ,NOUN
tekinga	ADV
tekiniga	ADV
tekinlik	NOUN
tekinxor	ADJ,NOUN
tekinxorlik	NOUN
tekinxur	NOUN
tekinxurlik	NOUN
tekirda	NOUN
tekis	ADJ,NOUN,VERB
tekisci	NOUN
tekiscilik	NOUN
tekisla	NOUN,VERB
tekislagic	NOUN
tekislan	VERB
tekislat	VERB
tekislattir	VERB
tekislaş	VERB
tekislik	NOUN
tekislo	NOUN
tekislovci	NOUN
tekissiz	NOUN
tekissizlik	NOUN
tekkiz	VERB
tekkizil	VERB
tekpolat	NOUN
teksas	NOUN
tekst	NOUN
tekstil	NOUN
tekstilci	NOUN
tekstolog	NOUN
tekstologik	NOUN
tekstologiya	NOUN
tektonika	NOUN
tektur	NOUN
tekşir	NOUN,VERB
tekşiril	VERB
tekşiriş	VERB
tekşirt	VERB
tekşirtir	VERB
tekşiruvci	NOUN
telalovic	NOUN
telba	ADJ,ADV,NOUN,VERB
telba-teskari	ADJ
telbala	VERB
telbalan	VERB
telbalarca	ADV
telbalik	NOUN
telbanamo	ADJ
telefaks	NOUN
telefikatsiya	VERB
telefikatsiyala	VERB
telefon	NOUN,VERB
telefonboz	NOUN
telefonbozlik	NOUN
telefonci	NOUN
telefonist	NOUN
telefonistka	NOUN
telefonlaş	VERB
telefonlaştir	VERB
telefonlaştiril	VERB
telefonogramma	NOUN
telegraf	NOUN
telegrafist	NOUN
telegrafiya	NOUN
telegramma	NOUN
teleinssenirovka	NOUN
telejka	NOUN
telekom	NOUN
telekommunikatsiya	NOUN
telekompaniya	NOUN
teleks	NOUN
telemarafon	NOUN
telemarkaz	NOUN
telemarketing	NOUN
telemexanika	NOUN
teleskop	NOUN
teleskopik	NOUN
telestudiya	NOUN
teletasvir	NOUN
teletayp	NOUN
teletomoşabin	NOUN
televideniye	NOUN
televizor	NOUN
televizorci	NOUN
telli	NOUN
telmir	NOUN
telmon	NOUN
telo	NOUN
telogreyka	NOUN
telpak	NOUN
telpakci	NOUN
telpakdoz	NOUN
telpakdozli	NOUN
telpakdozlik	NOUN
telpakduz	NOUN
tem	NOUN
tema	NOUN
tematika	NOUN
tembr	NOUN
temir	NOUN,VERB
temira	NOUN
temirali	NOUN
temiratki	NOUN
temirbek	NOUN
temirberdi	NOUN
temirci	NOUN
temircilik	NOUN
temirfayyoz	NOUN
temirgaliyev	NOUN
temirgaliyeva	NOUN
temirgozi	NOUN
temirgul	NOUN
temirla	VERB
temirlaş	VERB
temirmalik	NOUN
temirmirza	NOUN
temirniyoz	NOUN
temirpolat	NOUN
temirqozi	NOUN
temirqoziq	NOUN
temirqul	NOUN
temirqutlug	NOUN
temirsayid	NOUN
temirsulton	NOUN
temirtak	NOUN
temirtau	NOUN
temirtoy	NOUN
temirtoş	NOUN
temirturdi	NOUN
temirxoja	NOUN
temirxon	NOUN
temirşo	NOUN
temp	NOUN
temperament	NOUN
temperatura	NOUN
temur	NOUN
temurat	NOUN
temuriy	NOUN
temuriylar	NOUN
tendensioz	NOUN
tendensiozlik	NOUN
tendensiya	NOUN
tenerife	NOUN
teng	ADJ,NOUN,VERB
tengcilik	NOUN
tengdoş	NOUN
tengdoşlik	NOUN
tengiz	NOUN
tengizboy	NOUN
tengkun	NOUN
tengkunlik	NOUN
tengla	NOUN,VERB
tenglama	NOUN
tenglan	VERB
tenglaş	NOUN,VERB
tenglaştir	VERB
tenglaştiril	VERB
tengli	NOUN
tenglik	NOUN
tengri	NOUN
tengsa	VERB
tengsal	VERB
tengsi	VERB
tengsit	VERB
tengsiz	ADJ,NOUN
tengsizlik	NOUN
tennessee	NOUN
tennessi	NOUN
tennis	NOUN
tennisci	NOUN
tenniska	NOUN
tenor	NOUN
tent	NOUN
tentak	ADJ,ADV,NOUN,VERB
tentaklan	VERB
tentaklarca	ADV
tentaklaş	VERB
tentaklik	NOUN
tentaknamo	ADJ
tentakquş	NOUN
tentaksoy	NOUN
tenti	NOUN,VERB
tentira	VERB
tentirakla	VERB
tentirat	VERB
tentiraş	VERB
teodolit	NOUN
teodor	NOUN
teodoresku	NOUN
teodori	NOUN
teodoro	NOUN
teodorovic	NOUN
teofipol	NOUN
teofrast	NOUN
teolog	NOUN
teologiya	NOUN
teorema	NOUN
teoriya	NOUN
tep	ADJ,NOUN,VERB
tep-tekis	ADJ
tepa	NOUN,VERB
tepakal	ADJ,NOUN
tepala	VERB
tepalan	VERB
tepalat	VERB
tepalik	NOUN
tepasida	AUX
tepci	VERB
tepcik	NOUN
tepcikci	NOUN
tepcila	VERB
tepcit	VERB
tepcittir	VERB
tepciş	VERB
tepin	VERB
tepiniş	VERB
tepintir	VERB
tepki	NOUN
tepkila	VERB
tepkilan	VERB
tepkilat	VERB
tepkilaş	VERB
tepkilik	NOUN
teplik	NOUN
teplitsa	NOUN
teplodar	NOUN
teplofikatsiya	NOUN
teplotexnika	NOUN
teplovoz	NOUN
teplovozsoz	NOUN
teplovozsozlik	NOUN
teploxod	NOUN
tepongic	ADJ,NOUN
tepsic	NOUN
teptir	VERB
ter	ADJ,NOUN,VERB
teraios	ADJ
terak	NOUN
terakzor	NOUN
teran	NOUN,VERB
teranla	VERB
teranlaş	VERB
teranlaştir	VERB
teranlaştiril	VERB
teranlik	NOUN
terapevt	NOUN
terapiya	NOUN
teratologiya	NOUN
teraver	VERB
terdir	VERB
terdiril	VERB
terdirtir	VERB
terebovla	NOUN
terehov	NOUN
terehova	NOUN
terek	NOUN
terentyev	NOUN
terentyeva	NOUN
terenyev	NOUN
terenyeva	NOUN
teresva	NOUN
tereza	NOUN
terezine	NOUN
tereşcenko	NOUN
terga	VERB
tergal	VERB
tergo	NOUN
tergov	NOUN
tergovci	NOUN
tergovcilik	NOUN
teri	NOUN
terifuruş	NOUN
teril	VERB
terim	NOUN
terimci	NOUN
teriş	VERB
teriştir	VERB
terla	VERB
terlat	VERB
terlaş	VERB
terlik	NOUN
term	NOUN
terma	ADJ,NOUN,VERB
termaci	NOUN,VERB
termacila	VERB
termakaş	NOUN
termala	VERB
termci	NOUN
termil	VERB
termiliş	VERB
termiltir	VERB
termin	NOUN
terminal	NOUN
terminator	NOUN
terminologiya	NOUN
termit	NOUN
termiz	NOUN
termodinamik	NOUN
termodinamika	NOUN
termoelektr	NOUN
termograf	NOUN
termometr	NOUN
termos	NOUN
termoyadro	NOUN
terni	NOUN
ternopil	NOUN
terrarium	NOUN
terrasa	NOUN
terrenkur	NOUN
territoriya	NOUN
terror	NOUN
terrorci	NOUN
terrorcilik	NOUN
terrorist	NOUN
terrorizm	NOUN
terry	NOUN
ters	ADJ,NOUN
tersak	NOUN
terselic	NOUN
terskai	NOUN
terskailik	NOUN
terskay	ADJ,NOUN
terslik	NOUN
tersoqar	NOUN
tert	NOUN
teruel	NOUN
teruvci	NOUN
terzic	NOUN
terzimehic	NOUN
tesanovic	NOUN
tesic	NOUN
teskari	ADJ,ADV,NOUN
teskarici	NOUN
teskaricilik	NOUN
teskarilik	NOUN
teskarisiga	ADV,NOUN
teslenko	NOUN
teslic	NOUN
test	NOUN
tetik	ADJ,NOUN
tetiklik	NOUN
tetiyiv	NOUN
tetovo	NOUN
tetraedr	NOUN
tetralogiya	NOUN
teva	VERB
tevala	VERB
tevalaş	VERB
tevarak	NOUN,VERB
tevarakla	VERB
tevfik	NOUN
texas	NOUN
texnika	NOUN
texnikum	NOUN
texnolog	NOUN
texnologiya	NOUN
teyipov	NOUN
teymiyye	NOUN
tez	ADJ,ADV,NOUN,VERB
tez-tez	ADV
tezak	NOUN,VERB
tezakla	VERB
tezaklat	VERB
tezakxona	NOUN
tezaurus	NOUN
tezda	ADV
tezgizak	NOUN
tezguzar	NOUN
tezic	NOUN
tezik	NOUN,VERB
teziktir	VERB
teziktiril	VERB
tezis	NOUN
tezkor	ADJ,NOUN
tezkorlik	NOUN
tezla	NOUN,VERB
tezlan	VERB
tezlantir	VERB
tezlantiril	VERB
tezlat	NOUN,VERB
tezlat\kic	NOUN
tezlatil	VERB
tezlatkic	NOUN
tezlattir	VERB
tezlaş	VERB
tezlaştir	VERB
tezlik	NOUN
tezlikda	ADV
tezob	NOUN,VERB
tezobla	VERB
tezoblan	VERB
tezoqar	ADJ
tezpişar	ADJ
tezroq	ADV
tezze	NOUN
teş	NOUN,VERB
teşa	NOUN,VERB
teşaali	NOUN
teşaboy	NOUN
teşagul	NOUN
teşala	VERB
teşaqozi	NOUN
teşaqul	NOUN
teşavoy	NOUN
teşaxoja	NOUN
teşik	NOUN
teşiktoş	NOUN
teşil	VERB
teştir	VERB
tfu	IMIT
theodhori	NOUN
thomas	NOUN
thuringia	NOUN
ti/moq	VERB
ti/moqla	VERB
ti/moqlaş	VERB
tiananmen	NOUN
tib	NOUN
tibb	NOUN
tibbiyot	NOUN
tibet	NOUN
tibilisi	NOUN
tibiniso	NOUN
ticic	NOUN
tien	NOUN
tienjin	NOUN
tif	NOUN
tig	ADJ,NOUN
tiga	NOUN,VERB
tigel	NOUN
tigiz	NOUN,VERB
tigizla	VERB
tigizlan	VERB
tigizlat	VERB
tigizlaş	VERB
tigizlaştir	VERB
tigizlik	NOUN
tigli	ADJ
tihic	NOUN
tihomir	NOUN
tihonov	NOUN
tihonova	NOUN
tijorat	ADJ,NOUN
tijoratci	NOUN
tijoratxona	NOUN
tik	ADJ,ADV,NOUN,VERB
tikan	NOUN
tikanak	NOUN
tikanzor	NOUN
tikil	VERB
tikiliş	VERB
tikilla	VERB
tikiltir	VERB
tikiş	VERB
tikka	ADV,NOUN,VERB
tikkala	VERB
tikkalan	VERB
tikkalik	NOUN
tikkama-tikka	ADV
tikkasiga	ADV
tikkay	VERB
tikkaytir	VERB
tikl	VERB
tikla	VERB
tiklab	ADV
tiklan	VERB
tiklat	VERB
tiklattir	VERB
tiklaş	VERB
tiklaştir	VERB
tikozak	NOUN
tikray	VERB
tikrayt	VERB
tikraytir	VERB
tikrit	NOUN
tiktir	VERB
tiktirtir	VERB
tikuv	NOUN
tikuvci	NOUN
tikuvcilik	NOUN
til	NOUN,VERB
tila	NOUN,VERB
tilab	NOUN
tilabberdi	NOUN
tilaboldi	NOUN
tilabqul	NOUN
tilabxoja	NOUN
tilagan	NOUN
tilak	NOUN
tilakberdi	NOUN
tilakdoş	NOUN
tilakmirza	NOUN
tilakmurod	NOUN
tilaknoma	NOUN
tilan	NOUN,VERB
tilanboy	NOUN
tilanci	NOUN
tilancilik	NOUN
tilaniş	VERB
tilantir	VERB
tilaş	NOUN,VERB
tilaşali	NOUN
tilaşboy	NOUN
tilaşqul	NOUN
tilca	NOUN
tilci	NOUN
tilci\	NOUN
tilcilik	NOUN
tildir	VERB
tildirtir	VERB
tileşov	NOUN
tilik	NOUN,VERB
tilikla	VERB
tiliklan	VERB
tiliklat	VERB
tilim	NOUN,VERB
tilimla	VERB
tilimlan	VERB
tilimlat	VERB
tilin	VERB
tilip	NOUN
tiliş	VERB
tilişla	VERB
tilka	NOUN,VERB
tilka-pora	ADJ
tilkala	VERB
tilkalan	VERB
tilkalat	VERB
tilkalaş	VERB
tilla	NOUN,VERB
tillaaziz	NOUN
tillabek	NOUN
tillabeka	NOUN
tillaberdi	NOUN
tillabibi	NOUN
tillabuvi	NOUN
tillabuviş	NOUN
tilladozi	NOUN
tillagozal	NOUN
tillagul	NOUN
tillajamol	NOUN
tillakamar	NOUN
tillakor	NOUN
tillakori	NOUN
tillakoş	NOUN
tillala	VERB
tillalan	VERB
tillamirza	NOUN
tillamuhammad	NOUN
tillamurod	NOUN
tillanazar	NOUN
tillaniso	NOUN
tillapolat	NOUN
tillaqongiz	NOUN
tillaqozi	NOUN
tillaqoş	NOUN
tillaqul	NOUN
tillarahim	NOUN
tillaxoja	NOUN
tillaş	VERB
tillaşayx	NOUN
tillerson	NOUN
tillo	NOUN
tilma	VERB
tilmala	VERB
tilmoc	NOUN
tilmoclik	NOUN
tilogoc	NOUN
tilov	NOUN
tilovat	NOUN
tilovbek	NOUN
tilovbeka	NOUN
tilovberdi	NOUN
tilovbergan	NOUN
tilovboy	NOUN
tilovmirza	NOUN
tilovmuhammad	NOUN
tilovmurod	NOUN
tilovniyoz	NOUN
tilovoldi	NOUN
tilovqobul	NOUN
tilovqul	NOUN
tilovxoja	NOUN
tilovxon	NOUN
tilsim	NOUN,VERB
tilsimla	VERB
tilsimot	NOUN
tilsiz	VERB
tilsizla	VERB
tilsizlan	VERB
tilxat	NOUN
tilyoglama	ADJ,NOUN
tilyoglamaci	NOUN
tilyoglamacilik	NOUN
tilyoglamalik	NOUN
tilşunos	NOUN
tilşunoslik	NOUN
tim	NOUN,PRT
timbek	NOUN
timbon	NOUN
timcenko	NOUN
timda	VERB
timdala	VERB
timdalan	VERB
timdalat	VERB
timdalaş	VERB
time	NOUN
times	NOUN
timirski	VERB
timirskila	VERB
timirskilan	VERB
timirskilat	VERB
timirskilaş	VERB
timo	NOUN
timofeyevka	NOUN
timor	NOUN
timoşenko	NOUN
timsoh	NOUN
timsol	NOUN
timsox	NOUN
timta	VERB
timtala	VERB
timtalan	VERB
timtalaş	VERB
timtiq	NOUN
timur	NOUN
tin	ADJ,ADV,NOUN,VERB
tina	NOUN
tinc	ADJ,ADV,NOUN,VERB
tinc-totuv	ADJ
tincar	NOUN
tincerov	NOUN
tincerova	NOUN
tinci	NOUN,VERB
tinciboy	NOUN
tincir	NOUN
tincit	NOUN,VERB
tinciş	VERB
tincla	VERB
tinclan	VERB
tinclantir	VERB
tinclat	VERB
tinclik	ADJ,ADV,NOUN
tinclikca	ADV,NOUN
tincliksevar	ADJ,NOUN
tincliksevarlik	NOUN
tincliniso	NOUN
tincsiz	VERB
tincsizla	VERB
tincsizlan	VERB
tincsizlantir	VERB
tinda	VERB
tindala	VERB
tindir	NOUN,VERB
tindirgic	NOUN
tindiril	VERB
tindixon	NOUN
ting	NOUN,VERB
tingilla	VERB
tingillat	VERB
tingla	VERB
tinglo	NOUN
tinglovci	NOUN
tini	VERB
tinib-tinci	VERB
tinicboy	NOUN
tinim	NOUN
tinimsiz	NOUN
tinimsizlik	NOUN
tiniq	ADJ,NOUN,VERB
tiniqgul	NOUN
tiniqla	VERB
tiniqlan	VERB
tiniqlaş	VERB
tiniqlik	NOUN
tiniqoy	NOUN
tiniqtir	VERB
tinit	VERB
tinitil	VERB
tinittir	VERB
tiniş	NOUN,VERB
tinişbek	NOUN
tinka	NOUN
tinlik	NOUN
tinmay	ADV
tint	NOUN
tinti	VERB
tintiş	VERB
tintuv	NOUN
tip	NOUN
tipik	NOUN,VERB
tipikla	VERB
tipiklaş	VERB
tipiklaştir	VERB
tipiklaştiril	VERB
tipiklik	NOUN
tipir	NOUN,VERB
tipirci	VERB
tipircik\	NOUN
tipircila	VERB
tipircilan	VERB
tipircilat	VERB
tipircilaş	VERB
tipirla	VERB
tipirlat	VERB
tipirlaş	VERB
tipografiya	NOUN
tipovom	NOUN
tipratikan	NOUN
tipsarevic	NOUN
tiq	ADJ,NOUN,VERB
tiq-tiq	IMIT
tiqaver	VERB
tiqil	ADJ,NOUN,VERB
tiqilinc	ADJ,NOUN
tiqiliş	VERB
tiqiliştir	VERB
tiqilla	VERB
tiqillat	VERB
tiqiltir	VERB
tiqin	NOUN
tiqinlik	NOUN
tiqir	VERB
tiqir-tiqir	IMIT
tiqirla	VERB
tiqirlat	VERB
tiqiş	VERB
tiqiştir	VERB
tiqmacok	NOUN
tiqtir	VERB
tir	NOUN,VERB
tira	NOUN,VERB
tiragic	NOUN
tiraj	NOUN
tirak	NOUN,VERB
tirakboy	NOUN
tirakla	VERB
tiral	VERB
tiraltir	VERB
tiran	VERB
tirana	NOUN
tirandoz	NOUN
tiraniş	VERB
tiraqay	VERB
tiraqayla	VERB
tiraspol	NOUN
tiraş	VERB
tirband	NOUN
tirbandlik	NOUN
tirboy	NOUN
tirdod	NOUN
tire	NOUN
tirgak	VERB
tirgakla	VERB
tirgan	VERB
tirgancik	NOUN
tirganoq	NOUN
tirgaron	NOUN
tirgavuc	NOUN
tirgiz	VERB
tirgizil	VERB
tirik	ADJ,ADV,NOUN
tirikcilik	NOUN
tirikjon	NOUN
tiriklay	ADV
tiriklayin	ADV
tiriklig	NOUN
tirikligi	NOUN
tirikligica	ADV,NOUN
tiriklik	NOUN
tirikmirza	NOUN
tirikmuhammad	NOUN
tiriktovon	NOUN
tiril	VERB
tirilla	VERB
tirillat	VERB
tiriltir	VERB
tirinka	NOUN
tiriq	VERB
tiriqla	VERB
tiriqlat	VERB
tiriqtir	VERB
tiriqul	NOUN
tiriş	ADJ,NOUN,VERB
tirişbek	NOUN
tirişib-tirmaş	VERB
tirişiq	ADJ
tirişqoq	ADJ,NOUN
tirişqoqlik	NOUN
tirişqul	NOUN
tiriştir	VERB
tirjay	VERB
tirjaytir	VERB
tirka	NOUN,VERB
tirkaboy	NOUN
tirkac	NOUN
tirkal	NOUN,VERB
tirkaliş	VERB
tirkalma	NOUN
tirkaltir	VERB
tirkaluvci	NOUN
tirkat	VERB
tirkaş	NOUN,VERB
tirkaşali	NOUN
tirkaştir	VERB
tirkaşxoja	NOUN
tirkiş	NOUN
tirkişla	VERB
tirkov	NOUN
tirkovci	NOUN
tirmala	VERB
tirmalan	VERB
tirmalat	VERB
tirmaş	NOUN,VERB
tirmaştir	VERB
tirmiz	NOUN
tirna	VERB
tirnal	VERB
tirnat	VERB
tirnaş	VERB
tirno	ADV,NOUN
tirnoq	ADV,NOUN
tirnoqca	ADV,NOUN
tirnoqgul	NOUN
tirol	NOUN
tirq	VERB
tirqira	VERB
tirqirat	VERB
tirqiş	NOUN
tirr	NOUN
tirrak	NOUN
tirranca	NOUN
tirriq	NOUN
tirriqlik	NOUN
tirs	NOUN,VERB
tirs-tirs	IMIT
tirsak	NOUN,VERB
tirsakboy	NOUN
tirsakla	VERB
tirsaklaş	VERB
tirsilla	VERB
tirsillat	VERB
tirtay	VERB
tirtiq	NOUN
tirtiqlik	NOUN
tirtiş	VERB
tisar	VERB
tisaril	VERB
tisart	VERB
tisartir	VERB
tisla	VERB
tislan	VERB
tislat	VERB
tismenitsa	NOUN
tiss	NOUN
tit	VERB
titan	NOUN
title	NOUN
titov	NOUN
titova	NOUN
titovic	NOUN
titra	NOUN
titrak	NOUN
titro	ADJ,NOUN
titroq	ADJ,NOUN
titul	NOUN
titus	NOUN
tivriv	NOUN
tixi	NOUN
tixir	NOUN
tixirlik	NOUN
tixomir	NOUN
tiy	VERB
tiyanic	NOUN
tiyardovic	NOUN
tiyin	NOUN
tiyinlik	NOUN
tiyiq	NOUN
tiynat	NOUN
tiyrak	NOUN
tiyraklik	NOUN
tiz	ADJ,NOUN,VERB
tizgi	VERB
tizgin	NOUN,VERB
tizginla	VERB
tizginlan	VERB
tizgit	VERB
tizil	VERB
tiziliş	VERB
tizilla	VERB
tizillat	VERB
tiziltir	VERB
tizim	ADJ,NOUN
tizimca	NOUN
tizimgul	NOUN
tizimli	ADJ
tiziş	VERB
tizza	NOUN,VERB
tizzala	VERB
tiş	ADJ,NOUN
tişcenko	NOUN
tişi	NOUN
tişla	NOUN
tişlam	NOUN
tişlik	NOUN
tişlo	ADJ,NOUN
tişlon	NOUN
tişlongic	ADJ,NOUN
tişqoncup	NOUN
tişsiz	NOUN
tişsizlik	NOUN
tlumac	NOUN
tmen	NOUN
to	AUX,NOUN
toat	NOUN
tob	NOUN
tobaqay	NOUN
tobe	NOUN
tobelik	NOUN
tobicoq	NOUN
toblik	NOUN
tobolsk	NOUN
tobon	NOUN
tobora	ADV,NOUN
tobulgi	NOUN
tobut	NOUN
tobutci	NOUN
tobutkaş	NOUN
tobutsoz	NOUN
tobutsozlik	NOUN
tobutxona	NOUN
toda	NOUN,VERB
todaboz	NOUN
todabozlik	NOUN
todakaş	NOUN
todakol	NOUN
todala	VERB
todalan	VERB
todalat	VERB
todalattir	VERB
todalaş	VERB
todalaştir	VERB
todalog	NOUN
todaloglik	NOUN
todalogliq	NOUN
todic	NOUN
todoric	NOUN
todorov	NOUN
todorova	NOUN
todorovic	NOUN
todorovskiy	NOUN
todovic	NOUN
todurov	NOUN
todurova	NOUN
tofa	NOUN
tofaniso	NOUN
tofaxon	NOUN
tofon	NOUN
tog	ADJ,NOUN
toga	NOUN
togabek	NOUN
togali	NOUN
togamat	NOUN
togamuhammad	NOUN
togamurod	NOUN
togan	NOUN
togarak	NOUN,VERB
togarakcilik	NOUN
togarakla	VERB
togaraklan	VERB
togatmat	NOUN
togay	NOUN
togayali	NOUN
togaygul	NOUN
togaymamat	NOUN
togaymirza	NOUN
togaymuhammad	NOUN
togaymurod	NOUN
togaynazar	NOUN
togayniyoz	NOUN
togayqiz	NOUN
togayqozi	NOUN
togaytemir	NOUN
togboy	NOUN
togcumcuq	NOUN
togday	ADJ
togiz	NOUN
togjon	NOUN
toglik	NOUN
toglola	NOUN
togmat	NOUN
togmuhammad	NOUN
togna	VERB
tognal	VERB
togno	NOUN
tognogic	NOUN
togo	NOUN
togolca	NOUN
togon	NOUN,VERB
togonca	NOUN
togonla	VERB
togonmirza	NOUN
togonmurod	NOUN
togonoq	NOUN
togontugdi	NOUN
togora	NOUN
togoraca	NOUN
togoy	NOUN
togra	NOUN,VERB
togral	VERB
togram	NOUN
togramci	VERB
togramcila	VERB
tograt	VERB
tograş	VERB
togri	ADJ,NOUN,PRT,VERB
togridan-togridan	ADV
togrila	NOUN,VERB
togrilagic	NOUN
togrilan	VERB
togrilat	VERB
togrilattir	VERB
togrilik	NOUN
togrilikca	NOUN
togrirogi	PRT
togrisi	NOUN,PRT
togrisida	ADV,AUX
togrul	NOUN
togterak	NOUN
togtoş	NOUN
toguzum	NOUN
tohir	NOUN
tohira	NOUN
tohirjon	NOUN
tohirqul	NOUN
tohta	VERB
tohti	NOUN
toib	NOUN
toiba	NOUN
toifa	ADJ,NOUN
toifali	ADJ
toifaxon	NOUN
toimbek	NOUN
toir	NOUN
toira	NOUN
toj	NOUN
tojbaxş	NOUN
toji	NOUN
tojiahmad	NOUN
tojiali	NOUN
tojialo	NOUN
tojianor	NOUN
tojibanot	NOUN
tojibasar	NOUN
tojibibi	NOUN
tojibor	NOUN
tojibuvi	NOUN
tojiddin	NOUN
tojigozal	NOUN
tojigul	NOUN
tojik	NOUN
tojikboy	NOUN
tojikiston	NOUN
tojiklar	NOUN
tojim	NOUN
tojimamat	NOUN
tojiman	NOUN
tojimat	NOUN
tojimirza	NOUN
tojimuhammad	NOUN
tojimurod	NOUN
tojiniso	NOUN
tojiniyoz	NOUN
tojinor	NOUN
tojinur	NOUN
tojioxun	NOUN
tojipoşşa	NOUN
tojiqiz	NOUN
tojiqozi	NOUN
tojiqul	NOUN
tojir	NOUN
tojira	NOUN
tojirahim	NOUN
tojitilla	NOUN
tojiumar	NOUN
tojixalil	NOUN
tojixoja	NOUN
tojixol	NOUN
tojixurran	NOUN
tojiyaqub	NOUN
tojiyoqub	NOUN
tojiyor	NOUN
tojizoda	NOUN
tojkeldi	NOUN
tojli	NOUN
tojliddin	NOUN
tojmamat	NOUN
tojmat	NOUN
tojmurod	NOUN
tojnabot	NOUN
tojnazar	NOUN
tojniyoz	NOUN
tojqul	NOUN
tojriddin	NOUN
tojtursun	NOUN
tojvor	NOUN
tojxol	NOUN
tok	ADJ,NOUN,VERB
toka	NOUN
tokar	NOUN
tokarep	NOUN
tokarlik	NOUN
tokat	NOUN
tokay	NOUN
tokbur	NOUN
tokburlik	NOUN
tokca	NOUN
tokcilik	NOUN
toki	CNJ,NOUN
tokic	NOUN
tokil	VERB
tokilon	NOUN
tokin	ADJ,NOUN
tokin-socin	ADJ
tokina	NOUN
tokincilik	NOUN
tokindi	NOUN
tokinlik	NOUN
tokis	NOUN,VERB
tokisla	VERB
tokislan	VERB
tokislik	NOUN
tokiş	VERB
tokkana	NOUN
tokluk	NOUN
tokma	NOUN
tokmaci	NOUN
tokmak	NOUN
toksin	NOUN
toktir	VERB
toktirgiz	VERB
toktiril	VERB
toktogul	NOUN
tokyo	NOUN
tokzor	NOUN
tol	ADJ,NOUN,VERB
tola	ADJ,NOUN,VERB
tolab	NOUN
tolabbergan	NOUN
tolabbibi	NOUN
tolaci	NOUN
tolacucuk	NOUN
tolagan	NOUN
tolaganoy	NOUN
tolak	NOUN
tolala	VERB
tolalan	VERB
tolalik	NOUN
tolamat	NOUN
tolamirza	NOUN
tolamiş	NOUN
tolamurod	NOUN
tolan	NOUN,VERB
tolandi	NOUN
tolaniso	NOUN
tolanmirza	NOUN
tolantoy	NOUN
tolanxon	NOUN
tolat	VERB
tolatil	VERB
tolattir	VERB
tolaxoja	NOUN
tolaş	NOUN,VERB
tolaşunos	NOUN
tolbargak	NOUN
tolboy	NOUN
tolciboy	NOUN
tolcovkon	NOUN
toldi	NOUN
toldiqdaryo	NOUN
toldir	NOUN,VERB
toldirgic	NOUN
toldiril	VERB
toldiriş	VERB
toldirtir	VERB
toldiruvci	NOUN
tole	NOUN
toledot	NOUN
tolerant	NOUN
tolerantlik	NOUN
tolesiz	NOUN
tolesizlik	NOUN
tolexon	NOUN
tolga	VERB
tolgan	NOUN,VERB
tolganiş	VERB
tolganoy	NOUN
tolgantir	VERB
tolgat	NOUN,VERB
tolgaz	VERB
tolgazdir	VERB
tolgazil	VERB
tolgaziş	VERB
tolgaş	NOUN
tolgin	NOUN,VERB
tolginlaş	VERB
tolgon	NOUN
tolgonoy	NOUN
tolgoq	NOUN
tolgul	NOUN
tolha	NOUN
tolhar	NOUN
toli	NOUN
tolib	NOUN,VERB
toliba	NOUN
tolibberdi	NOUN
tolibiddin	NOUN
toliblan	VERB
tolibxoja	NOUN
tolic	NOUN
toliha	NOUN
tolim	NOUN
tolin	ADJ,NOUN
tolinoy	NOUN
toliq	NOUN,VERB
toliqla	VERB
toliqoy	NOUN
toliqtir	VERB
toliya	NOUN
toliş	NOUN,VERB
toliştir	VERB
toljon	NOUN
tolkucuk	NOUN
tolli	NOUN
tollitoş	NOUN
tolma	NOUN
tolmas	NOUN
tolmat	NOUN
tolmurod	NOUN
tolnoz	NOUN
tolo	NOUN
tolov	NOUN
tolovci	NOUN
tolpopuk	NOUN
tolqin	ADJ,NOUN,VERB
tolqina	NOUN
tolqinbu	NOUN
tolqinla	VERB
tolqinlan	VERB
tolqinlantir	VERB
tolqinlat	VERB
tolqinniso	NOUN
tolqinoy	NOUN
tolqinsimon	ADJ
tolqinxoja	NOUN
tolqon	NOUN,VERB
tolqonla	VERB
tolqonlan	VERB
tolqonsayyot	NOUN
tolqozi	NOUN
tolstoy	NOUN
toltoy	NOUN
tolxon	NOUN
tolzor	NOUN
tom	ADJ,NOUN,VERB
tomanovic	NOUN
tomas	NOUN
tomasevic	NOUN
tomasson	NOUN
tomat	NOUN
tomaşpil	NOUN
tomci	NOUN,VERB
tomcic	NOUN
tomcila	VERB
tomcilan	VERB
tomcilat	VERB
tomdi	NOUN
tomdir	VERB
tomdirtir	VERB
tomenko	NOUN
tomesku	NOUN
tomgiz	VERB
tomic	NOUN
tomir	ADJ,NOUN,VERB
tomirla	VERB
tomirlan	VERB
tomirlaş	VERB
tomislav	NOUN
tomiz	ADJ,NOUN,VERB
tomizdir	VERB
tomizgi	ADJ,NOUN
tomizgic	NOUN
tomizgilik	NOUN
tomizim	NOUN
tomlik	NOUN
tomljenovic	NOUN
tomon	AUX,NOUN
tomonla	NOUN
tomonlama	NOUN
tomonlamalik	NOUN
tomonlik	NOUN
tomoq	NOUN
tomorqa	NOUN
tomoşa	NOUN
tomoşabin	NOUN
tomoşabinlik	NOUN
tomoşabog	NOUN
tomoşaci	NOUN
tomoşaxona	NOUN
tompson	NOUN
tomsic	NOUN
tomsk	NOUN
tomson	NOUN
tomtepar	NOUN
tomteşar	NOUN
tomtoq	NOUN
tomtoqlik	NOUN
ton	ADV,NOUN,VERB
tonci	NOUN
tondir	VERB
tong	NOUN,VERB
tonga	NOUN
tongak	NOUN
tongboy	NOUN
tongci	NOUN
tongciroq	NOUN
tongcolpon	NOUN
tongdir	VERB
tonggul	NOUN
tongic	ADJ,NOUN
tongicboy	NOUN
tongiz	NOUN
tongizlik	NOUN
tongiztaroq	NOUN
tongkeldi	NOUN
tongla	VERB
tonglik	NOUN
tongmas	NOUN
tongmat	NOUN
tongmuhammad	NOUN
tongnur	NOUN
tongotar	NOUN
tongotmiş	NOUN
tongoy	NOUN
tongpolat	NOUN
tongsuluv	NOUN
tongtoj	NOUN
tongyulduz	NOUN
toni	NOUN
tonino	NOUN
toniş	VERB
tonka	NOUN
tonkar	NOUN
tonkariş	NOUN
tonkarişlik	NOUN
tonkovic	NOUN
tonkoşkurov	NOUN
tonkoşkurova	NOUN
tonna	ADV,NOUN
tonnaj	NOUN
tonnalab	ADV
tonnel	NOUN
tonometr	NOUN
tonqator	NOUN
tontar	NOUN
tontarigliq	NOUN
tony	NOUN
top	ADJ,NOUN,VERB
top-top	IMIT
topa	NOUN
topagon	ADJ
topagonlik	NOUN
topagul	NOUN
topalang	NOUN
topalovic	NOUN
topaniso	NOUN
topar	NOUN
toparman	NOUN
toparmanlik	NOUN
toparmon	ADJ
topaver	VERB
topaxon	NOUN
topcagic	NOUN
topci	NOUN
topcic	NOUN
topcigul	NOUN
topcoq	NOUN
topdi	NOUN
topdiboy	NOUN
topdiq	NOUN
topgan	NOUN
topgul	NOUN
topiboldi	NOUN
topic	NOUN
topicoq	NOUN
topil	NOUN,VERB
topila	NOUN
topilboy	NOUN
topildi	NOUN
topildiq	NOUN
topilgan	NOUN
topilgon	NOUN
topilma	NOUN
topin	VERB
topintir	VERB
topiq	NOUN
topir	NOUN,VERB
topirla	VERB
topirlat	VERB
topiş	NOUN,VERB
topişmacoq	NOUN
topişmoq	NOUN
topişnor	NOUN
topişol	VERB
topiştir	VERB
topla	NOUN,VERB
toplam	NOUN
toplo	NOUN
toplovci	NOUN
toplu	NOUN
topograf	NOUN
topografik	ADJ
topografiq	NOUN
topografiya	NOUN
topolon	NOUN
topolonci	NOUN
topoloncilik	NOUN
topon	NOUN
toponim	NOUN
toponimika	NOUN
toponimiya	NOUN
toponimlar	NOUN
topor	NOUN
topori	ADJ,NOUN,VERB
toporilaş	VERB
topos	VERB
toposlan	VERB
topotar	NOUN
toppa-togri	ADJ
toppi	NOUN
topponca	NOUN
topqin	NOUN
topqinci	NOUN
topqir	ADJ,NOUN
topqirlik	NOUN
topqora	NOUN
topta	VERB
toptal	VERB
toptan	VERB
toptir	VERB
toptirgiz	VERB
toptoş	NOUN
topxona	NOUN
topşir	NOUN,VERB
topşirgiz	VERB
topşiril	VERB
topşiriq	NOUN
topşiriş	VERB
topşirma	NOUN
topşirtir	VERB
toq	ADJ,NOUN,VERB
toq-toq	IMIT
toqa	NOUN,VERB
toqaboy	NOUN
toqac	NOUN
toqala	VERB
toqat	NOUN
toqatli	NOUN
toqatlik	NOUN
toqatlilik	NOUN
toqatsiz	NOUN,VERB
toqatsizlan	VERB
toqatsizlantir	VERB
toqatsizlik	NOUN
toqay	NOUN
toqayiston	NOUN
toqaylik	NOUN
toqayzor	NOUN
toqayzorlik	NOUN
toqberdi	NOUN
toqboy	NOUN
toqciboy	NOUN
toqcilik	NOUN
toqciyon	NOUN
toqi	ADJ,NOUN,VERB
toqiddin	NOUN
toqil	NOUN,VERB
toqila	VERB
toqilla	VERB
toqillat	VERB
toqilma	NOUN
toqim	NOUN
toqima	ADJ,NOUN
toqimaci	NOUN
toqimacilik	NOUN
toqiuddin	NOUN
toqjon	NOUN
toqli	NOUN
toqliali	NOUN
toqlik	NOUN
toqlimirza	NOUN
toqlimurod	NOUN
toqlitoy	NOUN
toqman	NOUN
toqmangit	NOUN
toqmon	NOUN
toqmoq	NOUN
toqmor	NOUN
toqmuhammad	NOUN
toqmulla	NOUN
toqnaş	NOUN
toqnaşuv	NOUN
toqoc	NOUN
toqol	NOUN
toqollik	NOUN
toqolliq	NOUN
toqoyim	NOUN
toqqiz	NOUN,NUM
toqqizda	NUM
toqqizdaman	NUM
toqqizdan	NUM
toqqizga	NUM
toqqizinci	NUM
toqqizlab	NUM
toqqizlamci	NUM
toqqizlarca	NUM
toqqizlik	NOUN
toqqiznazar	NOUN
toqqizni	NUM
toqqizning	NUM
toqqizov	NUM
toqqizta	NUM
toqqiztaca	NUM
toqqiztadan	NUM
toqqiztepa	NOUN
toqqizxon	NOUN
toqqul	NOUN
toqsabo	NOUN
toqsabolik	NOUN
toqsaid	NOUN
toqsari	NOUN
toqson	NOUN,NUM
toqsonmurod	NOUN
toqsonoy	NOUN
toqsonqul	NOUN
toqsonsuluv	NOUN
toqsonxoja	NOUN
toqsonşarif	NOUN
toqtamiş	NOUN
toqtan	NOUN
toqtaş	NOUN
toqtemir	NOUN
toqtiboy	NOUN
toqton	NOUN
toqu	NOUN
toquv	NOUN
toquvci	NOUN
toquvcilik	NOUN
toqxoja	NOUN
tor	ADJ,NOUN,VERB
tora	NOUN
toraali	NOUN
torabeka	NOUN
toraberdi	NOUN
torabibi	NOUN
torabol	NOUN
torabuva	NOUN
torabuvi	NOUN
toraci	NOUN
toracilik	NOUN
toragul	NOUN
toralik	NOUN
toram	NOUN
toramamat	NOUN
toramat	NOUN
toramijoz	NOUN
toramirza	NOUN
toramuhammad	NOUN
toramurod	NOUN
toran	NOUN
toranazar	NOUN
toraniyoz	NOUN
toraoy	NOUN
torapoşşa	NOUN
toraqobil	NOUN
toraqozi	NOUN
toraqul	NOUN
toratoş	NOUN
toraturdi	NOUN
toraxoja	NOUN
toraxol	NOUN
toraxon	NOUN
toray	VERB
toraytir	VERB
toraytiril	VERB
toraş	NOUN
toraşxon	NOUN
torf	NOUN
torfzor	NOUN
torgay	NOUN
torgoq	NOUN
torim	NOUN
torimboy	NOUN
torino	NOUN
toriq	ADJ,NOUN
toriy	NOUN,VERB
toriyla	VERB
torkin	NOUN
torkinoy	NOUN
torlakovic	NOUN
torlan	VERB
torlik	NOUN
tormoz	NOUN,VERB
tormozla	VERB
tormozlan	VERB
tormozlik	NOUN
torob	NOUN
toroj	NOUN
toron	NOUN
toronto	NOUN
torpeda	NOUN
torqapcigay	NOUN
torqovoq	NOUN
torre	NOUN
tors	NOUN,VERB
torsari	NOUN
torsay	VERB
torsayiş	VERB
torsilla	VERB
torsiq	NOUN
torslik	NOUN
tort	ADJ,NOUN,NUM,VERB
tortala	NUM
tortburcak	NOUN
tortburcaklik	NOUN
tortda	NUM
tortdaman	NUM
tortdan	NUM
tortga	NUM
tortgul	NOUN
tortib	AUX
tortil	VERB
tortin	ADJ,NOUN,VERB
tortinci	NOUN,NUM
tortincoq	ADJ,NOUN
tortincoqlik	NOUN
tortiniş	VERB
tortinqira	VERB
tortiq	NOUN
tortiqjon	NOUN
tortiqlik	NOUN
tortiqxoja	NOUN
tortiş	NOUN,VERB
tortişma	NOUN
tortişmacoq	NOUN
tortiştir	VERB
tortişuv	NOUN
tortkol	NOUN
tortkoz	NOUN
tortlab	NUM
tortlamci	NOUN,NUM
tortlarca	NUM
tortlik	NOUN
tortma	NOUN
tortni	NUM
tortning	NUM
tortov	NUM,VERB
tortovlaş	VERB
tortqila	VERB
tortqilan	VERB
tortqilat	VERB
tortqilaş	VERB
tortta	NUM
torttaca	NUM
torttadan	NUM
torttir	VERB
torttiril	VERB
tortuli	NOUN
tortuvli	NOUN
torva	NOUN
torxaltator	NOUN
torxon	NOUN
tos	NOUN,VERB
tos-topolon	ADJ
tosatdan	ADV
tosic	NOUN
tosil	VERB
tosin	NOUN
tosinlik	NOUN
tosiq	ADJ,NOUN
tosiqlik	NOUN
tosiş	VERB
toskana	NOUN
tosqic	NOUN
tosqin	NOUN
tosqinci	NOUN
tosqincilik	NOUN
tosqinlik	NOUN
tosqovul	NOUN
tost	NOUN
tostik	NOUN
tostir	VERB
tostiril	VERB
tot	NOUN,VERB
totalitarizm	NOUN
totaykoy	NOUN
totem	NOUN
totemizm	NOUN
toti	NOUN
totibibi	NOUN
totigul	NOUN
totim	NOUN
totimomo	NOUN
totin	VERB
totiniso	NOUN
totiqiz	NOUN
totixol	NOUN
totiyo	NOUN
totli	NOUN
totliboy	NOUN
totlibu	NOUN
totlimurod	NOUN
totliniso	NOUN
totliq	NOUN
totliqoş	NOUN
totlisuluv	NOUN
totlixoja	NOUN
totorkulov	NOUN
totorkulova	NOUN
tottenham	NOUN
tottenxem	NOUN
totuk	NOUN
totuv	ADJ,NOUN,VERB
totuvcilik	NOUN
totuvlaş	VERB
totuvlik	NOUN
toulon	NOUN
toun	NOUN
tov	NOUN
tova	NOUN
tovar	NOUN
tovardor	NOUN
tovardorlik	NOUN
tovarşunos	NOUN
tovarşunoslik	NOUN
tovba	NOUN
tovboy	NOUN
tovca	NOUN
tovla	NOUN,VERB
tovlama	NOUN
tovlama\	NOUN
tovlama\ci	NOUN
tovlama\cilik	NOUN
tovlamaci	NOUN
tovlan	VERB
tovlantir	VERB
tovliboy	NOUN
tovmurod	NOUN
tovon	NOUN,VERB
tovonbaliq	NOUN
tovonboy	NOUN
tovonla	VERB
tovonqul	NOUN
tovonteşar	NOUN
tovonturdi	NOUN
tovoq	ADJ,NOUN
tovoqbuloq	NOUN
tovoqci	NOUN
tovoqdoş	NOUN
tovoqsoy	NOUN
tovor	NOUN
tovqor	NOUN
tovqora	NOUN
tovs	VERB
tovsil	VERB
tovsilla	VERB
tovste	NOUN
tovuq	NOUN
tovuqboqar	NOUN
tovuqcilik	NOUN
tovuqxona	NOUN
tovus	NOUN,VERB
tovuslan	VERB
tovusxon	NOUN
tovut	NOUN
tovutkaş	NOUN
tovuş	NOUN
tovuşqon	NOUN
tovva	NOUN
tovşan	NOUN
toxir	NOUN
toxta	NOUN,VERB
toxtaali	NOUN
toxtabibi	NOUN
toxtagul	NOUN
toxtajon	NOUN
toxtal	VERB
toxtalar	NOUN
toxtam	NOUN
toxtamamat	NOUN
toxtamat	NOUN
toxtamirza	NOUN
toxtamiş	NOUN
toxtamomo	NOUN
toxtamurod	NOUN
toxtan	NOUN
toxtanazar	NOUN
toxtaniso	NOUN
toxtaniyoz	NOUN
toxtanqira	VERB
toxtaoxun	NOUN
toxtaoyim	NOUN
toxtapolat	NOUN
toxtapoşşa	NOUN
toxtaqilic	NOUN
toxtaqozi	NOUN
toxtar	NOUN
toxtarali	NOUN
toxtarxoja	NOUN
toxtasin	NOUN
toxtat	VERB
toxtatil	VERB
toxtatoş	NOUN
toxtattir	VERB
toxtatursun	NOUN
toxtaxol	NOUN
toxtaş	NOUN,VERB
toxtaşali	NOUN
toxtaşqul	NOUN
toxtaşxon	NOUN
toxtixon	NOUN
toxtovsiz	ADV
toy	ADJ,NOUN,VERB
toybegim	NOUN
toybek	NOUN
toybeka	NOUN
toyberdi	NOUN
toybibi	NOUN
toybika	NOUN
toybobo	NOUN
toybola	NOUN
toyboldi	NOUN
toyboqar	NOUN
toybozor	NOUN
toyboşi	NOUN
toybuvi	NOUN
toyca	NOUN
toycaloq	NOUN
toycam	NOUN
toyci	NOUN
toycilik	NOUN
toyciniso	NOUN
toyciq	NOUN
toyciqul	NOUN
toycopar	NOUN
toycoq	NOUN
toydi	NOUN
toydik	NOUN
toydiq	NOUN
toydir	VERB
toydiril	VERB
toydirtir	VERB
toygarcilik	NOUN
toygarlik	NOUN
toygarliksiz	NOUN
toygiz	VERB
toygizdir	VERB
toygizil	VERB
toygon	NOUN
toygul	NOUN
toyib	NOUN
toyiba	NOUN
toyibboy	NOUN
toyibca	NOUN
toyim	NOUN
toyimli	ADJ,NOUN
toyimlik	NOUN
toyimlilik	NOUN
toyin	VERB
toyinbibi	NOUN
toyinboy	NOUN
toyinbuvi	NOUN
toyindiq	NOUN
toyintir	VERB
toyir	NOUN
toyira	NOUN
toyjon	NOUN
toykeldi	NOUN
toykorar	NOUN
toyla	VERB
toylaş	VERB
toyli	NOUN
toyliboy	NOUN
toylo	NOUN
toylon	NOUN
toyloq	NOUN
toylovci	NOUN
toymamat	NOUN
toyman	NOUN
toymaqsad	NOUN
toymas	NOUN
toymat	NOUN
toymirza	NOUN
toymon	NOUN
toymuhammad	NOUN
toymulla	NOUN
toymurod	NOUN
toynazar	NOUN
toyniyoz	NOUN
toyona	NOUN
toyoroz	NOUN
toyoy	NOUN
toypolat	NOUN
toyqiz	NOUN
toyqora	NOUN
toyqozi	NOUN
toyqul	NOUN
toysuluv	NOUN
toytemir	NOUN
toytepa	NOUN
toytirak	NOUN
toytoy	VERB
toytoyla	VERB
toytoylaş	VERB
toyturdi	NOUN
toyun	NOUN
toyxat	NOUN
toyxoja	NOUN
toyxon	NOUN
toyxona	NOUN
toyzoda	NOUN
toz	NOUN,VERB
toza	ADJ,ADV,NOUN,VERB
tozabek	NOUN
tozabogyop	NOUN
tozaboy	NOUN
tozabozor	NOUN
tozadorman	NOUN
tozagul	NOUN
tozajol	NOUN
tozala	VERB
tozalik	NOUN
tozaqul	NOUN
tozaxon	NOUN
tozdir	VERB
tozdiril	VERB
tozdirtir	VERB
tozgi	VERB
tozgit	VERB
tozgitil	VERB
tozgiş	VERB
tozgoq	NOUN
tozi	NOUN,VERB
tozim	NOUN
tozimli	NOUN
tozimlilik	NOUN
tozimsiz	NOUN,VERB
tozimsizlan	VERB
tozimsizlik	NOUN
tozit	VERB
tozittir	VERB
toziş	VERB
tozon	NOUN,VERB
tozonlan	VERB
toş	ADJ,NOUN,VERB
toşa	NOUN,VERB
toşag	NOUN
toşak	NOUN
toşal	VERB
toşali	NOUN
toşama	NOUN
toşariq	NOUN
toşat	VERB
toşattir	VERB
toşbadal	NOUN
toşbagir	ADJ,NOUN
toşbagirlik	NOUN
toşbaqa	NOUN
toşbek	NOUN
toşbeka	NOUN
toşberdi	NOUN
toşbi	NOUN
toşbibi	NOUN
toşbob	NOUN
toşbodom	NOUN
toşbol	NOUN
toşbolta	NOUN
toşbon	NOUN
toşbori	NOUN
toşboron	NOUN
toşbotir	NOUN
toşboy	NOUN
toşboş	NOUN
toşbu	NOUN
toşbuloq	NOUN
toşburon	NOUN
toşbuvi	NOUN
toşcup	NOUN
toşdavlat	NOUN
toşdor	ADJ
toşgozi	NOUN
toşgulom	NOUN
toşguzar	NOUN
toşim	NOUN
toşir	VERB
toşirtir	VERB
toşjamol	NOUN
toşjigit	NOUN
toşjon	NOUN
toşkakra	NOUN
toşkan	NOUN
toşkanboy	NOUN
toşkarim	NOUN
toşkecik	NOUN
toşkent	NOUN
toşkesar	NOUN
toşkesgan	NOUN
toşkeskan	NOUN
toşkomir	NOUN
toşkumir	NOUN
toşkumuş	NOUN
toşli	NOUN
toşliq	NOUN
toşlon	NOUN
toşlonqul	NOUN
toşloq	NOUN
toşma	NOUN
toşmarqa	NOUN
toşmat	NOUN
toşmatilla	NOUN
toşmatulla	NOUN
toşmetin	NOUN
toşmir	NOUN
toşmirza	NOUN
toşmiya	NOUN
toşmomo	NOUN
toşmon	NOUN
toşmuhammad	NOUN
toşmuqim	NOUN
toşmurod	NOUN
toşnazar	NOUN
toşniyoz	NOUN
toşnovvot	NOUN
toşon	NOUN
toşovul	NOUN
toşoxun	NOUN
toşoy	NOUN
toşparda	NOUN
toşpolat	NOUN
toşqanoy	NOUN
toşqasr	NOUN
toşqazgan	NOUN
toşqin	ADJ,NOUN
toşqiz	NOUN
toşqobil	NOUN
toşqol	NOUN
toşqora	NOUN
toşqori	NOUN
toşqot	VERB
toşqovoq	NOUN
toşquduq	NOUN
toşqul	NOUN
toşquli	NOUN
toşquvvat	NOUN
toşrabot	NOUN
toşsaqo	NOUN
toştan	NOUN
toştanboy	NOUN
toştaroş	NOUN
toştaroşlik	NOUN
toştemir	NOUN
toştilla	NOUN
toştir	VERB
toştirgiz	VERB
toştiril	VERB
toştobon	NOUN
toştogon	NOUN
toştol	NOUN
toştov	NOUN
toştoxta	NOUN
toştoy	NOUN
toşturdi	NOUN
toşturgon	NOUN
toşturgun	NOUN
toştursun	NOUN
toşxoja	NOUN
toşxol	NOUN
toşxon	NOUN
toşyurak	NOUN
toşyuraklik	NOUN
toşzor	NOUN
tpenovskiy	NOUN
trablus	NOUN
trabzon	NOUN
trabzonspor	NOUN
traculovskiy	NOUN
traditsiya	NOUN
trafaret	NOUN
trafaretci	NOUN
tragediya	NOUN
tragikomediya	NOUN
traian	NOUN
trailovic	NOUN
trajkov	NOUN
trajkova	NOUN
trajkovskiy	NOUN
trakt	NOUN
traktat	NOUN
traktor	NOUN
traktorci	NOUN
traktorcilik	NOUN
traktorsoz	NOUN
traktorsozlik	NOUN
trakya	NOUN
tramplin	NOUN
tramvay	NOUN
tramvayci	NOUN
transfer	NOUN
transformator	NOUN
transformatsiya	NOUN,VERB
transformatsiyala	VERB
transilvaniya	NOUN
transkripsiya	NOUN
transliteratsiya	NOUN
translyatsiya	NOUN
transmissiya	NOUN
transparant	NOUN
transport	NOUN
transportci	NOUN
transporter	NOUN
transportir	NOUN
transsendent	NOUN
transsendental	NOUN
transsendentalizm	NOUN
tranzistor	NOUN
tranzit	NOUN
tranşyoya	NOUN
trap	NOUN
trapetsidal	NOUN
trapetsiya	NOUN
trassa	NOUN
trauler	NOUN
travma	NOUN
travmatizm	NOUN
travmatolog	NOUN
travmatologiya	NOUN
traxoma	NOUN
trayektoriya	NOUN
traykovic	NOUN
traykovskiy	NOUN
trbic	NOUN
trbojevic	NOUN
trbovic	NOUN
trebevic	NOUN
treblinka	NOUN
trek	NOUN
trenaj	NOUN
trenajer	NOUN
trener	NOUN
trenerlik	NOUN
trening	NOUN
trenirovka	NOUN
trentino	NOUN
trento	NOUN
trest	NOUN
treviso	NOUN
trevoga	NOUN
trgovcevic	NOUN
tribuna	NOUN
tribunal	NOUN
tribune	NOUN
trieste	NOUN
trifkovic	NOUN
trifunovic	NOUN
trifunovskiy	NOUN
trigonometriya	NOUN
triko	NOUN
trikotaj	NOUN
trillion	NUM
trillionda	NUM
trilliondaman	NUM
trilliondan	NUM
trillionga	NUM
trillioninci	NUM
trillionlab	NUM
trillionlamci	NUM
trillionlarca	NUM
trillionni	NUM
trillionning	NUM
trillionta	NUM
trilliontaca	NUM
trilliontadan	NUM
trinidad	NOUN
triton	NOUN
trmcic	NOUN
trofimenko	NOUN
trofimov	NOUN
trofimova	NOUN
trolleybus	NOUN
tromb	NOUN
tromboz	NOUN
tropik	ADJ
troposfera	NOUN
tros	NOUN
trostanets	NOUN
trotski	NOUN
trotskici	NOUN
trotskizm	NOUN
trotuar	NOUN
troya	NOUN
troyan	NOUN
troyka	NOUN
trpenovskiy	NOUN
truba	NOUN
trubacenko	NOUN
trubaci	NOUN
trubka	NOUN
truboprovod	NOUN
truboprovodci	NOUN
trucinov	NOUN
trucinova	NOUN
truhanov	NOUN
truhanova	NOUN
trump	NOUN
truppa	NOUN
trusi	NOUN
truskavets	NOUN
tryum	NOUN
tryumo	NOUN
tsebrikove	NOUN
tsekov	NOUN
tsekova	NOUN
tsenkov	NOUN
tsenkova	NOUN
tsentkyev	NOUN
tserkov	NOUN
tserkova	NOUN
tserovskiy	NOUN
tsibuliv	NOUN
tsiplakov	NOUN
tsiplakova	NOUN
tsohatzopolos	NOUN
tss	INTJ
tsurupinsk	NOUN
tsvitkove	NOUN
tsxinvali	NOUN
tu	VERB
tu-tu	INTJ
tub	ADJ,NOUN
tuban	ADJ,NOUN,VERB
tubanda	ADV
tubanlaş	VERB
tubanlaştir	VERB
tubanlaştiril	VERB
tubanlik	NOUN
tubda	ADV
tuberkulyoz	NOUN
tubi	NOUN
tubsiz	NOUN
tubsizlik	NOUN
tudjman	NOUN
tudoq	NOUN
tuen	NOUN
tuf	NOUN,VERB
tufayli	AUX
tufdon	NOUN
tufla	VERB
tuflan	VERB
tuflat	VERB
tufli	NOUN
tug	ADJ,NOUN,VERB
tuga	ADJ,NOUN,VERB
tugal	ADJ,ADV,NOUN,VERB
tugalla	VERB
tugallan	VERB
tugallat	VERB
tugallaş	VERB
tugallik	NOUN
tugalmaca	NOUN
tugalmirza	NOUN
tugalmurod	NOUN
tugaloq	NOUN
tugan	VERB
tuganak	NOUN
tugasi	NOUN
tugat	VERB
tugatil	VERB
tugatiş	VERB
tugattir	VERB
tugboy	NOUN
tugdir	VERB
tugdiril	VERB
tugdoq	NOUN
tugil	VERB
tugin	VERB
tugiş	VERB
tugma	ADJ,NOUN,VERB
tugmaboy	NOUN
tugmaboş	NOUN
tugmaca	NOUN
tugmacagul	NOUN
tugmagul	NOUN
tugmala	VERB
tugmalan	VERB
tugmaoy	NOUN
tugmat	NOUN
tugmuhammad	NOUN
tugmurod	NOUN
tugrik	NOUN
tugro	NOUN
tugrul	NOUN
tugruq	NOUN
tugruqxona	NOUN
tuguk	NOUN
tuguklik	NOUN
tugun	ADJ,NOUN,VERB
tugunak	NOUN
tugunca	NOUN,VERB
tuguncak	NOUN
tuguncala	VERB
tugunci	NOUN
tugunla	VERB
tugunlaş	VERB
tugunli	ADJ
tuguruq	NOUN
tuguruqxona	NOUN
tugyon	NOUN
tuhfa	NOUN
tuhfaniso	NOUN
tuhfatulla	NOUN
tuhmat	NOUN
tuhmatci	NOUN
tuhmatcilik	NOUN
tuhvat	NOUN
tujjor	NOUN
tujurka	NOUN
tuk	ADJ,NOUN
tukal	NOUN
tukay	NOUN
tukic	NOUN
tukin	NOUN
tukinlik	NOUN
tuksiz	VERB
tuksizlan	VERB
tuksizlantir	VERB
tul	NOUN
tula	NOUN,VERB
tulak	NOUN
tulakboy	NOUN
tulat	VERB
tulattir	VERB
tulca	NOUN
tulcin	NOUN
tulis	NOUN
tulki	NOUN,VERB
tulkibas	NOUN
tulkiboy	NOUN
tulkilan	VERB
tulkilaş	VERB
tulkilik	NOUN
tulla	VERB
tullak	NOUN
tullaklik	NOUN
tullakxona	NOUN
tullik	NOUN
tulpanov	NOUN
tulpanova	NOUN
tulpor	NOUN
tulu	NOUN
tulum	NOUN
tulumboy	NOUN
tulus	NOUN
tuluy	NOUN
tum	NOUN
tuma	NOUN
tumaboy	NOUN
tuman	ADJ,NOUN,VERB
tumanboşi	NOUN
tumanla	VERB
tumanlan	VERB
tumanlaş	VERB
tumanlaştir	VERB
tumanli	ADJ
tumanlik	NOUN
tumanoy	NOUN
tumba	NOUN
tumbakovic	NOUN
tumbocka	NOUN
tumonat	NOUN
tumoq	NOUN
tumor	NOUN
tumora	NOUN
tumov	NOUN,VERB
tumovla	VERB
tumovlan	VERB
tumsay	VERB
tumsayiş	VERB
tumtaraqay	ADV,NOUN
tumtay	VERB
tumturk	NOUN
tumşay	VERB
tumşuq	NOUN
tumşuqlik	NOUN
tun	ADV,NOUN
tun-kun	ADV
tuna	NOUN,VERB
tunaoy	NOUN
tunat	VERB
tunaş	VERB
tunboş	NOUN
tunc	NOUN
tund	NOUN,VERB
tunda	ADV,NOUN
tundlan	VERB
tundlaş	VERB
tundlik	NOUN
tundra	NOUN
tunduksoy	NOUN
tung	NOUN
tungan	NOUN
tungboy	NOUN
tungi	ADJ
tungigul	NOUN
tungiz	NOUN
tungoni	NOUN
tunlari	ADV
tunli	NOUN
tunnel	NOUN
tunov	NOUN
tunovic	NOUN
tunqot	NOUN,VERB
tunuka	NOUN
tunukaci	NOUN
tunukacilik	NOUN
tunukasoz	NOUN
tunukasozlik	NOUN
tunuq	NOUN
tunuqbibi	NOUN
tunus	NOUN
tup	NOUN,VERB
tupcikboy	NOUN
tupka	NOUN
tupla	VERB
tuplat	VERB
tuppa	NOUN
tuppa-tuzuk	ADJ
tuppak	NOUN
tuppakci	NOUN
tuproq	ADJ,NOUN
tuproqbel	NOUN
tuproqbibi	NOUN
tuproqli	ADJ
tuproqqala	NOUN
tuproqqorgon	NOUN
tuproqşunos	NOUN
tuproqşunoslik	NOUN
tupuk	NOUN,VERB
tupukla	VERB
tupur	NOUN,VERB
tupurik	NOUN
tupurin	VERB
tupurkovskiy	NOUN
tupurtir	VERB
tuq-tuq	IMIT
tuqay	NOUN
tuqaylik	NOUN
tuqayzor	NOUN
tuqi	NOUN
tuqil	NOUN
tuqilma	NOUN
tur	ADJ,NOUN,VERB
turac	NOUN
turajlic	NOUN
turan	NOUN
turanga	NOUN
turangi	NOUN
turaq	NOUN
turaqol	NOUN
turaver	VERB
turaş	NOUN
turbat	NOUN
turbek	NOUN
turbina	NOUN
turbinaci	NOUN
turbiv	NOUN
turbogenerator	NOUN
turcinov	NOUN
turcinova	NOUN
turdi	NOUN
turdiahmad	NOUN
turdiali	NOUN
turdibek	NOUN
turdibeka	NOUN
turdibibi	NOUN
turdigul	NOUN
turdik	NOUN
turdikarim	NOUN
turdima	NOUN
turdimamat	NOUN
turdimo	NOUN
turdimomo	NOUN
turdimuhammad	NOUN
turdimurod	NOUN
turdinazar	NOUN
turdiniso	NOUN
turdiniyoz	NOUN
turdinoz	NOUN
turdinozik	NOUN
turdioy	NOUN
turdipolat	NOUN
turdipoşşa	NOUN
turdiq	NOUN
turdiqul	NOUN
turdiqurbon	NOUN
turdirajab	NOUN
turdisaid	NOUN
turditoj	NOUN
turditoş	NOUN
turdivali	NOUN
turdixol	NOUN
turdixon	NOUN
turdiyor	NOUN
turdiş	NOUN
turdişo	NOUN
turdoş	NOUN
turev	NOUN
turfa	NOUN
turfan	NOUN
turgan	NOUN
turgavut	NOUN
turgiz	VERB
turgizdir	VERB
turgizil	VERB
turgiziş	VERB
turgon	NOUN
turgonali	NOUN
turgonqul	NOUN
turgoq	NOUN
turgun	ADJ,NOUN,VERB
turguna	NOUN
turgunali	NOUN
turgunbibi	NOUN
turgunbu	NOUN
turgunbuvi	NOUN
turgunbuviş	NOUN
turgunca	NOUN
turgunjon	NOUN
turgunlaş	VERB
turgunlik	NOUN
turgunmirza	NOUN
turgunniso	NOUN
turgunpolat	NOUN
turguntoji	NOUN
turguntoş	NOUN
turgunşo	NOUN
turicnov	NOUN
turicnova	NOUN
turil	VERB
turin	NOUN
turingiya	NOUN
turist	NOUN
turistlik	NOUN
turizm	NOUN
turiş	VERB
turişboy	NOUN
turjon	NOUN
turjonbek	NOUN
turk	NOUN,VERB
turka	NOUN
turkboy	NOUN
turkca	VERB
turkcala	VERB
turkci	NOUN
turkcilik	NOUN
turkiston	NOUN
turkiy	NOUN,VERB
turkiya	NOUN
turkiyla	VERB
turkiylar	NOUN
turkiylaş	VERB
turkiyşunos	NOUN
turkiyşunoslik	NOUN
turkla	VERB
turklar	NOUN
turklaş	VERB
turkman	NOUN
turkmanca	VERB
turkmancala	VERB
turkmaniston	NOUN
turkmanlar	NOUN
turkmanoba	NOUN
turkmenistan	NOUN
turkmirza	NOUN
turkolog	NOUN
turkologiya	NOUN
turkovic	NOUN
turkqiz	NOUN
turkum	NOUN,VERB
turkumla	VERB
turkumlan	VERB
turkumlaş	VERB
turkumlaştir	VERB
turla	VERB
turlan	VERB
turlantir	VERB
turli	ADJ,NOUN
turli-tuman	ADJ
turlica	NOUN
turlilik	NOUN
turlo	NOUN
turlovci	NOUN
turma	NOUN
turmaci	NOUN
turmak	NOUN,VERB
turmakla	VERB
turmaklan	VERB
turmal	VERB
turmanov	NOUN
turmanova	NOUN
turmat	NOUN
turmatboy	NOUN
turmaxon	NOUN
turmiş	NOUN
turmuc	VERB
turmucla	VERB
turmuclan	VERB
turmuhammad	NOUN
turmurod	NOUN
turmuş	NOUN
turmuşquriş	NOUN
turna	NOUN
turnaxol	NOUN
turnik	NOUN
turniket	NOUN
turnir	NOUN
turniyoz	NOUN
turob	NOUN
turobiddin	NOUN
turobqul	NOUN
turogol	NOUN
turogon	NOUN
turomon	NOUN
turon	NOUN
turonbibi	NOUN
turonboy	NOUN
turongul	NOUN
turoq	NOUN
turor	NOUN
turoy	NOUN
turoş	NOUN
turp	NOUN
turptaraş	NOUN
turq	NOUN
turqora	NOUN
tursinbek	NOUN
tursoat	NOUN
tursoli	NOUN
tursun	NOUN
tursunahmad	NOUN
tursunali	NOUN
tursunbek	NOUN
tursunbibi	NOUN
tursunca	NOUN
tursungozi	NOUN
tursungul	NOUN
tursunmamat	NOUN
tursunmat	NOUN
tursunmirza	NOUN
tursunmomo	NOUN
tursunmuhammad	NOUN
tursunmurod	NOUN
tursunnazar	NOUN
tursunniyoz	NOUN
tursunoy	NOUN
tursunpolat	NOUN
tursunqul	NOUN
tursuntilla	NOUN
tursuntoj	NOUN
tursuntoji	NOUN
tursuntoy	NOUN
tursuntoş	NOUN
tursunxoja	NOUN
tursunxol	NOUN
turt	NOUN,VERB
turtil	VERB
turtin	VERB
turtiş	VERB
turtki	NOUN
turtkic	NOUN
turtkila	VERB
turtkilan	VERB
turtkilaş	VERB
turttir	VERB
turum	NOUN
turumtoy	NOUN
turumtoş	NOUN
turur	NOUN
turxon	NOUN
turxonali	NOUN
turyigit	NOUN
turşak	NOUN
tus	NOUN,VERB
tusa	VERB
tusk	NOUN
tusla	VERB
tuslan	VERB
tuslo	NOUN
tuslovci	NOUN
tusmat	NOUN
tusmol	NOUN,VERB
tusmolla	VERB
tusmollan	VERB
tusnazar	NOUN
tustovuq	NOUN
tut	ADJ,NOUN,VERB
tuta	NOUN,VERB
tutak	NOUN
tutam	NOUN,VERB
tutamla	VERB
tutamlat	VERB
tutamlaş	VERB
tutan	NOUN
tutanoq	NOUN
tutanoqlik	NOUN
tutantiriq	NOUN
tutaq	VERB
tutaqiş	VERB
tutat	NOUN,VERB
tutatqi	NOUN
tutaş	NOUN,VERB
tutaştir	VERB
tutaştiril	VERB
tutci	NOUN
tutcilik	NOUN
tutgic	NOUN
tutikunda	NOUN
tutil	VERB
tutilinqira	VERB
tutin	VERB
tutiş	VERB
tutli	NOUN
tutqa	NOUN
tutqaloq	NOUN
tutqanoq	NOUN
tutqaz	VERB
tutqazdir	VERB
tutqazil	VERB
tutqi	NOUN
tutqic	NOUN
tutqila	VERB
tutqilaş	VERB
tutqiz	VERB
tutqizdir	VERB
tutqizil	VERB
tutqun	NOUN
tutqunlik	NOUN
tuttir	VERB
tutum	NOUN
tutun	ADJ,NOUN,VERB
tutunla	VERB
tutunlan	VERB
tutunli	ADJ
tutuq	NOUN
tutuqi\	NOUN
tuturiq	NOUN
tuturiqsiz	NOUN
tuturiqsizlik	NOUN
tutzor	NOUN
tuva	NOUN
tuvadoq	NOUN
tuvak	NOUN
tuvalboy	NOUN
tuvalik	NOUN
tuvaloq	NOUN
tuvca	NOUN
tuvdoq	NOUN
tuvgon	NOUN
tuvon	NOUN
tuvoq	NOUN
tuvoqberdi	NOUN
tuvoqgul	NOUN
tuvoqmamat	NOUN
tuvoqmat	NOUN
tuvoqmuhammad	NOUN
tuvoqmurod	NOUN
tuvoqniyoz	NOUN
tuvoqqul	NOUN
tuvoqtoj	NOUN
tuvoqturdi	NOUN
tuxmak	NOUN
tuxum	ADJ,NOUN,VERB
tuxumbarak	NOUN
tuxumdon	NOUN
tuxumfuruş	NOUN
tuxumla	VERB
tuxumlat	VERB
tuxumsimon	ADJ
tuy	NOUN,VERB
tuya	NOUN
tuyabogtz	NOUN
tuyaboy	NOUN
tuyacangal	NOUN
tuyaci	NOUN
tuyacilik	NOUN
tuyakaş	NOUN
tuyakaşlik	NOUN
tuyali	NOUN
tuyamoyin	NOUN
tuyapaypoq	NOUN
tuyapor	NOUN
tuyaqaldirgoc	NOUN
tuyaquduq	NOUN
tuyaquş	NOUN
tuyasandiq	NOUN
tuyatortar	NOUN
tuyatovon	NOUN
tuyaş	VERB
tuydir	VERB
tuydirtir	VERB
tuygu	NOUN
tuygun	NOUN
tuyguna	NOUN
tuygunbibi	NOUN
tuygunjon	NOUN
tuygunlik	NOUN
tuygunoy	NOUN
tuygunxoja	NOUN
tuyil	VERB
tuyin	NOUN
tuyinci	NOUN
tuyincilik	NOUN
tuyiş	VERB
tuykar	NOUN
tuykusdan	NOUN
tuyma	NOUN
tuymaboy	NOUN
tuymagul	NOUN
tuymaqul	NOUN
tuymaxol	NOUN
tuynak	NOUN
tuynuk	NOUN
tuyoq	NOUN,VERB
tuyoqboy	NOUN
tuyoqla	VERB
tuyoqli	NOUN
tuypuk	NOUN
tuyqusdan	ADV
tuyul	VERB
tuyuq	NOUN
tuz	ADJ,NOUN,VERB
tuza	VERB
tuzak	NOUN
tuzakli	NOUN
tuzal	NOUN,VERB
tuzalmirza	NOUN
tuzaltir	VERB
tuzalxoja	NOUN
tuzan	NOUN,VERB
tuzat	VERB
tuzatil	VERB
tuzatin	VERB
tuzatiş	VERB
tuzattir	VERB
tuzattiril	VERB
tuzaş	VERB
tuzbek	NOUN
tuzboy	NOUN
tuzdon	NOUN
tuzhurmati	NOUN
tuzil	NOUN,VERB
tuzilma	NOUN
tuzkon	NOUN
tuzla	NOUN,VERB
tuzlan	VERB
tuzlat	VERB
tuzlaş	VERB
tuzli	NOUN
tuzluq	NOUN
tuzmuhammad	NOUN
tuzog	NOUN
tuzoglik	NOUN
tuzoq	NOUN
tuzoqci	NOUN
tuzsira	VERB
tuzsiz	ADJ,VERB
tuzsizla	VERB
tuzsizlan	VERB
tuzsizlantir	VERB
tuzuk	ADJ,ADV,NOUN,VERB
tuzukla	VERB
tuzuklan	VERB
tuzuklaş	VERB
tuzum	NOUN
tuzuq	NOUN
tuzuqliq	NOUN
tuzuvci	NOUN
tuş	ADJ,NOUN,VERB
tuşir	NOUN,VERB
tuşirgi	NOUN
tuşirgic	NOUN
tuşiril	VERB
tuşiriş	VERB
tuşirtir	VERB
tuşiş	VERB
tuşki	ADJ
tuşkun	ADJ,NOUN,VERB
tuşkunlaş	VERB
tuşkunlik	NOUN
tuşlik	NOUN
tuşo	NOUN
tuşogliq	NOUN
tuşov	NOUN,VERB
tuşovla	VERB
tuşovlan	VERB
tuşovlat	VERB
tuşum	NOUN
tuşun	ADJ,NOUN,VERB
tuşunarli	ADJ
tuşunca	NOUN
tuşuncasiz	NOUN
tuşuncasizlik	NOUN
tuşunil	VERB
tuşuniş	VERB
tuşunmovcilik	NOUN
tuşuntir	VERB
tuşuntiril	VERB
tuşuntiriş	VERB
tver	NOUN
twitter	NOUN
tyagac	NOUN
tyers	NOUN
tyul	NOUN
tyulen	NOUN
tzogopolos	NOUN
tşakkur	NOUN
t�mur	NOUN
u	NOUN,PRON
ubacoli	NOUN
ubay	NOUN
ubayda	NOUN
ubaydulla	NOUN
ubaymirza	NOUN
ubayxoja	NOUN
uborşitsa	NOUN
uc	ADJ,NOUN,NUM,VERB
ucak	NOUN
ucal	NOUN
ucala	NUM
ucam	NOUN
ucar	ADJ,NOUN
ucarboy	NOUN
ucastka	NOUN
ucastkovoy	NOUN
ucboy	NOUN
ucburcak	NOUN
ucburcaksimon	ADJ
ucda	NUM
ucdaman	NUM
ucdan	NUM
ucga	NUM
ucida	AUX
ucim	NOUN
ucinci	NUM
ucir	NOUN
uciriq	NOUN
uckoprik	NOUN
uclab	NUM
uclamci	NOUN,NUM
uclarca	NUM
uclik	NOUN
ucma	NOUN
ucma-uc	ADV
ucmox	NOUN
ucni	NUM
ucning	NUM
ucov	NUM
ucqahramon	NOUN
ucqiz	NOUN
ucqizil	NOUN
ucqorgon	NOUN
ucquduq	NOUN
ucquloc	NOUN
ucqum	NOUN
ucqun	NOUN
ucqur	ADJ,NOUN
ucra	NOUN,VERB
ucrat	VERB
ucratil	VERB
ucrayver	VERB
ucraş	NOUN,VERB
ucraştir	VERB
ucraşuv	NOUN
ucta	NUM,VERB
uctaca	NUM
uctadan	NUM
uctala	VERB
uctemir	NOUN
uctepa	NOUN
ucun	AUX,NOUN,VERB
ucuniq	NOUN
ucuq	NOUN,VERB
ucuqla	VERB
ucuqlan	VERB
ucuvci	NOUN
ucuvcilik	NOUN
ucyot	NOUN
ucyotci	NOUN
ud	NOUN
udayci	NOUN
udayjon	NOUN
udda	NOUN
uddaburon	ADJ,NOUN
uddaburonlik	NOUN
uddala	VERB
uddalaş	VERB
udimov	NOUN
udimova	NOUN
udine	NOUN
udinese	NOUN
udmurt	NOUN
udmurtiya	NOUN
udum	NOUN
uels	NOUN
uezd	NOUN
uf	INTJ,NOUN
ufa	NOUN
ufolog	NOUN
ufologiya	NOUN
ufor	NOUN
ufora	NOUN
uforxon	NOUN
ufq	NOUN
uganda	NOUN
uglerod	NOUN
uglevod	NOUN
uglevodorod	NOUN
ugniv	NOUN
ugom	NOUN
ugon	NOUN
ugra	NOUN
ugresic	NOUN
ugrinovskiy	NOUN
ugroyidi	NOUN
ugur	NOUN
ugurboy	NOUN
ugurli	NOUN
uh	INTJ
uhda	NOUN
ujgorod	NOUN
uka	NOUN
ukalik	NOUN
ukki	NOUN
ukkiboy	NOUN
ukkilar	NOUN
uklad	NOUN
ukol	NOUN
ukpa	NOUN
ukpar	NOUN
ukrain	NOUN
ukraina	NOUN
ukrainalik	NOUN
ukrainca	NOUN
ukrayinka	NOUN
ukrayinsk	NOUN
ukrenergo	NOUN
ukrinform	NOUN
ukrop	NOUN
ukrtelekom	NOUN
uksus	NOUN
ul	NOUN
ula	NOUN,VERB
ulaboy	NOUN
ulac	NOUN
ulagic	NOUN
ulakli	NOUN
ulaksa	NOUN
ulamo	NOUN
ulan	NOUN
ulanivka	NOUN
ulansin	NOUN
ular	PRON
ulaş	NOUN
ulaşbori	NOUN
ulaşmirza	NOUN
ulbas	NOUN
ulbast	NOUN
ulbegim	NOUN
ulbeka	NOUN
ulbibi	NOUN
ulbiya	NOUN
ulbol	NOUN
ulbola	NOUN
ulbolgon	NOUN
ulbolsin	NOUN
ulboz	NOUN
ulbozor	NOUN
ulbuvi	NOUN
ulbuviş	NOUN
ulca	NOUN
ulcaxon	NOUN
ulcinj	NOUN
uldon	NOUN
uldono	NOUN
uldoşoy	NOUN
ulduza	NOUN
ulfan	NOUN
ulfat	NOUN
ulfatcilik	NOUN
ulg	VERB
ulgay	NOUN,VERB
ulgaysin	NOUN
ulgi	NOUN
ulgiboy	NOUN
uli	NOUN
uliq	NOUN
uliş	VERB
uljahon	NOUN
uljamol	NOUN
uljon	NOUN
ulkan	ADJ,NOUN,VERB
ulkanla	VERB
ulkanlik	NOUN
ulkannazar	NOUN
ulkaş	NOUN
ulkusal	NOUN
ulli	NOUN
ullibog	NOUN
ulliniso	NOUN
ullubog	NOUN
ulm	NOUN
ulmanoy	NOUN
ulniso	NOUN
ulniyat	NOUN
ulok	NOUN
uloq	NOUN,VERB
uloqboy	NOUN
uloqci	NOUN
uloqla	VERB
uloqtir	VERB
uloqtiril	VERB
ulov	NOUN
ulovsiz	NOUN
ulovsizlik	NOUN
uloy	NOUN
ulqiz	NOUN
ulqon	NOUN
ulqozi	NOUN
ulrik	NOUN
ulsin	NOUN
ulsiz	NOUN
ulsizlik	NOUN
ulsuluv	NOUN
ultimativ	NOUN
ultimatum	NOUN
ulton	NOUN
ultoy	NOUN
ultoyxon	NOUN
ultra	NOUN
ultrabinafşa	NOUN
ultramikroskop	NOUN
ultraqisqa	NOUN
ultrason	NOUN
ultratovuş	NOUN
ultugar	NOUN
ultuv	NOUN
ultuvoy	NOUN
ultuvxon	NOUN
ulug	ADJ,NOUN
ulugbek	NOUN
ulugbeka	NOUN
ulugberdi	NOUN
ulugbibi	NOUN
ulugbu	NOUN
ulugbuvi	NOUN
ulugca	NOUN
uluglik	NOUN
ulugmamat	NOUN
ulugmirza	NOUN
ulugmuhammad	NOUN
ulugmurod	NOUN
ulugnazar	NOUN
ulugpoşşa	NOUN
ulugqozi	NOUN
ulugsifat	NOUN
ulugsifatlik	NOUN
ulugsora	NOUN
ulugturdi	NOUN
ulugvor	ADJ,NOUN
ulugvorlik	NOUN
ulugxoja	NOUN
ulugxon	NOUN
ulugzoda	NOUN
ulugşoh	NOUN
ulukayev	NOUN
ulukayeva	NOUN
ulum	NOUN
uluq	NOUN
ulus	NOUN
ulusbek	NOUN
uluş	NOUN
ulviya	NOUN
ulxoja	NOUN
ulxon	NOUN
ulxonoy	NOUN
ulyanov	NOUN
ulyanova	NOUN
ulyanovka	NOUN
ulyanovsk	NOUN
ulzamon	NOUN
ulşatxon	NOUN
um	NOUN
umahanov	NOUN
umahanova	NOUN
umaiza	NOUN
uman	NOUN
umar	NOUN
umarali	NOUN
umarbek	NOUN
umarberdi	NOUN
umarboldi	NOUN
umarhoji	NOUN
umarjon	NOUN
umarmirza	NOUN
umaro	NOUN
umarov	NOUN
umarova	NOUN
umarqori	NOUN
umarqozi	NOUN
umarqul	NOUN
umarrasul	NOUN
umartoy	NOUN
umarşo	NOUN
umay	NOUN
umaybek	NOUN
umayxon	NOUN
umayya	NOUN
umayyaxon	NOUN
umbaloq	NOUN
umburvoqi	NOUN
umerov	NOUN
umerova	NOUN
umid	ADJ,NOUN
umida	NOUN
umidali	NOUN
umidbek	NOUN
umidjon	NOUN
umidli	ADJ
umidlik	NOUN
umidsiz	ADJ,NOUN
umidsizca	NOUN
umidsizlarca	NOUN
umidsizlik	NOUN
umidulla	NOUN
umidvor	ADJ,NOUN
umidvorlik	NOUN
umidxoja	NOUN
umir	NOUN
umira	NOUN
umirbek	NOUN
umirboqi	NOUN
umirboy	NOUN
umircaxon	NOUN
umirjon	NOUN
umirtoy	NOUN
umirxol	NOUN
umiya	NOUN
umiyabibi	NOUN
umiyaxon	NOUN
umiyoxon	NOUN
ummagulsun	NOUN
ummaniso	NOUN
ummat	NOUN
ummatali	NOUN
ummatoy	NOUN
ummatqul	NOUN
ummatulla	NOUN
ummatxon	NOUN
ummixon	NOUN
ummon	NOUN
ummu	NOUN
ummugulsum	NOUN
umniya	NOUN
umoc	NOUN
umr	NOUN
umra	NOUN
umrbek	NOUN
umrbod	ADV,NOUN
umrboqi	NOUN
umrdoş	NOUN
umrdoşlik	NOUN
umrena	NOUN
umrgozi	NOUN
umrgulsun	NOUN
umrguzaron	NOUN
umrguzaronlik	NOUN
umri	NOUN
umriboqi	NOUN
umriddin	NOUN
umrim	NOUN
umriniso	NOUN
umrixol	NOUN
umriya	NOUN
umrlik	NOUN
umron	NOUN
umronqozi	NOUN
umronxoja	NOUN
umrov	NOUN
umroy	NOUN
umrqozi	NOUN
umrqul	NOUN
umrsulton	NOUN
umrsuyun	NOUN
umrtoj	NOUN
umrtoy	NOUN
umrxoja	NOUN
umrxol	NOUN
umrxon	NOUN
umryoldoşi	NOUN
umrzoq	NOUN
umsun	NOUN
umum	ADV,NOUN,VERB
umuman	ADV,PRT
umumbaşar	NOUN
umumdavlat	NOUN
umumdemokratik	NOUN
umumittifoq	NOUN
umumiy	NOUN,VERB
umumiyat	NOUN
umumiyla	VERB
umumiylaş	VERB
umumiylaştir	VERB
umumiylaştiril	VERB
umumiylik	NOUN
umumlaş	NOUN,VERB
umumlaşma	NOUN
umumlaştir	NOUN,VERB
umumlaştiril	VERB
umumlaştirma	NOUN
umumproletar	NOUN
umumrespublika	NOUN
umumxalq	NOUN
umur	NOUN
umursuyun	NOUN
umurtqa	NOUN
umurtqali	NOUN
umurtqalilar	NOUN
umurzoq	NOUN
umyo	NOUN
un	ADJ,NOUN,VERB
unab	NOUN
unabbergan	NOUN
unabboy	NOUN
unabjon	NOUN
unaqa	PRON
unar	NOUN
unarmirza	NOUN
unca	ADV,NOUN,PRON
uncalik	NOUN
unda	NOUN
unda-bunda	ADV
undal	NOUN
undalma	NOUN
unday	PRON
undetsillion	NUM
undetsillionda	NUM
undetsilliondaman	NUM
undetsilliondan	NUM
undetsillionga	NUM
undetsillioninci	NUM
undetsillionlab	NUM
undetsillionlamci	NUM
undetsillionlarca	NUM
undetsillionni	NUM
undetsillionning	NUM
undetsillionta	NUM
undetsilliontaca	NUM
undetsilliontadan	NUM
undir	NOUN
undiruvci	NOUN
undo	NOUN
undov	NOUN
undovci	NOUN
undovlari	INTJ
undoş	NOUN
undurboy	NOUN
unganoy	NOUN
ungur	NOUN
unifikatsiya	NOUN
unimboy	NOUN
unisin	NOUN
univermag	NOUN
universal	NOUN
universalci	NOUN
universallik	NOUN
universiada	NOUN
universitet	NOUN
unkovskiy	NOUN
unna	NOUN,VERB
unnik	NOUN
unniq	VERB
uns	NOUN
unsinoy	NOUN
unsiya	NOUN
unsun	NOUN
unsur	NOUN
unum	ADJ,NOUN
unumdor	ADJ,NOUN
unumdorlik	NOUN
unumli	ADJ
unumsiz	NOUN
unumsizlik	NOUN
unut	ADJ,NOUN,VERB
unutil	VERB
unuttir	VERB
unutuvcan	ADJ,NOUN
unutuvcanlik	NOUN
unvon	NOUN
upa	NOUN
upa-elik	NOUN
upir	NOUN
upirma	NOUN
upor	NOUN
upqun	NOUN
upuka	NOUN
uq	ADJ,NOUN,VERB
uqala	VERB
uqalan	VERB
uqalat	VERB
uqalaş	VERB
uqob	NOUN
uqtir	VERB
uqtiril	VERB
uqubat	NOUN
uquv	ADJ,NOUN
uquvli	ADJ
uquvsiz	ADJ,NOUN
uquvsizlik	NOUN
ur	ADJ,NOUN,VERB
ura	INTJ,NOUN
ura-sura	ADV
ural	NOUN
uran	NOUN
uraver	VERB
urbancic	NOUN
urbanizatsiya	NOUN
urbino	NOUN
urci	NOUN,VERB
urcit	VERB
urcitil	VERB
urcuq	NOUN
urdir	VERB
urdirt	VERB
urdirtir	VERB
urela	NOUN
urf	NOUN
urfan	NOUN
urfiya	NOUN
urfon	NOUN
urganc	NOUN
urgancboy	NOUN
urgiz	VERB
urgizdir	VERB
urgo	NOUN
urgoci	NOUN
urgu	NOUN,VERB
urguber	NOUN
urgula	VERB
urgulsoy	NOUN
urgut	NOUN
urib-turt	VERB
uril	VERB
urin	NOUN,VERB
urincoq	NOUN
urincoqlik	NOUN
urinib-surin	VERB
uriniş	NOUN,VERB
urinişlik	NOUN
urinma	NOUN
urintir	VERB
uriş	ADJ,NOUN,VERB
urişcan	NOUN
urişcanlik	NOUN
urişiş	VERB
urişqoq	ADJ,NOUN
urişqoqlik	NOUN
uriştir	VERB
url	NOUN
urna	NOUN
urolog	NOUN
urologiya	NOUN
urpoq	NOUN
ursula	NOUN
urt	NOUN,VERB
urtil	VERB
urtin	NOUN,VERB
urttir	VERB
urtuk	NOUN
urug	NOUN,VERB
urugci	NOUN
urugcilik	NOUN
urugdon	NOUN
urugdoş	NOUN
urugdoşlik	NOUN
urugla	VERB
uruglan	VERB
uruglat	VERB
uruglik	NOUN
urugvay	NOUN
urugxona	NOUN
urugşunos	NOUN
urugşunoslik	NOUN
urumci	NOUN
uruş	NOUN,VERB
uruştir	VERB
urvoq	NOUN
us	NOUN
useinov	NOUN
useinova	NOUN
usenko	NOUN
useymin	NOUN
uskokovic	NOUN
uskuna	NOUN,VERB
uskunala	VERB
uskunalan	VERB
uskunalaş	VERB
uskunalaştir	VERB
uskunalaştiril	VERB
uskut	NOUN
uslub	NOUN
uslubiyat	NOUN
uslubşunos	NOUN
uslubşunoslik	NOUN
usmanov	NOUN
usmanova	NOUN
usmon	NOUN
usmonagic	NOUN
usmonali	NOUN
usmonca	NOUN
usmoncevic	NOUN
usmoniya	NOUN
usmonli	NOUN
usmonobod	NOUN
usmonovic	NOUN
usmonqul	NOUN
usmontora	NOUN
usmontoy	NOUN
usmonturdi	NOUN
usmonxoja	NOUN
ust	ADJ,NOUN
ust-boş	NOUN
ust-ustiga	ADV
usta	NOUN
ustaaziz	NOUN
ustabek	NOUN
ustabola	NOUN
ustabuzar	ADJ,NOUN
ustabuzarmon	ADJ,NOUN
ustabuzarmonlik	NOUN
ustaci	NOUN
ustacilik	NOUN
ustakor	NOUN
ustakorlik	NOUN
ustalik	NOUN
ustama	NOUN
ustamamat	NOUN
ustamat	NOUN
ustamuhammad	NOUN
ustaniyoz	NOUN
ustanovka	NOUN
ustapolat	NOUN
ustaqor	NOUN
ustaqurbon	NOUN
ustara	NOUN,VERB
ustarala	VERB
ustaturdi	NOUN
ustav	NOUN
ustaxol	NOUN
ustaxona	NOUN
ustayev	NOUN
ustayeva	NOUN
ustaşirin	NOUN
usti	X
ustida	AUX
ustinivka	NOUN
ustixudus	NOUN
ustki	ADJ
ustma-ust	ADJ,ADV
ustod	ADV,NOUN
ustodona	ADV
ustomon	NOUN
ustomonlik	NOUN
ustoz	NOUN
ustozlik	NOUN
ustqurma	NOUN
ustun	NOUN
ustunlik	NOUN
ustuvor	ADJ,NOUN
ustuvorlik	NOUN
ustuxon	NOUN
ustyurt	NOUN
usubov	NOUN
usubova	NOUN
usul	NOUN
usulboy	NOUN
usulci	NOUN
ut	VERB
utah	NOUN
utba	NOUN
util	VERB
utopist	NOUN
utopiya	NOUN
utopizm	NOUN
utorid	NOUN
uturfan	NOUN
uv	NOUN,VERB
uva	NOUN
uvada	ADJ,NOUN,VERB
uvadaci	NOUN
uvadalan	VERB
uval	NOUN,VERB
uvala	NOUN,VERB
uvalan	VERB
uvalanuvcan	NOUN
uvalat	VERB
uvalaş	VERB
uvali-juvali	ADJ
uvallo	NOUN
uvaltir	VERB
uvat	NOUN,VERB
uvatil	VERB
uvays	NOUN
uvaysiddin	NOUN
uvaysiy	NOUN
uvertyura	NOUN
uviz	NOUN
uvla	VERB
uvlaş	VERB
uvol	NOUN
uvoq	NOUN,VERB
uvoqla	VERB
uvoqlan	VERB
uvoqlat	VERB
uvoqlaş	VERB
uvoqlik	NOUN
uvuldiriq	NOUN
uvulla	VERB
uvullaş	VERB
uvuş	VERB
uvuştir	VERB
uvvos	ADJ,NOUN
uxla	VERB
uxlat	VERB
uxlatil	VERB
uxlaş	VERB
uy	ADJ,NOUN,VERB
uya	NOUN
uyal	VERB
uyala	VERB
uyalat	VERB
uyalib-qimtin	VERB
uyalinqira	VERB
uyaliş	VERB
uyalmay-netmay	ADV
uyaltir	VERB
uyat	ADJ,NOUN
uyatcan	ADJ,NOUN
uyatcang	NOUN
uyatcanglik	NOUN
uyatcanlik	NOUN
uyatli	ADJ
uyatsiz	ADJ,NOUN,VERB
uyatsizlan	VERB
uyatsizlik	NOUN
uyaz	NOUN
uyci	NOUN
uycucuk	NOUN
uydir	NOUN,VERB
uydiril	VERB
uydiriq	NOUN
uydirma	NOUN
uydirmaci	NOUN
uydirtir	VERB
uydur	NOUN
uydurma	NOUN
uydurmacilik	NOUN
uyezd	NOUN
uygon	VERB
uygoniş	VERB
uygoq	NOUN
uygoqlik	NOUN
uygot	VERB
uygotil	VERB
uygottir	VERB
uygun	NOUN,VERB
uygunlaş	VERB
uygunlaştir	VERB
uygunlaştiril	VERB
uygunlik	NOUN
uygunsiz	NOUN
uygunsizlik	NOUN
uygur	NOUN
uygurca	VERB
uygurcala	VERB
uygurya	NOUN
uyil	VERB
uyiltir	VERB
uyla	VERB
uylan	VERB
uylantir	VERB
uylantiril	VERB
uyma	VERB
uyma-uy	ADV
uymala	VERB
uymalan	VERB
uyoq	NOUN
uyqu	ADJ,NOUN,VERB
uyqucan	ADJ
uyquci	ADJ
uyqusira	VERB
uyqusiz	NOUN
uyqusizlik	NOUN
uyqutob	ADV,NOUN
uyrat	NOUN
uysoz	NOUN
uysozlik	NOUN
uysun	NOUN
uytol	NOUN
uytola	NOUN
uytoldi	NOUN
uyum	NOUN,VERB
uyumla	VERB
uyur	NOUN,VERB
uyurma	NOUN
uyuş	ADJ,NOUN,VERB
uyuşiq	NOUN
uyuşma	NOUN
uyuşqoq	ADJ,NOUN
uyuşqoqlik	NOUN
uyuştir	NOUN,VERB
uyuştiril	VERB
uyuştiruvci	NOUN
uyuştiruvcilik	NOUN
uyşun	NOUN
uz	NOUN,VERB
uza	VERB
uzal	VERB
uzan	NOUN,VERB
uzangi	NOUN
uzangisoz	NOUN
uzaniş	VERB
uzaro	NOUN
uzat	VERB
uzatil	VERB
uzatiş	VERB
uzattir	VERB
uzay	VERB
uzayiş	VERB
uzayr	NOUN
uzayt	VERB
uzaytir	VERB
uzaytiril	VERB
uzboy	NOUN
uzdir	VERB
uzdirtir	VERB
uzel	NOUN
uzeyir	NOUN
uzgen	NOUN
uzgic	NOUN
uzib-yulqi	VERB
uzic	NOUN
uzil	VERB
uzil-kesil	ADV
uziliş	VERB
uziltir	VERB
uzin	NOUN
uziş	VERB
uzlat	NOUN
uzlatnişin	NOUN
uzluk	ADJ,NOUN,VERB
uzluksiz	ADJ,NOUN
uzluksizlik	NOUN
uzluktir	VERB
uzma	NOUN
uzmagul	NOUN
uzmasi	NOUN
uzoq	ADV,NOUN,VERB
uzoqbu	NOUN
uzoqbuvi	NOUN
uzoqdan	ADV
uzoqjon	NOUN
uzoqla	VERB
uzoqlan	VERB
uzoqlat	VERB
uzoqlaş	VERB
uzoqlaştir	VERB
uzoqlaştiril	VERB
uzoqlik	NOUN
uzoqmamat	NOUN
uzoqmuhammad	NOUN
uzoqmurod	NOUN
uzoqoy	NOUN
uzor	NOUN
uzr	INTJ,NOUN
uzra	AUX
uzrli	NOUN
uzrlilik	NOUN
uzro	NOUN
uzuk	NOUN
uzukxon	NOUN
uzum	NOUN
uzum-qisqa	ADJ
uzumci	NOUN
uzumcilik	NOUN
uzumxon	NOUN
uzumzor	NOUN
uzumzorlik	NOUN
uzun	ADJ,ADV,NOUN,VERB
uzun-uzun	ADJ
uzunasiga	ADV
uzunboy	NOUN
uzuncoq	ADJ,NOUN
uzuncoqlik	NOUN
uzundan-uzoq	ADV
uzunlaş	VERB
uzunlik	NOUN
uzunoy	NOUN
uzunqanot	NOUN
uzunqir	NOUN
uzunquduq	NOUN
uzunquloq	ADJ,NOUN
uzurboy	NOUN
uzurpatsiya	NOUN
uzv	NOUN
uzziya	NOUN
uzzo	NOUN
uzzol	NOUN
uzzukkun	NOUN
uşakov	NOUN
uşakova	NOUN
uşal	VERB
uşat	VERB
uşatil	VERB
uşattir	VERB
uşbu	NOUN,PRON
uşcenko	NOUN
uşkipo	NOUN
uşla	VERB
uşlan	VERB
uşlat	VERB
uşlattir	VERB
uşlaş	VERB
uşoq	NOUN,VERB
uşoqla	VERB
uşoqlan	VERB
uşoqlik	NOUN
uşoqmirza	NOUN
uşr	NOUN
uşu	NOUN
uşuk	NOUN
uşşoq	NOUN
va	CNJ,NOUN
va alaykum  assalom	INTJ
va-vaq	IMIT
vabo	NOUN
vaceslav	NOUN
vaclav	NOUN
vad	VERB
vada	ADJ,NOUN,VERB
vadaboz	ADJ,NOUN
vadabozlik	NOUN
vadalaş	VERB
vadan	NOUN
vadasiz	NOUN
vadasizlik	NOUN
vadavang	IMIT,VERB
vadavangla	VERB
vadavanglat	VERB
vadavanglaş	VERB
vadia	NOUN
vadilla	VERB
vadillat	VERB
vadillaş	VERB
vadim	NOUN
vadir	VERB
vadirla	VERB
vadirlat	VERB
vadirlaş	VERB
vadiuddin	NOUN
vadiulla	NOUN
vadud	NOUN
vaduda	NOUN
vaduz	NOUN
vaen	NOUN
vaenca	NOUN
vaensoz	NOUN
vaensozlik	NOUN
vaeranka	NOUN
vaerankaci	NOUN
vafir	NOUN
vafli	NOUN
vafo	ADJ,NOUN
vafodor	ADJ,NOUN
vafodorlik	NOUN
vafoli	NOUN
vafolik	NOUN
vafomuhammad	NOUN
vafosiz	ADJ,NOUN
vafosizlik	NOUN
vafot	NOUN
vafoulla	NOUN
vafoxon	NOUN
vag	VERB
vaga	NOUN
vagilla	VERB
vagir	VERB
vagir-vuguri	IMIT
vagirla	VERB
vagirlat	VERB
vagirlaş	VERB
vagiz	NOUN
vagiza	NOUN
vagon	NOUN
vagonca	NOUN
vagonci	NOUN
vagonetka	NOUN
vagonetkaci	NOUN
vagonovojatiy	NOUN
vagonsoz	NOUN
vagonsozlik	NOUN
vagranka	NOUN
vagvag	VERB
vagvagla	VERB
vah	NOUN
vah-vah	INTJ
vahdat	NOUN
vahhob	NOUN
vahhobiy	NOUN
vahhobiylik	NOUN
vahim	NOUN
vahima	ADJ,NOUN,VERB
vahimaci	NOUN
vahimalan	VERB
vahimali	ADJ
vahimalik	NOUN
vahimasira	VERB
vahitov	NOUN
vahm	NOUN
vahma	NOUN
vahmak	NOUN
vahmaq	NOUN
vahmaquş	NOUN
vahmkor	NOUN
vahobiddin	NOUN
vaholanki	CNJ
vahvah	VERB
vahvahla	VERB
vahşat	NOUN
vahşiy	ADJ,ADV,NOUN,VERB
vahşiylan	VERB
vahşiylarca	ADV
vahşiylaş	VERB
vahşiylik	NOUN
vahşiyona	ADV
vaiiş	NOUN
vaikulesku	NOUN
vaitov	NOUN
vaitova	NOUN
vaj	NOUN,VERB
vajh	NOUN
vajhiya	NOUN
vajida	NOUN
vajidan	AUX
vajiha	NOUN
vajilla	VERB
vajillaş	VERB
vajir	VERB
vajirla	VERB
vajirlaş	VERB
vajiulla	NOUN
vajiya	NOUN
vajla	VERB
vajlaş	VERB
vajohat	ADJ,NOUN
vajohatli	ADJ
vaju	NOUN
vajvuj	VERB
vajvujla	VERB
vak	VERB
vakansiya	NOUN
vakant	NOUN
vakfikebir	NOUN
vakil	NOUN
vakila	NOUN
vakilla	VERB
vakillat	VERB
vakillik	NOUN
vakolat	NOUN
vakolatnoma	NOUN
vakolatxona	NOUN
vakolotnoma	NOUN
vaksa	NOUN,VERB
vaksala	VERB
vaksina	NOUN
vakulencuk	NOUN
vakuum	NOUN
vakuummetr	NOUN
val	NOUN
valad	NOUN
valandovo	NOUN
valang	VERB
valangla	VERB
valanglat	VERB
valaq	VERB
valaqla	VERB
valat	NOUN
valdir	NOUN,VERB
valdira	VERB
valdirat	VERB
valdiraş	VERB
valdirvasar	NOUN
valdirvoqi	NOUN
vale	NOUN
valencia	NOUN
valensiya	NOUN
valent	NOUN
valentic	NOUN
valentin	NOUN
valentina	NOUN
valentinovna	NOUN
valentlik	NOUN
valeriana	NOUN
valeriy	NOUN
valeriya	NOUN
valeryanka	NOUN
valeryev	NOUN
valeyev	NOUN
valeyeva	NOUN
valfajri	NOUN
vali	NOUN
valiahd	NOUN
valiahmad	NOUN
valiakbar	NOUN
valiakram	NOUN
valiamin	NOUN
valiaxd	NOUN
valid	NOUN
valida	NOUN
validol	NOUN
validulla	NOUN
valik	NOUN
valikaram	NOUN
valikarim	NOUN
valikeldi	NOUN
valilullox	NOUN
valim	NOUN
valimamat	NOUN
valimardon	NOUN
valimat	NOUN
valimir	NOUN
valimirza	NOUN
valimuhammad	NOUN
valimulla	NOUN
valimurod	NOUN
valinafas	NOUN
valinazar	NOUN
valinemat	NOUN
valiniyoz	NOUN
valinur	NOUN
valiqul	NOUN
valiqurbon	NOUN
valirahim	NOUN
valirahmon	NOUN
valirasul	NOUN
valiturdi	NOUN
valiuddin	NOUN
valiulla	NOUN
valiulloh	NOUN
valiy	NOUN
valiya	NOUN
valiyor	NOUN
valiyya	NOUN
valiş	NOUN
valişer	NOUN
valladolid	NOUN
vallamat	NOUN
vallamatlik	NOUN
valletta	NOUN
valley	NOUN
vallohi	NOUN
valomat	NOUN
vals	NOUN
valter	NOUN
valvasiya	NOUN
valyuta	NOUN
vamasesku	NOUN
vampir	NOUN
van	NOUN
vanadiy	NOUN
vandal	NOUN
vandallar	NOUN
vang	NOUN,VERB
vang-vang	IMIT
vangilla	VERB
vangillat	VERB
vangir	VERB
vangirla	VERB
vangirlat	VERB
vangvang	VERB
vangvangla	VERB
vanil	NOUN
vanilin	NOUN
vanna	NOUN
vannaxona	NOUN
vanspor	NOUN
vanuatu	NOUN
vapnarka	NOUN
vaq	VERB
vaq-vaq	IMIT
vaqf	ADJ,NOUN
vaqfnoma	NOUN
vaqfxor	NOUN
vaqilla	VERB
vaqillat	VERB
vaqir	NOUN,VERB
vaqirla	VERB
vaqirlaş	VERB
vaqo	NOUN
vaqqos	NOUN
vaqt	ADJ,ADV,NOUN
vaqtcog	NOUN
vaqtcoglik	NOUN
vaqthuş	NOUN
vaqthuşlik	NOUN
vaqti	NOUN
vaqticog	NOUN
vaqticoglik	NOUN
vaqtinca	ADV,NOUN
vaqtixuş	NOUN
vaqtixuşlik	NOUN
var	VERB
varagic	NOUN
varaja	NOUN
varakay	NOUN
varang	VERB
varangla	VERB
varanglat	VERB
varaq	NOUN,VERB
varaqa	NOUN
varaqci	NOUN
varaqi	NOUN
varaqla	VERB
varaqlan	VERB
varaqlat	VERB
varasa	NOUN
vardiya	NOUN
varese	NOUN
varganza	NOUN
variant	NOUN
variatsiya	VERB
variatsiyala	VERB
varilla	VERB
varillat	VERB
variometr	NOUN
varna	NOUN
varner	NOUN
varq	VERB
varqilla	VERB
varqir	VERB
varqira	VERB
varqirat	VERB
varrak	NOUN
varrant	NOUN
varraq	NOUN
vart	VERB
varta	NOUN
vartilla	VERB
vartillat	VERB
varva	NOUN
varvar	NOUN
varvarak	NOUN
varvarizm	NOUN
varvarizmlar	NOUN
varzik	NOUN
varziş	NOUN
varşava	NOUN
vaselkov	NOUN
vaselkova	NOUN
vasf	NOUN
vasfijahon	NOUN
vasfijamol	NOUN
vasfiulla	NOUN
vasfiya	NOUN
vasic	NOUN
vasifa	NOUN
vasih	NOUN
vasil	NOUN
vasila	NOUN
vasilat	NOUN
vasilcenko	NOUN
vasile	NOUN
vasilenko	NOUN
vasilesku	NOUN
vasilevic	NOUN
vasiliy	NOUN
vasiljevic	NOUN
vasiljkovic	NOUN
vasiljon	NOUN
vasilkiv	NOUN
vasilyev	NOUN
vasilyeva	NOUN
vasilyevic	NOUN
vasilyevka	NOUN
vasilyevna	NOUN
vasilykovic	NOUN
vasim	NOUN
vasima	NOUN
vasiqa	NOUN,VERB
vasiqala	VERB
vasiqalat	VERB
vasiy	NOUN
vasiyat	NOUN
vasiyatnoma	NOUN
vasiylik	NOUN
vasiyulla	NOUN
vaskovic	NOUN
vasl	NOUN
vasli	NOUN
vasliddin	NOUN
vasliya	NOUN
vasolat	NOUN
vassa	NOUN
vassal	NOUN
vassallik	NOUN
vassalom	PRT
vassilis	NOUN
vassof	NOUN
vasvasa	NOUN
vasvos	NOUN
vatak	NOUN
vatan	ADJ,NOUN
vatandoş	NOUN
vatanfuruş	NOUN
vatanfuruşlik	NOUN
vatangado	NOUN
vatangadolik	NOUN
vatanjudo	NOUN
vatanjudolik	NOUN
vatanparvar	ADJ,NOUN
vatanparvarlik	NOUN
vatar	NOUN
vater	NOUN
vaterci	NOUN
vaterpas	NOUN
vaterpolist	NOUN
vaterpolo	NOUN
vatikan	NOUN
vatin	NOUN
vatkana	NOUN
vatman	NOUN
vatslav	NOUN
vatson	NOUN
vatt	NOUN
vattmetr	NOUN
vatutine	NOUN
vaucer	NOUN
vavag	IMIT
vavaq	VERB
vavaqla	VERB
vaxiy	NOUN
vaxta	NOUN
vaxter	NOUN
vaxtyor	NOUN
vaxşat	NOUN
vaxşatxona	NOUN
vaxşivor	NOUN
vaxşiy	ADJ
vayominq	NOUN
vayron	ADJ,NOUN
vayrona	ADJ,NOUN
vayronagarcilik	NOUN
vayronalik	NOUN
vayronazor	NOUN
vayrongarcilik	NOUN
vayronlik	NOUN
vays	NOUN
vaysa	ADJ,NOUN,VERB
vaysal	NOUN
vaysaqi	ADJ,NOUN
vaysaqilik	NOUN
vaysat	VERB
vaysayver	VERB
vaysaş	VERB
vaysira	VERB
vaysniyoz	NOUN
vayvayak	NOUN
vaz	NOUN
vaza	NOUN
vazboz	NOUN
vazbozlik	NOUN
vazci	NOUN
vazelin	NOUN,VERB
vazelinla	VERB
vazguy	NOUN
vazguylik	NOUN
vazifa	NOUN
vazifadoş	NOUN
vazifaşunos	NOUN
vazifaşunoslik	NOUN
vazila	NOUN
vazina	NOUN
vaziq	NOUN
vazir	NOUN
vazira	NOUN
vazirali	NOUN
vaziraxon	NOUN
vazirlik	NOUN
vaziyat	NOUN
vazmin	ADJ,NOUN,VERB
vazmina	NOUN
vazmincilik	NOUN
vazminla	VERB
vazminlaş	VERB
vazminlaştir	VERB
vazminlik	NOUN
vazn	NOUN
vaznsiz	NOUN
vaznsizlik	NOUN
vazxon	NOUN
vazxonlik	NOUN
vaş	VERB
vaşilla	VERB
vaşillat	VERB
vaşington	NOUN
vaşkivtsi	NOUN
vaşvaş	VERB
vaşvaşla	VERB
vdovicenko	NOUN
vecdi	NOUN
veda	NOUN
vedalar	NOUN
vedomost	NOUN,VERB
vedomostla	VERB
vefa	NOUN
vegda	NOUN
vegetarian	NOUN
vegetarianlik	NOUN
vegetativ	NOUN
vegetatsiya	NOUN
vehbi	NOUN
veja	NOUN
vekaric	NOUN
veksel	NOUN
vektor	NOUN
velehov	NOUN
velehova	NOUN
velic	NOUN
velikodolinske	NOUN
velikoross	NOUN
velikorosslar	NOUN
velikorus	NOUN
velikoruslar	NOUN
velikov	NOUN
velikova	NOUN
velilayev	NOUN
velilayeva	NOUN
velimir	NOUN
velimirovic	NOUN
velingrad	NOUN
velinovskiy	NOUN
veliyev	NOUN
veljanovskiy	NOUN
veljovic	NOUN
velodrom	NOUN
velopoyga	NOUN
velosiped	NOUN
velosipedci	NOUN
velosport	NOUN
velyanovskiy	NOUN
velyovic	NOUN
velyur	NOUN
ven	NOUN
vena	NOUN
venatica	NOUN
venatici	NOUN
vendicani	NOUN
venepunksiya	NOUN
venera	NOUN
venerik	NOUN
venerolog	NOUN
venerologiya	NOUN
veneto	NOUN
venetsiya	NOUN
venetsuela	NOUN
venezia	NOUN
venger	NOUN
vengerca	VERB
vengercala	VERB
vengojino	NOUN
vengr	NOUN
vengriya	NOUN
ventil	NOUN
ventilyator	NOUN
ventilyatsiya	NOUN,VERB
ventilyatsiyala	VERB
ventilyatsiyalan	VERB
verdun	NOUN
veresayev	NOUN
verf	NOUN
vergul	NOUN
verheugen	NOUN
verhnacka	NOUN
verhovina	NOUN
veriya	NOUN
vermişel	NOUN
vermont	NOUN
vernadskaya	NOUN
vernadski	NOUN
vernadskiy	NOUN
verner	NOUN
verona	NOUN
veronika	NOUN
versal	NOUN
versiya	NOUN
verstak	NOUN
vertikal	ADJ,NOUN
vertolet	NOUN
vertolyot	NOUN
veruovic	NOUN
verşok	NOUN,VERB
verşokla	VERB
veselin	NOUN
veselinovic	NOUN
veselkov	NOUN
veselkova	NOUN
veskovic	NOUN
vesoloye	NOUN
vesovic	NOUN
vest	NOUN
vestfaliya	NOUN
vestibyul	NOUN
vetcina	NOUN
veteran	NOUN
veterinar	NOUN
veterinariya	NOUN
veterynar	NOUN
vetevendosje	NOUN
veto	NOUN
vetvrac	NOUN
veysov	NOUN
veysova	NOUN
vezdexod	NOUN
veşalka	NOUN
vhite	NOUN
vibrobolga	NOUN
vibrogalvir	NOUN
vibroizolyasiya	NOUN
vibrometr	NOUN
vibrotoqmoq	NOUN
vicenza	NOUN
victoriya	NOUN
video	NOUN
videoapparatura	NOUN
videobar	NOUN
videoci	NOUN
videofilm	NOUN
videokanal	NOUN
videokasseta	NOUN
videokucaytirgic	NOUN
videomagnitofon	NOUN
videosalon	NOUN
videoserial	NOUN
videotasvir	NOUN
videoteka	NOUN
videotelefon	NOUN
videotexnika	NOUN
videoyozuv	NOUN
vidic	NOUN
vidin	NOUN
vido	NOUN,VERB
vidolaş	VERB
vidosevic	NOUN
vidovic	NOUN
vienne	NOUN
vientiane	NOUN
vietnam	NOUN
vig	VERB
vigilla	VERB
vigir	VERB
vigirla	VERB
vigirlat	VERB
vignjevic	NOUN
vigo	NOUN
vigovor	NOUN
vij	VERB
vij-vij	IMIT
vija	NOUN
vijdan	NOUN
vijdon	ADJ,ADV,NOUN
vijdonan	ADV
vijdonli	ADJ,NOUN
vijdonlilik	NOUN
vijdonsiz	ADJ,NOUN
vijdonsizlik	NOUN
vijilla	VERB
vijir	VERB
vijir-vijir	IMIT
vijirla	VERB
vijirlaş	VERB
vijirvijir	IMIT,VERB
vijirvijirla	VERB
vijnitsa	NOUN
vijvij	VERB
vijvijla	VERB
vikipediya	NOUN
vikiperiya	NOUN
viklyucatel	NOUN
vikont	NOUN
viktor	NOUN
viktorina	NOUN
viktoriya	NOUN
viktorov	NOUN
viktorovna	NOUN
vilayot	NOUN
vildan	NOUN
vilendecic	NOUN
viletic	NOUN
vilgelm	NOUN
vilhelmsen	NOUN
vilka	NOUN,VERB
vilkala	VERB
vilkali	ADJ
vilkovo	NOUN
villa	NOUN
villanueva	NOUN
ville	NOUN
villefrance	NOUN
villeneuve	NOUN
villers	NOUN
villiams	NOUN
villiamson	NOUN
vilnyus	NOUN
vilok	NOUN
viloyat	NOUN
vilson	NOUN
vilt	NOUN
vilşana	NOUN
vilşanka	NOUN
vimpel	NOUN
vinegret	NOUN
vinetka	NOUN
vinicne	NOUN
vinkivtsi	NOUN
vinko	NOUN
vinniki	NOUN
vinnitsk	NOUN
vinnitsya	NOUN
vino	NOUN
vinoci	NOUN
vinocilik	NOUN
vinogradiv	NOUN
vinolik	NOUN
vinovop	NOUN
vint	NOUN,VERB
vinterstein	NOUN
vintla	VERB
vintlan	VERB
violic	NOUN
viqir	VERB
viqirla	VERB
viqirlat	VERB
viqirlaş	VERB
viqor	ADJ,NOUN
viqviq	VERB
viqviqla	VERB
viraj	NOUN
virgil	NOUN
virginia	NOUN
virjiniya	NOUN
virus	NOUN
viruslar	NOUN
virusologiya	NOUN
vis	VERB
visbaden	NOUN
visic	NOUN
visilla	VERB
visir	VERB
visirla	VERB
visirlaş	VERB
viski	NOUN
viskonsin	NOUN
viskovic	NOUN
viskoza	NOUN
viskozimetr	NOUN
viskozimetriya	NOUN
vismut	NOUN
visner	NOUN
visol	NOUN
visola	NOUN
visolat	NOUN
vistavka	NOUN
vistula	NOUN
visvis	VERB
visvisla	VERB
visvislaş	VERB
vit	NOUN
vitaliy	NOUN
vitalyev	NOUN
vitamin	NOUN
vitebsk	NOUN
viteskic	NOUN
vitraj	NOUN
vitrina	NOUN
vitvit	VERB
vitvitla	VERB
viveska	NOUN
viviskin	NOUN
viytivtsi	NOUN
viz	NOUN,VERB
viz-viz	IMIT
viza	NOUN
vizantiya	NOUN
vizildoq	NOUN
vizilla	VERB
vizillat	VERB
vizitka	NOUN
vizual	VERB
vizuallaş	VERB
vizviz	VERB
vizvizla	VERB
viş	VERB
viş-viş	IMIT
vişhorod	NOUN
vişilla	VERB
vişillat	VERB
vişillaş	VERB
vişir	VERB
vişirla	VERB
vişka	NOUN
vişkovo	NOUN
vişneve	NOUN
vişnivets	NOUN
vişviş	VERB
vişvişla	VERB
vk	NOUN
vladan	NOUN
vladesku	NOUN
vladimir	NOUN
vladimirov	NOUN
vladimirova	NOUN
vladimirovka	NOUN
vladimirovna	NOUN
vladislav	NOUN
vladislava	NOUN
vladivostok	NOUN
vlado	NOUN
vlahovic	NOUN
vlahusic	NOUN
vlajic	NOUN
vlasenko	NOUN
vlasic	NOUN
vlasivka	NOUN
vlastimir	NOUN
vlatko	NOUN
vlaykovic	NOUN
vlore	NOUN
vmht	NOUN
vmro	NOUN
vnukov	NOUN
vnukova	NOUN
vo	INTJ,NOUN
vo,	X
voa	NOUN
vobasta	NOUN
vobkent	NOUN
vodarig	INTJ
vodarigo	NOUN
vodilboy	NOUN
vodilenic	NOUN
vodina	NOUN
vodiy	NOUN
vodokacka	NOUN
vodokanal	NOUN
vodolaz	NOUN
vodoprovod	NOUN
vodoprovodci	NOUN
vodorod	NOUN
vodud	NOUN
vofi	NOUN
vofir	NOUN
vofira	NOUN
vofiulla	NOUN
vofuruş	NOUN
vofuruşlik	NOUN
voh	NOUN
voha	NOUN
vohib	NOUN
vohid	NOUN
vohida	NOUN
vohidulla	NOUN
vohvoh	VERB
vohvohla	VERB
voikulesku	NOUN
voinka	NOUN
voinovic	NOUN
vois	NOUN
voiz	NOUN
voizlik	NOUN
vojak	NOUN
vojatiy	NOUN
vojib	NOUN
vojiba	NOUN
vojibboy	NOUN
vojicic	NOUN
vojid	NOUN
vojida	NOUN
vojih	NOUN
vojiha	NOUN
vojihulla	NOUN
vojinovic	NOUN
vojislav	NOUN
vokal	NOUN
vokalic	NOUN
vokalist	NOUN
vokalizm	NOUN
vokzal	NOUN
vola	NOUN
volan	NOUN
voldir	NOUN,VERB
voldira	VERB
voldiraş	VERB
voleybol	NOUN
voleybolci	NOUN
volfenson	NOUN
volfenstein	NOUN
volfgang	NOUN
volfram	NOUN
volga	NOUN
volgagrad	NOUN
volgograd	NOUN
volhov	NOUN
volhova	NOUN
voli	NOUN
volida	NOUN
volin	NOUN
voliy	NOUN
volkov	NOUN
volkova	NOUN
volnovaha	NOUN
volo	NOUN
volocisk	NOUN
volodarka	NOUN
vologda	NOUN
volohov	NOUN
volohova	NOUN
volost	NOUN
volostnoy	NOUN
volovets	NOUN
volt	NOUN
volta	NOUN
voltaj	NOUN
voltmetr	NOUN
volyoybol	NOUN
volyoybolci	NOUN
volyuntarist	NOUN
volyuntaristik	NOUN
volyuntarizm	NOUN
vomiq	NOUN
von	NOUN
vona	NOUN
voq	VERB
voqe	ADV,NOUN,VERB
voqea	NOUN
voqean	ADV
voqeanavis	NOUN
voqeanavislik	NOUN
voqeaxon	NOUN
voqeiy	NOUN
voqeiylik	NOUN
voqelan	VERB
voqelaş	VERB
voqelik	NOUN
voqi	NOUN
voqif	ADJ,NOUN
voqilla	VERB
vor	VERB
vorasta	NOUN
vori	NOUN
vorilla	VERB
vorillat	VERB
voris	NOUN
vorisa	NOUN
vorisali	NOUN
vorislik	NOUN
vorobyev	NOUN
vorobyeva	NOUN
vorobyov	NOUN
vorobyova	NOUN
vorohta	NOUN
vorojba	NOUN
voron	NOUN
voroncenko	NOUN
voronej	NOUN
voronij	NOUN
voronka	NOUN,VERB
voronkala	VERB
voronkasimon	NOUN
voronov	NOUN
voronova	NOUN
voronovitsa	NOUN
vorontsov	NOUN
vorontsova	NOUN
voroşilov	NOUN
voroşilova	NOUN
vorpommern	NOUN
vorzel	NOUN
vosges	NOUN
vosi	NOUN
vosid	NOUN
vosif	NOUN
vosil	NOUN
vosim	NOUN
vosima	NOUN
vosiq	NOUN
vosit	NOUN
vosita	NOUN
vositaci	NOUN
vositacilik	NOUN
vositmirza	NOUN
voskopolos	NOUN
vosta	NOUN
votum	NOUN
votvot	VERB
votvotla	VERB
vov	IMIT,VERB
vov-vov	IMIT
vovkovintsi	NOUN
vovulla	VERB
vovullat	VERB
vovullaş	VERB
voxitova	NOUN
voxtamgali	NOUN
voy	NOUN,VERB
voya	NOUN
voydod	NOUN,VERB
voydodla	VERB
voydodlat	VERB
voydovic	NOUN
voyenkomat	NOUN
voyey	NOUN
voyinovic	NOUN
voykov	NOUN
voykova	NOUN
voykovic	NOUN
voyla	VERB
voyniliv	NOUN
voynovic	NOUN
voysiddin	NOUN
voytenko	NOUN
voyuvic	NOUN
voyvodic	NOUN
voyvodina	NOUN
voyvoy	VERB
voyvoyla	VERB
voyvoylat	VERB
voyvoylaş	VERB
voz	NOUN,VERB
vozid	NOUN
voziha	NOUN
vozilla	VERB
vozillat	VERB
voziq	NOUN
voznesenskaya	NOUN
voznesenski	NOUN
voş	VERB
voşilla	VERB
voşillat	VERB
vrac	NOUN
vracevic	NOUN
vraclik	NOUN
vrancic	NOUN
vranic	NOUN
vraniskovskiy	NOUN
vrankic	NOUN
vrankovic	NOUN
vranopolos	NOUN
vrasic	NOUN
vratsa	NOUN
vrbosic	NOUN
vrcakovskiy	NOUN
vrkic	NOUN
vrlyanovic	NOUN
vrotslav	NOUN
vu	NOUN
vucelic	NOUN
vucetic	NOUN
vucic	NOUN
vucinic	NOUN
vuckevic	NOUN
vuckovic	NOUN
vucurevic	NOUN
vucurovic	NOUN
vujacic	NOUN
vujanovic	NOUN
vujasinovic	NOUN
vujcic	NOUN
vujic	NOUN
vujicic	NOUN
vujosevic	NOUN
vujovic	NOUN
vujud	NOUN
vujudiyat	NOUN
vuk	NOUN
vukadinovic	NOUN
vukasovic	NOUN
vukcevic	NOUN
vukelic	NOUN
vukic	NOUN
vukicevic	NOUN
vukmirovic	NOUN
vukojevic	NOUN
vukojicic	NOUN
vukosavljevic	NOUN
vukotic	NOUN
vukovar	NOUN
vukovic	NOUN
vukoyevic	NOUN
vuksanovic	NOUN
vuksic	NOUN
vuletic	NOUN
vulgar	NOUN,VERB
vulgarizator	NOUN
vulgarizm	NOUN
vulgarla	VERB
vulgarlaş	VERB
vulgarlaştir	VERB
vulkan	NOUN
vulkanizatsiya	NOUN
vulkanologiya	NOUN
vulqon	NOUN
vuqor	ADJ
vuqorli	ADJ
vusat	NOUN
vuskanovic	NOUN
vuy	IMIT
vuyanovic	NOUN
vuyavonic	NOUN
vuyic	NOUN
vuyovic	NOUN
vyorstka	VERB
vyorstkala	VERB
vznos	NOUN
waşington	NOUN
wecat	NOUN
werner	NOUN
westerwaldkreis	NOUN
westphalia	NOUN
who	NOUN
william	NOUN
windows	NOUN
wisconsin	NOUN
wolfgang	NOUN
wolverhampton	NOUN
wordpress	NOUN
world	NOUN
wrestlemania	NOUN
wrttemberg	NOUN
wto	NOUN
wurttemberg	NOUN
wwe	NOUN
wyoming	NOUN
xabar	ADJ,NOUN,VERB
xabarci	NOUN
xabardor	ADJ,NOUN
xabardorlik	NOUN
xabarkaş	NOUN
xabarkaşlik	NOUN
xabarla	VERB
xabarlaş	VERB
xabarnoma	NOUN
xabarsiz	NOUN
xabarsizlik	NOUN
xabiba	NOUN
xabir	NOUN
xabira	NOUN
xabiybuzzayyod	NOUN
xacettepe	NOUN
xacir	NOUN
xaddiniso	NOUN
xaddod	NOUN
xadik	NOUN
xadin	NOUN
xadirşa	NOUN
xadis	NOUN
xadra	NOUN
xafa	ADJ,ADV,NOUN,VERB
xafaci	NOUN
xafacilik	NOUN
xafagarcilik	NOUN
xafagazak	NOUN
xafahol	NOUN
xafalan	VERB
xafalaş	VERB
xafalik	NOUN
xafasimon	ADV
xafaxon	NOUN
xafifa	NOUN
xafs	NOUN
xafsala	NOUN
xagay	NOUN
xaggumca	NOUN
xajv	NOUN
xajvci	NOUN
xakas	NOUN
xakim	NOUN
xakima	NOUN
xakimaat	NOUN
xakimovskiy	NOUN
xala	NOUN
xalac	NOUN
xalacup	NOUN
xalaf	NOUN
xalaj	NOUN
xalajboy	NOUN
xalal	NOUN
xalaqit	NOUN
xalat	NOUN
xalatlik	NOUN
xalfa	NOUN
xalfalik	NOUN
xaliddin	NOUN
xalif	NOUN
xalifa	NOUN
xalifalik	NOUN
xalifiddin	NOUN
xalil	NOUN
xalila	NOUN
xaliliddin	NOUN
xalililrahmon	NOUN
xalilmirza	NOUN
xaliloxun	NOUN
xalilqul	NOUN
xalilsulton	NOUN
xaliltoy	NOUN
xalilulla	NOUN
xalilxoja	NOUN
xalilşer	NOUN
xalim	NOUN
xalimxona	NOUN
xaliq	NOUN
xaliqa	NOUN
xallonboy	NOUN
xalloq	NOUN
xalo	NOUN
xalojoy	NOUN
xalolxon	NOUN
xalos	NOUN
xaloskor	NOUN
xaloskorlik	NOUN
xaloxona	NOUN
xaloyiq	NOUN
xalq	ADJ,NOUN
xalqaro	ADJ,NOUN
xalqaroci	NOUN
xalqci	NOUN
xalqcil	ADJ,NOUN
xalqcilik	NOUN
xalqcillik	NOUN
xalqob	NOUN
xalqobod	NOUN
xalqparvar	ADJ,NOUN
xalqparvarlik	NOUN
xalta	NOUN,VERB
xaltaca	NOUN
xaltala	VERB
xaltalan	VERB
xaltura	NOUN
xalturaci	NOUN
xalturacilik	NOUN
xalvo	NOUN
xalx	NOUN
xam	NOUN
xamak	NOUN
xaman	NOUN
xamas	NOUN
xamat	NOUN
xameleon	NOUN
xamidulloh	NOUN
xamir	NOUN
xamirgir	NOUN
xamirturuş	NOUN
xamkon	NOUN
xammol	NOUN
xammolci	NOUN
xammolcilik	NOUN
xammollik	NOUN
xampa	NOUN
xamr	NOUN
xamsa	NOUN
xamsaci	NOUN
xamsacilik	NOUN
xamsanavis	NOUN
xamsoya	NOUN
xamyon	NOUN
xanda	NOUN
xandaq	NOUN
xandon	NOUN
xandonoy	NOUN
xanfa	NOUN
xangama	NOUN
xanida	NOUN
xanidaxon	NOUN
xanifa	NOUN
xanik	NOUN
xanita	NOUN
xaniza	NOUN
xanjar	NOUN,VERB
xanjara	NOUN
xanjarbek	NOUN
xanjarboy	NOUN
xanjarboz	NOUN
xanjarbozlik	NOUN
xanjarla	VERB
xanjarlan	VERB
xanjarqul	NOUN
xanjuvar	NOUN
xannon	NOUN
xanoy	NOUN
xantal	NOUN
xapamat	NOUN
xapriq	NOUN,VERB
xar	NOUN
xarajat	NOUN,VERB
xarajatla	VERB
xarak	NOUN
xarakiri	NOUN
xarakter	NOUN,VERB
xarakteristika	NOUN
xarakterla	VERB
xarakterlan	VERB
xarakterli	NOUN
xarakterlilik	NOUN
xaram	NOUN
xaramxona	NOUN
xaraşxona	NOUN
xarba	NOUN
xarci	NOUN
xargoş	NOUN
xari	NOUN
xarid	NOUN
xaridor	NOUN
xaridorgir	NOUN
xaridorlik	NOUN
xarif	NOUN
xarilik	NOUN
xarita	NOUN,VERB
xaritagrafiya	NOUN
xaritala	VERB
xaritaşunos	NOUN
xaritaşunoslik	NOUN
xariş	NOUN,VERB
xarişlan	VERB
xarj	NOUN,VERB
xarjla	VERB
xarjlan	VERB
xarjlat	VERB
xarkiv	NOUN
xarkov	NOUN
xarob	ADJ,NOUN
xaroba	ADJ,NOUN
xarobagarcilik	NOUN
xarobalik	NOUN
xarobazor	NOUN
xarobazorlik	NOUN
xaroblik	NOUN
xarobot	NOUN
xarom	ADJ
xarrak	NOUN
xarros	NOUN
xarrosiddin	NOUN
xarrot	NOUN
xarsang	NOUN
xarsangtoş	NOUN
xartiya	NOUN
xartum	NOUN
xartumca	NOUN
xarver	NOUN
xarxaşa	NOUN
xarxaşaci	NOUN
xas	NOUN
xasana	NOUN
xasis	NOUN
xasislik	NOUN
xaskaş	NOUN
xaskovo	NOUN
xasm	NOUN
xasmijamol	NOUN
xasmol	NOUN
xaspolat	NOUN
xaspuş	NOUN
xassa	NOUN
xassakaş	NOUN
xasta	ADJ,NOUN
xastadil	NOUN
xastadillik	NOUN
xastahol	NOUN
xastalik	NOUN
xastaxona	NOUN
xasva	NOUN
xat	NOUN
xat-hujjat	NOUN
xat-savod	NOUN
xat-xabar	NOUN
xatak	NOUN
xatar	NOUN
xatarnok	NOUN
xatarsiz	NOUN
xatarsizlik	NOUN
xatboşi	NOUN
xatcop	NOUN
xatcup	NOUN
xatgot	NOUN
xatgotlik	NOUN
xatib	NOUN
xatiba	NOUN
xatiblik	NOUN
xatif	NOUN
xatifa	NOUN
xatifjon	NOUN
xatifmirza	NOUN
xatifulla	NOUN
xatima	NOUN
xatira	NOUN
xatirabibi	NOUN
xatkaş	NOUN
xatlik	NOUN
xatm	NOUN
xatmi	NOUN
xatminiso	NOUN
xatna	NOUN
xato	NOUN
xatolik	NOUN
xatparast	NOUN
xatparastlik	NOUN
xatti-harakat	NOUN
xattot	NOUN
xattotlik	NOUN
xavf	ADJ,NOUN,VERB
xavflan	VERB
xavflantir	VERB
xavfli	ADJ,NOUN
xavflilik	NOUN
xavfsin	VERB
xavfsiz	NOUN,VERB
xavfsizlan	VERB
xavfsizlik	NOUN
xavier	NOUN
xavo	NOUN
xavonca	NOUN
xavotir	ADJ,ADV,NOUN,VERB
xavotirlan	VERB
xavotirli	ADJ
xavotirlik	NOUN
xavotirona	ADV
xavotirsin	VERB
xavoyi	NOUN
xavoyilik	NOUN
xavri	NOUN
xavriniso	NOUN
xaxa	VERB
xaxala	VERB
xaxalaş	VERB
xaybat	ADJ
xaydo	NOUN
xaydovci	NOUN
xaydovcilik	NOUN
xayit	NOUN
xayitcilik	NOUN
xayitlik	NOUN
xayol	ADJ,ADV,NOUN,VERB
xayolan	ADV
xayolcan	NOUN
xayolcanlik	NOUN
xayolci	NOUN
xayoliy	ADJ
xayolkaş	NOUN
xayolkaşlik	NOUN
xayolla	VERB
xayollan	VERB
xayolot	NOUN
xayolparast	ADJ,NOUN
xayolparastlik	NOUN
xayolsira	VERB
xayolxoan	NOUN
xayolxona	NOUN
xayr	INTJ,NOUN,VERB
xayr-xoş	VERB
xayr-xoşla	VERB
xayr-xoşlaş	VERB
xayrci	NOUN
xayri	NOUN
xayriddin	NOUN
xayriddinov	NOUN
xayriddinova	NOUN
xayrigul	NOUN
xayriislom	NOUN
xayrijahon	NOUN
xayrijamol	NOUN
xayrijon	NOUN
xayrikamol	NOUN
xayrikeldi	NOUN
xayrimamat	NOUN
xayrimuhammad	NOUN
xayriniso	NOUN
xayrinur	NOUN
xayripolat	NOUN
xayrixoh	NOUN
xayrixohlik	NOUN
xayriya	NOUN
xayriyat	NOUN,PRT
xayriyatki	PRT
xayriyatlik	NOUN
xayrlaş	NOUN,VERB
xayrlaşuv	NOUN
xayrobod	NOUN
xayrulbanot	NOUN
xayrulla	NOUN
xayrxona	NOUN
xayyom	NOUN
xayz	NOUN
xazanaq	NOUN
xazar	NOUN
xazarlar	NOUN
xazin	NOUN
xazina	NOUN
xazinabon	NOUN
xazinaci	NOUN
xazinacilik	NOUN
xazinaxona	NOUN
xazon	NOUN
xazona	NOUN
xazoncinak	NOUN
xazonrez	NOUN
xazonrezgi	NOUN
xazonrezgilik	NOUN
xazorboy	NOUN
xazrat	NOUN
xazri	NOUN
xaşab	NOUN
xaşak	NOUN,VERB
xaşakla	VERB
xaşaklat	VERB
xaşakxona	NOUN
xaşamat	NOUN
xaştak	NOUN
xdp	NOUN
xel	NOUN
xelsinki	NOUN
xemiri	NOUN
xemirilik	NOUN
xemosintez	NOUN
xemosorbsiya	NOUN
xeorxe	NOUN
xeorxiy	NOUN
xerson	NOUN
xetafe	NOUN
xez	NOUN,VERB
xezla	VERB
xezlan	VERB
xezlat	VERB
xezlaş	VERB
xeş	NOUN
xeş-aqrabo	NOUN
xeşlik	NOUN
xi	NOUN
xi-xi	IMIT
xiaomi	NOUN
xidir	NOUN
xidirali	NOUN
xidirberdi	NOUN
xidirmamat	NOUN
xidirmuhammad	NOUN
xidirmurod	NOUN
xidirnazar	NOUN
xidirniyoz	NOUN
xidirnur	NOUN
xidirqul	NOUN
xidiryor	NOUN
xidirşo	NOUN
xijil	NOUN,VERB
xijilla	VERB
xijillan	VERB
xijillik	NOUN
xijolat	NOUN
xijolatlik	NOUN
xijolatpaz	NOUN
xijolatpazlik	NOUN
xijrat	NOUN
xil	NOUN,VERB
xilat	NOUN
xilla	VERB
xillan	VERB
xillat	VERB
xillaş	VERB
xillik	NOUN
xilma-xil	NOUN
xilma-xillik	NOUN
xilof	NOUN
xiloflik	NOUN
xilol	NOUN
xilola	NOUN
xilondon	NOUN
xilqat	NOUN
xilt	NOUN
xilvat	ADJ,NOUN
xilvatali	NOUN
xilvatgoh	NOUN
xilvatjon	NOUN
xilvatlik	NOUN
xilvatnişin	NOUN
xilvatxona	NOUN
xilxona	NOUN
ximik	NOUN
ximikat	NOUN
ximiya	NOUN
xina	NOUN
xinagina	NOUN
xinagul	NOUN
xinhua	NOUN
xinin	NOUN
xino	NOUN
xinoyat	NOUN
xinzir	NOUN
xipca	ADJ,NOUN
xipcalik	NOUN
xipcin	NOUN
xipp	NOUN
xippa	ADV,IMIT
xir	NOUN
xira	ADJ,NOUN
xirad	NOUN
xiralik	NOUN
xiraxandon	NOUN
xirgoyi	NOUN
xirillo	NOUN
xirilloq\	NOUN
xiriv	NOUN
xirmon	NOUN
xirmonoy	NOUN
xirodiya	NOUN
xiroj	NOUN
xirojiddin	NOUN
xirojxon	NOUN
xirom	NOUN
xiromo	NOUN
xiromon	NOUN
xiromoy	NOUN
xirot	NOUN
xiroşima	NOUN
xirpa	NOUN
xirpi	NOUN
xirqa	NOUN
xirqapoş	NOUN
xirqi	NOUN
xirs	NOUN
xirurg	NOUN
xirurgiya	NOUN
xirurglik	NOUN
xirxir	IMIT,VERB
xirxirla	VERB
xislat	NOUN
xislatjon	NOUN
xislatoy	NOUN
xisrav	NOUN
xit	NOUN,VERB
xitla	VERB
xitlan	VERB
xitlaş	VERB
xitlik	NOUN
xitob	ADV,NOUN
xitoban	ADV
xitobnoma	NOUN
xitoy	NOUN
xitoyca	VERB
xitoycala	VERB
xitoyi	NOUN
xitoykent	NOUN
xitoylar	NOUN
xitoyon	NOUN
xitoyyuz	NOUN
xitoyşunos	NOUN
xitoyşunoslik	NOUN
xitxit	VERB
xitxitla	VERB
xiva	NOUN
xivaxon	NOUN
xivic	NOUN,VERB
xivicla	VERB
xiviclan	VERB
xiviclat	VERB
xix	INTJ,VERB
xixi	VERB
xixila	VERB
xixilaş	VERB
xixla	VERB
xixlat	VERB
xixxix	VERB
xixxixla	VERB
xiyla	ADJ,ADV,NOUN
xiylakor	ADJ
xiyli	NOUN
xiyobon	NOUN
xiyol	ADV,NOUN
xiyoliddin	NOUN
xiyolxon	NOUN
xiyonat	ADV,NOUN
xiyonatci	NOUN
xiyonatcilik	NOUN
xiyonatgar	NOUN
xiyonatgarlik	NOUN
xiyonatkor	ADV,NOUN
xiyonatkorlik	NOUN
xiyonatkorona	ADV
xizir	NOUN
xizirali	NOUN
xizirboy	NOUN
xizmat	NOUN
xizmatci	NOUN
xizmatcilik	NOUN
xizmatdoş	NOUN
xizmatkaş	NOUN
xizmatkor	NOUN
xizmatkorlik	NOUN
xizmatkorxona	NOUN
xizr	NOUN
xizriyev	NOUN
xizriyeva	NOUN
xişt	NOUN
xiştak	NOUN,VERB
xiştakla	VERB
xlibodarske	NOUN
xlimdanak	NOUN
xlor	NOUN,VERB
xlorid	NOUN
xlorit	VERB
xloritla	VERB
xloritlaş	VERB
xlorla	VERB
xlorlan	VERB
xlorofill	NOUN
xloroform	NOUN
xmel	NOUN
xmelnitskaya	NOUN
xmelnitski	NOUN
xmilnik	NOUN
xoakim	NOUN
xob	NOUN
xobgoh	NOUN
xobon	NOUN
xobxona	NOUN
xoc	NOUN
xoda	NOUN
xodaca	NOUN
xodi	NOUN
xodim	NOUN
xodima	NOUN
xodimali	NOUN
xodimci	NOUN
xodimcilik	NOUN
xodimgar	NOUN
xodimgarlik	NOUN
xodimi	NOUN
xodimlik	NOUN
xodiq	NOUN
xodoriv	NOUN
xofiyat	NOUN
xofiz	NOUN
xoh	CNJ
xohiş	NOUN
xohla	VERB
xohlab	NOUN
xohlabberdi	NOUN
xohlat	VERB
xohlaş	VERB
xoin	ADV,NOUN,VERB
xoinlaş	VERB
xoinlik	NOUN
xoinona	ADV
xoja	ADV,NOUN
xojaabror	NOUN
xojaahmad	NOUN
xojaahror	NOUN
xojaakbar	NOUN
xojaali	NOUN
xojaamin	NOUN
xojaavlod	NOUN
xojabek	NOUN
xojabeqa	NOUN
xojaberdi	NOUN
xojabergan	NOUN
xojabibi	NOUN
xojabiddin	NOUN
xojagat	NOUN
xojagi	NOUN
xojahasan	NOUN
xojahayron	NOUN
xojahofiz	NOUN
xojajabbor	NOUN
xojak	NOUN
xojakalon	NOUN
xojakamol	NOUN
xojakarim	NOUN
xojakeldi	NOUN
xojakent	NOUN
xojal	NOUN
xojalik	NOUN
xojam	NOUN
xojamamat	NOUN
xojamardon	NOUN
xojamat	NOUN
xojambek	NOUN
xojamberdi	NOUN
xojamboy	NOUN
xojamgul	NOUN
xojamirza	NOUN
xojamiyor	NOUN
xojamkeldi	NOUN
xojammuhammad	NOUN
xojamnafas	NOUN
xojamnazar	NOUN
xojamniyoz	NOUN
xojamquvvat	NOUN
xojamsaid	NOUN
xojamurod	NOUN
xojamyor	NOUN
xojamşukur	NOUN
xojanafas	NOUN
xojanazar	NOUN
xojaniyoz	NOUN
xojanur	NOUN
xojaobod	NOUN
xojaqorgon	NOUN
xojaqul	NOUN
xojaqurbon	NOUN
xojar	NOUN
xojarahmon	NOUN
xojasaid	NOUN
xojasavdogar	NOUN
xojasiz	ADV,NOUN
xojasizlarca	ADV
xojasizlik	NOUN
xojasoat	NOUN
xojasobir	NOUN
xojasulton	NOUN
xojat	NOUN
xojatilla	NOUN
xojatoy	NOUN
xojaturdi	NOUN
xojaxon	NOUN
xojaxroyi	NOUN
xojayev	NOUN
xojayin	NOUN
xojayinlik	NOUN
xojayor	NOUN
xojazoda	NOUN
xoji	NOUN
xojiakbar	NOUN
xojimurod	NOUN
xojinazar	NOUN
xok	NOUN
xoka	NOUN
xokandoz	NOUN
xoki	NOUN
xokipok	NOUN
xokipoy	NOUN
xokisor	ADJ,NOUN
xokisorlik	NOUN
xokitorob	NOUN
xokiturob	NOUN
xokituzon	NOUN
xokkey	NOUN
xokkeyci	NOUN
xokrez	NOUN
xoksor	NOUN
xol	NOUN,VERB
xola	NOUN
xolahmad	NOUN
xolambibi	NOUN
xolamoy	NOUN
xolavacca	NOUN
xolbadal	NOUN
xolbahodir	NOUN
xolbegim	NOUN
xolbek	NOUN
xolbeka	NOUN
xolberdi	NOUN
xolbibi	NOUN
xolbobo	NOUN
xolbodom	NOUN
xolbori	NOUN
xolbota	NOUN
xolbotir	NOUN
xolboy	NOUN
xolbozor	NOUN
xolbuvi	NOUN
xolbuviş	NOUN
xolcayon	NOUN
xolcori	NOUN
xolcucuk	NOUN
xoldavlat	NOUN
xoldon	NOUN
xoldono	NOUN
xoldonoy	NOUN
xoldor	NOUN,VERB
xoldorali	NOUN
xoldorbek	NOUN
xoldorlan	VERB
xoldormirza	NOUN
xoldoroy	NOUN
xoldorxon	NOUN
xoletsistit	NOUN
xolfayyoz	NOUN
xolgozal	NOUN
xolgozi	NOUN
xolgul	NOUN
xolhasan	NOUN
xolhoji	NOUN
xoli	ADJ,ADV,NOUN,VERB
xoliboy	NOUN
xolid	NOUN
xolida	NOUN
xoliddin	NOUN
xolidmirza	NOUN
xolidtora	NOUN
xolila	VERB
xolilan	VERB
xolilat	VERB
xolilik	NOUN
xolim	NOUN
xoliniso	NOUN
xoliq	NOUN
xoliqberdi	NOUN
xoliqca	NOUN
xoliqmirza	NOUN
xoliqnazar	NOUN
xoliqniyoz	NOUN
xoliqnur	NOUN
xoliqqozi	NOUN
xoliqqul	NOUN
xoliqturdi	NOUN
xoliqul	NOUN
xoliqşo	NOUN
xolis	ADV,NOUN,VERB
xolisa	NOUN
xolisabu	NOUN
xolisberdi	NOUN
xolisla	VERB
xolislan	VERB
xolislik	NOUN
xolismat	NOUN
xolismuhammad	NOUN
xolisona	ADV
xolixoja	NOUN
xoliya	NOUN
xoljamol	NOUN
xoljigit	NOUN
xoljon	NOUN
xoljora	NOUN
xolkarim	NOUN
xolkeldi	NOUN
xolla	VERB
xollan	NOUN,VERB
xolli	NOUN
xollibaxt	NOUN
xollibeka	NOUN
xollibibi	NOUN
xolligozal	NOUN
xolligul	NOUN
xollijamol	NOUN
xolliqul	NOUN
xolmamat	NOUN
xolmat	NOUN
xolmattora	NOUN
xolmeli	NOUN
xolmengli	NOUN
xolmi	NOUN
xolmirza	NOUN
xolmisir	NOUN
xolmomin	NOUN
xolmomo	NOUN
xolmon	NOUN
xolmonoy	NOUN
xolmuhammad	NOUN
xolmurod	NOUN
xolnafas	NOUN
xolnazar	NOUN
xolniso	NOUN
xolniyoz	NOUN
xolnor	NOUN
xolodilnik	NOUN
xoloroz	NOUN
xolos	NOUN,PRT
xolpolat	NOUN
xolpoş	NOUN
xolpoşşa	NOUN
xolq	NOUN
xolqazna	NOUN
xolqiz	NOUN
xolqora	NOUN
xolqosim	NOUN
xolqozi	NOUN
xolqul	NOUN
xolqurbon	NOUN
xolrahmon	NOUN
xolrajab	NOUN
xolsafar	NOUN
xolsaid	NOUN
xolsoat	NOUN
xolsora	NOUN
xolsulton	NOUN
xoltemir	NOUN
xoltilla	NOUN
xoltoji	NOUN
xoltora	NOUN
xoltoy	NOUN
xoltoş	NOUN
xolturdi	NOUN
xoltursun	NOUN
xolxoja	NOUN
xolyigit	NOUN
xolyor	NOUN
xolşakar	NOUN
xolşayx	NOUN
xolşer	NOUN
xom	ADJ,ADV,NOUN,VERB
xom-pişiq	ADJ
xom-xatala	ADJ
xoma	NOUN
xomak	NOUN,VERB
xomaki	ADJ,VERB
xomakila	VERB
xomakilaş	VERB
xomakla	VERB
xomaşe	NOUN
xomaşyo	NOUN
xomcot	NOUN,VERB
xomcotla	VERB
xomcut	NOUN
xomiq	NOUN
xomit	VERB
xomitla	VERB
xomkalla	ADJ
xomligica	ADV
xomlik	NOUN
xomma	NOUN
xommapiş	NOUN
xomqolip	NOUN
xomray	VERB
xomrayiş	VERB
xomraytir	VERB
xomsemiz	ADJ
xomsi	NOUN,VERB
xomsira	VERB
xomsurp	NOUN
xomsuvoq	NOUN
xomsuz	NOUN
xomtalaş	ADJ
xomtama	NOUN
xomtamalik	NOUN
xomtaraş	NOUN
xomtoq	NOUN
xomut	NOUN
xomuş	ADJ,NOUN,VERB
xomuşlan	VERB
xomuşlik	NOUN
xon	NOUN
xona	ADJ,NOUN
xonadon	NOUN
xonadoy	NOUN
xonadoylik	NOUN
xonaki	ADJ,VERB
xonakilaş	VERB
xonakilaştir	VERB
xonakilaştiril	VERB
xonali	NOUN
xonama-xona	ADV
xonanda	NOUN
xonanişin	NOUN
xonaqoh	NOUN
xonaqohnişin	NOUN
xonasallot	NOUN
xonasi	NOUN
xonatlas	NOUN
xonavayron	NOUN,VERB
xonavayronla	VERB
xonavayronlan	VERB
xonavayronlaş	VERB
xonavayronlik	NOUN
xonazim	NOUN
xonbandi	NOUN
xonbek	NOUN
xonbeka	NOUN
xonberdi	NOUN
xonbibi	NOUN
xonbobo	NOUN
xonbota	NOUN
xonbuvi	NOUN
xonbuviş	NOUN
xonca	NOUN
xoncaqqon	NOUN
xoncarbog	NOUN
xoncucuk	NOUN
xondamir	NOUN
xondon	NOUN
xondonoy	NOUN
xongul	NOUN
xonigul	NOUN
xonim	NOUN
xonima	NOUN
xonimer	NOUN
xonimgul	NOUN
xonimjon	NOUN
xonimnoz	NOUN
xonimoy	NOUN
xonimqiz	NOUN
xonimqul	NOUN
xonimxoja	NOUN
xonimzar	NOUN
xoniqul	NOUN
xoniş	NOUN
xonjahon	NOUN
xonjamol	NOUN
xonjizza	NOUN
xonjon	NOUN
xonkel	NOUN
xonkeldi	NOUN
xonlar	NOUN
xonlik	NOUN
xonmamat	NOUN
xonmat	NOUN
xonmengli	NOUN
xonmirza	NOUN
xonmuhammad	NOUN
xonmurod	NOUN
xonnazar	NOUN
xonniyoz	NOUN
xonnon	NOUN
xonobod	NOUN
xonoyim	NOUN
xonpolat	NOUN
xonpoşşa	NOUN
xonqa	NOUN
xonqizi	NOUN
xonqul	NOUN
xonsafar	NOUN
xonsaid	NOUN
xonsaroy	NOUN
xonsevar	NOUN
xonsoat	NOUN
xonsoibxon	NOUN
xonsora	NOUN
xonsulton	NOUN
xonsuluv	NOUN
xonsuvar	NOUN
xontalat	NOUN
xontaxta	NOUN
xontemir	NOUN
xontilla	NOUN
xontora	NOUN
xontoy	NOUN
xonturdi	NOUN
xontursin	NOUN
xonvali	NOUN
xonvayron	ADJ
xonxoja	NOUN
xonzafar	NOUN
xonzoda	NOUN
xop	ADV,INTJ,NOUN,PRT
xopla	NOUN
xoplam	NOUN
xoppa	NOUN
xoqa	NOUN
xoqaca	NOUN
xoqon	NOUN
xoqoniy	NOUN
xoqonlik	NOUN
xor	ADJ,NOUN,VERB
xor-zor	ADJ
xora	NOUN
xorak	NOUN,VERB
xorakla	VERB
xoraklan	VERB
xoraklantir	VERB
xorakxona	NOUN
xoram-noxoram	ADV
xoranda	NOUN
xorazm	ADV,NOUN
xorazmcasiga	ADV
xorazmiy	NOUN
xorda	NOUN
xordi	NOUN
xoreb	NOUN
xoreografik	NOUN
xoreografiya	NOUN
xorgul	NOUN
xorij	NOUN
xorijlik	NOUN
xorilla	VERB
xorillat	VERB
xoriqulodda	NOUN
xorkaş	NOUN
xorla	ADJ,VERB
xorlan	ADJ,VERB
xorlangan	ADJ
xorlat	VERB
xorlaş	VERB
xorlik	NOUN
xorlivka	NOUN
xormeyster	NOUN
xorol	NOUN
xorostkiv	NOUN
xoroz	NOUN
xorozboy	NOUN
xorozboz	NOUN
xorozbozlik	NOUN
xorozca	NOUN
xorozqand	NOUN
xorozxol	NOUN
xorsin	NOUN,VERB
xorsiniq	NOUN
xorsintir	VERB
xorst	NOUN
xorun	NOUN
xorvat	NOUN
xorvatiya	NOUN
xorvatlar	NOUN
xos	ADJ,NOUN,VERB
xosa	NOUN
xosdan	ADV
xose	NOUN
xosiya	NOUN
xosiyat	ADJ,NOUN
xosiyatli	ADJ
xoslan	VERB
xoslaş	VERB
xoslaştir	VERB
xoslik	NOUN
xospolat	NOUN
xossa	NOUN
xosxona	NOUN
xotam	NOUN
xotamiy	NOUN
xotatursun	NOUN
xotif	NOUN
xotik	NOUN
xotima	NOUN
xotimaxon	NOUN
xotin	ADV,NOUN
xotin-xalaj	NOUN
xotincasiga	ADV
xotinfuruş	NOUN
xotinlik	NOUN
xotinparast	NOUN
xotinparastlik	NOUN
xotinsiz	NOUN
xotinsizlik	NOUN
xotir	NOUN,VERB
xotira	NOUN
xotirjam	NOUN,VERB
xotirjamla	VERB
xotirjamlan	VERB
xotirjamlaş	VERB
xotirjamlik	NOUN
xotirla	VERB
xotirlan	VERB
xotirlat	VERB
xotirlik	NOUN
xotirot	NOUN
xotxot	VERB
xotxotla	VERB
xovajon	NOUN
xovand	NOUN
xovar	NOUN
xovargul	NOUN
xovariy	NOUN
xovdak	NOUN
xoxo	VERB
xoxola	VERB
xoxolaş	VERB
xoya	NOUN
xoyin	NOUN
xoyinlik	NOUN
xoyinona	NOUN
xoş	INTJ,VERB
xoşan	NOUN
xoşim	NOUN
xoşimbegovic	NOUN
xoşimiy	NOUN
xoşla	VERB
xoşlaş	VERB
xoşman	NOUN
xoşxoş	VERB
xoşxoşla	VERB
xoşş	VERB
xoşşay	VERB
xrant	NOUN
xren	NOUN
xrestomatiya	NOUN
xristian	NOUN
xristo	NOUN
xristofiyas	NOUN
xristofyas	NOUN
xrizantema	NOUN
xrncic	NOUN
xrom	NOUN,VERB
xromla	NOUN,VERB
xromlan	VERB
xromosfera	NOUN
xromosoma	NOUN
xromosomalar	NOUN
xronik	NOUN
xronika	NOUN
xronikaci	NOUN
xronikal	NOUN
xrono	NOUN
xronobiologiya	NOUN
xronologiya	NOUN
xronomet	NOUN
xronometr	NOUN,VERB
xronometraj	NOUN,VERB
xronometrajci	NOUN
xronometrajla	VERB
xronometrik	NOUN
xronometrla	VERB
xrustal	NOUN
xuan	NOUN
xubbim	NOUN
xubbimjamol	NOUN
xubbimqul	NOUN
xubbonkol	NOUN
xubcehra	NOUN
xubjamol	NOUN
xublar	NOUN
xubnigor	NOUN
xubroy	NOUN
xubulla	NOUN
xud	NOUN
xudbin	ADJ,NOUN
xudbinlik	NOUN
xuddi	NOUN,PRT
xudista	NOUN
xudkom	NOUN
xudkomlik	NOUN
xudo	NOUN
xudoat	NOUN
xudobaxş	NOUN
xudoberdi	NOUN
xudobexabar	ADJ
xudodod	NOUN
xudoi	NOUN
xudoixona	NOUN
xudojoy	NOUN
xudojoylik	NOUN
xudon	NOUN
xudonazar	NOUN
xudoparastlik	NOUN
xudoquli	NOUN
xudosizlik	NOUN
xudotars	NOUN
xudotarslik	NOUN
xudovand	NOUN
xudovanda	NOUN
xudoy	NOUN
xudoybaxş	NOUN
xudoyberdi	NOUN
xudoybergan	NOUN
xudoyboq	NOUN
xudoydod	NOUN
xudoyi	NOUN
xudoyici	NOUN
xudoyixona	NOUN
xudoymurod	NOUN
xudoynazar	NOUN
xudoyniyoz	NOUN
xudoynur	NOUN
xudoyo	NOUN
xudoyor	NOUN
xudoyqul	NOUN
xudoyyor	NOUN
xudoyzot	NOUN
xudoyşukur	NOUN
xufar	NOUN
xufiya	NOUN
xufton	NOUN
xufya	NOUN
xujasta	NOUN
xujum	NOUN
xujumci	NOUN
xuk	NOUN
xukm	NOUN
xulbuniso	NOUN
xule	NOUN
xuligan	NOUN
xuliganlik	NOUN
xullas	PRT
xulosa	NOUN
xulosaxon	NOUN
xulq	ADJ,NOUN
xulq-atvor	NOUN
xulyo	NOUN
xum	NOUN
xumayra	NOUN
xumboş	NOUN
xumca	NOUN
xumdo	NOUN
xumdoci	NOUN
xumdon	NOUN
xumdonak	NOUN
xumdonci	NOUN
xumin	NOUN
xummon	NOUN
xumor	NOUN
xumora	NOUN
xumorgarcilik	NOUN
xumorgarlik	NOUN
xumorgul	NOUN
xumori	NOUN
xumorlik	NOUN
xumoroy	NOUN
xumorqul	NOUN
xumoyun	NOUN
xumoyunmirzo	NOUN
xumpar	NOUN
xumsa	NOUN
xumsalik	NOUN
xun	NOUN
xunasa	NOUN
xunasalik	NOUN
xunbor	NOUN
xunibiiron	NOUN
xunibiyron	ADJ
xunob	NOUN
xunoba	NOUN
xunobagarcilik	NOUN
xunobgarcilik	NOUN
xunoblik	NOUN
xunolud	NOUN
xunrez	NOUN
xunrezlik	NOUN
xunuk	ADJ,NOUN,VERB
xunuklaş	VERB
xunuklik	NOUN
xunxor	NOUN
xunxorlik	NOUN
xunxur	NOUN
xunxurlik	NOUN
xuquq	NOUN
xur	VERB
xur-xur	IMIT
xural	NOUN
xurdak	NOUN
xurdod	NOUN
xuriş	NOUN
xurişboy	NOUN
xurjun	NOUN,VERB
xurjunla	VERB
xurjunlaş	VERB
xurjunlaştir	VERB
xurliqobonu	NOUN
xurma	NOUN
xurmaca	NOUN
xurmaqovoq	NOUN
xurmatoy	NOUN
xurmo	NOUN
xurmon	NOUN
xurmozor	NOUN
xurofot	NOUN
xurofotci	NOUN
xurofotfuruş	NOUN
xuromon	NOUN
xuroson	NOUN
xurr	NOUN
xurrak	NOUN
xurrakci	NOUN
xurram	NOUN
xurrambek	NOUN
xurramgul	NOUN
xurramlik	NOUN
xurrammirza	NOUN
xurramqul	NOUN
xurramtoş	NOUN
xurramxoja	NOUN
xurramşo	NOUN
xurriyat	NOUN
xurriyatparvar	NOUN
xurriyatparvarlik	NOUN
xursand	ADJ,NOUN
xursandali	NOUN
xursandbek	NOUN
xursandbibi	NOUN
xursandcilik	NOUN
xursandgul	NOUN
xursandlik	NOUN
xursandoy	NOUN
xursandqul	NOUN
xursandtoş	NOUN
xursandxoja	NOUN
xursanoy	NOUN
xuruj	NOUN,VERB
xurujlan	VERB
xurulla	VERB
xurullat	VERB
xurullaş	VERB
xuruş	NOUN,VERB
xuruşla	VERB
xuruşlan	VERB
xurşid	NOUN
xurşida	NOUN
xurşidabonu	NOUN
xurşidbek	NOUN
xurşidmomo	NOUN
xurşidxon	NOUN
xusniddin	NOUN
xusninigor	NOUN
xusniobod	NOUN
xusnira	NOUN
xusniya	NOUN
xusniyabonu	NOUN
xusnora	NOUN
xusrav	NOUN
xusrov	NOUN
xust	NOUN
xusumat	NOUN
xusus	ADV,NOUN
xususan	ADV
xususiy	NOUN,VERB
xususiyat	NOUN
xususiylaş	VERB
xususiylaştir	VERB
xususiylaştiril	VERB
xususiylik	NOUN
xutba	NOUN
xutor	NOUN
xuttak	NOUN
xuvari	NOUN
xuvdor	NOUN
xuvkuş	NOUN
xuyt	INTJ
xuzayfa	NOUN
xuzro	NOUN
xuş	ADJ,NOUN,VERB
xuşali	NOUN
xuşandom	NOUN
xuşbahra	NOUN
xuşbahralik	NOUN
xuşbarno	NOUN
xuşbarxon	NOUN
xuşbaxt	NOUN
xuşbaxtlik	NOUN
xuşbek	NOUN
xuşbeka	NOUN
xuşbicim	ADJ,NOUN
xuşbicimlik	NOUN
xuşbin	NOUN
xuşboq	NOUN
xuşboy	ADJ,VERB
xuşboyla	VERB
xuşboylan	VERB
xuşbuy	NOUN
xuşbuylik	NOUN
xuşcaqcaq	NOUN
xuşcaqcaqlik	NOUN
xuşdavr	NOUN
xuşdil	NOUN
xuşfel	ADJ,NOUN
xuşfellik	NOUN
xuşgap	NOUN
xuşgaplik	NOUN
xuşgul	NOUN
xuşhavo	ADJ
xuşhol	NOUN
xuşim	NOUN
xuşimbek	NOUN
xuşjamol	NOUN
xuşkeldi	NOUN
xuşket	NOUN
xuşla	VERB
xuşlan	VERB
xuşlat	VERB
xuşlaş	VERB
xuşlik	NOUN
xuşmamat	NOUN
xuşman	NOUN
xuşmanzara	ADJ,NOUN
xuşmanzaralik	NOUN
xuşmat	NOUN
xuşmengiz	NOUN
xuşminaz	NOUN
xuşmir	NOUN
xuşmirza	NOUN
xuşmuhammad	NOUN
xuşmulozimat	NOUN
xuşmulozimatlik	NOUN
xuşmuomala	ADJ,NOUN
xuşmuomalalik	NOUN
xuşmurod	NOUN
xuşnavo	NOUN
xuşnavoz	NOUN
xuşnazar	NOUN
xuşni	NOUN
xuşniboy	NOUN
xuşnid	NOUN
xuşnida	NOUN
xuşniddin	NOUN
xuşniyoz	NOUN
xuşnom	NOUN
xuşnor	NOUN
xuşnora	NOUN
xuşnoza	NOUN
xuşnud	NOUN
xuşnuda	NOUN
xuşnudlik	NOUN
xuşnuza	NOUN
xuşomad	ADJ,ADV,NOUN
xuşomadgoy	ADJ,NOUN
xuşomadgoylik	NOUN
xuşomadomuz	ADV
xuşomon	NOUN
xuşot	NOUN
xuşovoz	NOUN
xuşovozlik	NOUN
xuşoxang	NOUN
xuşoxanglik	NOUN
xuşqadam	NOUN
xuşriddin	NOUN
xuşroy	ADJ,NOUN
xuşruy	NOUN
xuşruylik	NOUN
xuşsiz	ADJ
xuşsoat	NOUN
xuştabiat	ADJ,NOUN
xuştabiatlik	NOUN
xuştakalluf	NOUN
xuştakallufli	NOUN
xuştakalluflik	NOUN
xuştakalluflilik	NOUN
xuştam	ADJ,NOUN
xuştamlik	NOUN
xuştor	NOUN
xuştorlik	NOUN
xuşvakt	NOUN
xuşvaktlik	NOUN
xuşvaqt	NOUN,VERB
xuşvaqtlan	VERB
xuşvaqtlik	NOUN
xuşxabar	NOUN
xuşxat	ADJ,NOUN
xuşxoja	NOUN
xuşxon	NOUN
xuşxonlik	NOUN
xuşxor	ADJ
xuşxulq	NOUN
xuşxulqlik	NOUN
xuşyoqmas	NOUN
xuşyoqmaslik	NOUN
xuşyor	ADJ
xuşyorqul	NOUN
xvj	NOUN
xyuston	NOUN
xşonhuv	NOUN
yablunets	NOUN
yabluniv	NOUN
yaceyka	NOUN
yadro	NOUN
yafa	NOUN
yagana	NOUN,VERB
yaganaci	NOUN
yaganala	VERB
yaganalan	VERB
yaganalaş	VERB
yagir	ADJ,NOUN,VERB
yagirla	VERB
yagirlan	VERB
yaglikara	NOUN
yagmo	NOUN
yagmogar	NOUN
yagmogarlik	NOUN
yagona	ADJ,NOUN
yagotin	NOUN
yagrang	NOUN
yagrin	NOUN
yagyayev	NOUN
yagyayeva	NOUN
yaha	NOUN
yahic	NOUN
yahoo	NOUN
yahud	NOUN
yahudi	NOUN
yahudiy	NOUN
yahudiya	NOUN
yahudiye	NOUN
yahudo	NOUN
yahyo	NOUN
yahyopolat	NOUN
yahyoqul	NOUN
yahyoxun	NOUN
yaitskaya	NOUN
yaitski	NOUN
yak	NOUN
yakan	NOUN
yakanci	NOUN
yakancilik	NOUN
yakandoz	NOUN
yakdil	NOUN
yakdillik	NOUN
yakdona	NOUN
yakimenko	NOUN
yakjlvoz	NOUN
yakka	ADJ,NOUN,VERB
yakka-yolgiz	ADJ
yakkabog	NOUN
yakkaboş	NOUN
yakkaboşci	NOUN
yakkaboşcilik	NOUN
yakkacop	NOUN
yakkala	VERB
yakkalan	VERB
yakkalat	VERB
yakkalik	NOUN
yakkasaroy	NOUN
yakkatut	NOUN
yakkaxon	NOUN
yakkaxonlik	NOUN
yakkaş	ADV
yakov	NOUN
yakova	NOUN
yakovlev	NOUN
yakovlyevic	NOUN
yakpora	NOUN
yakruya	NOUN
yakson	VERB
yaksonla	VERB
yaksonlan	VERB
yaktak	NOUN
yaktakcan	NOUN
yaktan	NOUN
yakubov	NOUN
yakubova	NOUN
yakun	NOUN,VERB
yakunla	VERB
yakunlan	VERB
yakunlaş	VERB
yakunlaştir	VERB
yakunlo	NOUN
yakunlovci	NOUN
yakupogli	NOUN
yakutsk	NOUN
yakzon	NOUN
yakzona	NOUN
yakşanba	NOUN
yakşanbalik	NOUN
yakşic	NOUN
yal	NOUN
yal-yal	IMIT
yala	NOUN,VERB
yalab-yasqa	VERB
yalab-yulqi	VERB
yalakat	NOUN
yalamur	NOUN
yalan	VERB
yalang	NOUN,VERB
yalangla	VERB
yalanglan	VERB
yalanglaş	VERB
yalanglik	NOUN
yalangoc	ADJ,NOUN,VERB
yalangocla	VERB
yalangoclan	VERB
yalangoclat	VERB
yalangoclik	NOUN
yalangtuş	NOUN
yalansi	VERB
yalat	VERB
yalattir	VERB
yalaş	VERB
yalci	NOUN,VERB
yalcit	VERB
yaldo	NOUN
yaldoboy	NOUN
yalgars	NOUN
yalgoş	NOUN
yalgoşboy	NOUN
yalgoşqul	NOUN
yalhak	NOUN
yalin	NOUN,VERB
yalincoq	NOUN
yalincoqlik	NOUN
yalinib-yolvor	VERB
yalintir	VERB
yalla	NOUN
yallaboy	NOUN
yallaci	NOUN
yallacilik	NOUN
yallama	NOUN
yallaqa	NOUN
yallig	NOUN,VERB
yalligla	VERB
yalliglan	VERB
yalliglat	VERB
yallola	NOUN
yalma	VERB
yalmogiz	NOUN
yalmon	NOUN
yalmonquloq	NOUN
yalongoc	ADJ
yalov	NOUN
yalpang	VERB
yalpangla	VERB
yalpanglan	VERB
yalpay	VERB
yalpayiş	VERB
yalpaytir	VERB
yalpi	ADV,NOUN
yalpisica	ADV
yalpisiga	ADV
yalpiz	NOUN,VERB
yalpizla	VERB
yalpoq	VERB
yalpoql	VERB
yalpoqla	VERB
yalpoqlan	VERB
yalpoqlaş	VERB
yalqaboy	NOUN
yalqamsiq	NOUN
yalqamsiqlik	NOUN
yalqov	ADJ,NOUN,VERB
yalqovla	VERB
yalqovlan	VERB
yalqovlaş	VERB
yalqovlik	NOUN
yalqovsira	VERB
yalt	ADJ,IMIT,VERB
yalt-ult	IMIT
yalt-yalt	IMIT
yalt-yult	IMIT
yalta	NOUN
yaltang	VERB
yaltangla	VERB
yaltanglan	VERB
yaltilla	VERB
yaltillat	VERB
yaltira	VERB
yaltirat	VERB
yaltiratil	VERB
yaltiro	NOUN
yaltiroq	ADJ,NOUN,VERB
yaltiroqla	VERB
yaltiroqlan	VERB
yaltiroqlik	NOUN
yaltoq	NOUN,VERB
yaltoqla	VERB
yaltoqlan	VERB
yaltoqlaş	VERB
yaltoqlik	NOUN
yam	VERB
yama	VERB
yamal	NOUN,VERB
yamalo	NOUN
yaman	NOUN
yamat	VERB
yamatil	VERB
yamattir	VERB
yamayka	NOUN
yamaş	VERB
yamaştir	VERB
yamin	NOUN
yaminiddin	NOUN
yaminulla	NOUN
yaminxoja	NOUN
yamla	VERB
yamlan	VERB
yamlat	VERB
yamo	ADJ
yamoq	ADJ
yamoq-yasqoq	ADJ
yamoqli	ADJ
yamoussoukro	NOUN
yampil	NOUN
yamq	NOUN
yamqci	NOUN
yamqcilik	NOUN
yan	VERB
yana	ADV,NOUN
yanaboy	NOUN
yanbolu	NOUN
yanc	VERB
yanci	VERB
yancil	VERB
yancit	VERB
yanciş	VERB
yanctir	VERB
yang	NOUN
yanga	NOUN
yangi	ADJ,ADV,NOUN,VERB
yangibek	NOUN
yangiberdi	NOUN
yangiboy	NOUN
yangibozor	NOUN
yangica	ADJ,ADV
yangicasiga	ADV
yangidan	ADV
yangigul	NOUN
yangikent	NOUN
yangil	NOUN
yangila	VERB
yangilan	VERB
yangilat	VERB
yangiligica	ADV
yangilik	NOUN
yangiloy	NOUN
yangioroz	NOUN
yangiqorgon	NOUN
yangirabot	NOUN
yangiravot	NOUN
yangisuluv	NOUN
yangitdan	ADV
yangiyer	NOUN
yangiyol	NOUN
yangiyop	NOUN
yanglig	AUX,NOUN
yangliş	NOUN,VERB
yanglişlik	NOUN
yangliştir	VERB
yangra	VERB
yangrat	VERB
yanguli	NOUN
yani	CNJ
yaniş	VERB
yankov	NOUN
yankova	NOUN
yankovic	NOUN
yantoq	NOUN
yantoqzor	NOUN
yanukov	NOUN
yanukovic	NOUN
yanv	NOUN
yanvar	NOUN
yanyic	NOUN
yap-yapaloq	ADJ
yapaloq	ADJ,VERB
yapaloqla	VERB
yapaloqlan	VERB
yapaloqquş	NOUN
yapasqi	VERB
yapasqila	VERB
yapoloqyuz	ADJ
yapon	NOUN
yaponiya	NOUN
yaproq	NOUN,VERB
yaproqla	VERB
yaproqlan	VERB
yaqin	ADJ,NOUN,VERB
yaqinda	ADV
yaqindan	ADV
yaqinjon	NOUN
yaqinla	VERB
yaqinlan	VERB
yaqinlat	VERB
yaqinlaş	VERB
yaqinlaştir	VERB
yaqinlaştiril	VERB
yaqinlik	NOUN
yaqqol	ADV,NOUN
yaqqollik	NOUN
yaqto	NOUN
yaqub	NOUN
yara	ADJ,NOUN,VERB
yarador	NOUN
yaradorlik	NOUN
yaral	VERB
yarala	VERB
yaralan	VERB
yarall	NOUN
yaramas	ADJ,NOUN
yaramaslik	NOUN
yaraq	IMIT,VERB
yaraqla	VERB
yaraqlat	VERB
yarat	NOUN,VERB
yaratil	VERB
yarattir	VERB
yaratuvci	NOUN
yaraş	NOUN,VERB
yaraşa	AUX
yaraşgul	NOUN
yaraşiq	NOUN
yaraşjon	NOUN
yaraştir	VERB
yaraştiril	VERB
yaremce	NOUN
yaremenko	NOUN
yargunci	NOUN
yarim	VERB
yarim-yorti	ADV
yarimavtomat	ADJ
yarimcol	NOUN
yarimgul	NOUN
yarimla	VERB
yarimlat	VERB
yarimlattir	VERB
yarimotkazgic	NOUN
yarimtalik	NOUN
yarkent	NOUN
yarlaqa	NOUN,VERB
yarliqobbergan	NOUN
yarmarka	NOUN
yarmolenko	NOUN
yarmolintsi	NOUN
yaro	ADJ
yarog	NOUN,VERB
yarogla	VERB
yaroglan	VERB
yaroglantir	VERB
yarogsiz	NOUN,VERB
yarogsizla	VERB
yarogsizlan	VERB
yarogsizlantir	VERB
yarogsizlantiril	VERB
yarogsizlik	NOUN
yarogsoz	NOUN
yarogsozlik	NOUN
yarogxona	NOUN
yaroq	ADJ,NOUN
yaroqli	ADJ,NOUN
yaroqlilik	NOUN
yaroqsiz	ADJ,NOUN
yaroqsizlik	NOUN
yaroslav	NOUN
yaroslavl	NOUN
yaroslavov	NOUN
yaroslavovna	NOUN
yarovam	NOUN
yarq	IMIT,VERB
yarq-yurq	IMIT
yarqilla	VERB
yarqillat	VERB
yarqira	VERB
yarqirat	VERB
yartepa	NOUN
yarus	NOUN
yas	VERB
yasa	ADJ,NOUN,VERB
yasal	VERB
yasama	ADJ
yasamol	NOUN
yasan	VERB
yasaniş	VERB
yasantir	VERB
yasantiril	VERB
yasat	NOUN,VERB
yasatig	NOUN
yasatigliq	NOUN
yasatil	VERB
yasattir	VERB
yasaş	VERB
yasemiy	NOUN
yasina	NOUN
yasinskaya	NOUN
yasinski	NOUN
yasinskiy	NOUN
yasinuvata	NOUN
yaslan	VERB
yaslaniş	VERB
yaslantir	VERB
yasmin	NOUN
yasmina	NOUN
yasmiq	NOUN
yaso	NOUN
yasog	NOUN
yasogliq	NOUN
yasoq	NOUN
yasov	NOUN
yasovci	NOUN
yasovul	NOUN
yasovulxona	NOUN
yassaviya	NOUN
yassi	ADJ,NOUN,VERB
yassila	VERB
yassilan	VERB
yassilik	NOUN
yassitog	NOUN
yassitoglik	NOUN
yastan	VERB
yatim	NOUN
yatima	NOUN
yatsenko	NOUN
yavoriv	NOUN
yavvoyi	ADJ
yax	NOUN,VERB
yaxla	VERB
yaxlat	VERB
yaxlatil	VERB
yaxlit	NOUN,VERB
yaxlitla	VERB
yaxlitlan	VERB
yaxlitlantir	VERB
yaxlitlantiril	VERB
yaxlitlaş	VERB
yaxlitlaştir	VERB
yaxlitlaştiril	VERB
yaxmalak	NOUN
yaxna	NOUN
yaxob	NOUN
yaxtak	NOUN
yaxtakca	NOUN
yaxu	NOUN
yaxuyada	NOUN
yaxyona	NOUN
yaxşi	ADJ,ADV,NOUN,PRT,VERB
yaxşi-yaxşi	ADJ
yaxşi-yomon	ADJ
yaxşibek	NOUN
yaxşiberdi	NOUN
yaxşigul	NOUN
yaxşikeldi	NOUN
yaxşil	ADV
yaxşila	ADV,VERB
yaxşilab	ADV
yaxşilan	VERB
yaxşilik	ADV,NOUN
yaxşilikca	ADV
yaxşiliq	NOUN
yaxşillikca	ADV
yaxşim	NOUN
yaxşimamat	NOUN
yaxşimat	NOUN
yaxşimirza	NOUN
yaxşimuhammad	NOUN
yaxşimurod	NOUN
yaxşinazar	NOUN
yaxşiniyoz	NOUN
yaxşinor	NOUN
yaxşiqiz	NOUN
yaxşiqul	NOUN
yaxşiroq	ADJ
yaxşisi	ADV
yaxşisoat	NOUN
yaxşitoy	NOUN
yaxşiulla	NOUN
yaydoq	NOUN
yaydov	NOUN
yayla	VERB
yaylaboy	NOUN
yayloq	NOUN
yaylov	NOUN
yaylovbot	NOUN
yaylovqul	NOUN
yayov	ADV,VERB
yayovla	VERB
yayovlan	VERB
yayovlaş	VERB
yaypan	NOUN
yayra	NOUN,VERB
yayrab-yaşna	VERB
yayrab-yaşnat	VERB
yayrasin	NOUN
yayrat	VERB
yayratil	VERB
yayraş	VERB
yazdon	NOUN
yazdonbaxsj	NOUN
yazdonqul	NOUN
yazdonyor	NOUN
yaziciyev	NOUN
yaziciyeva	NOUN
yazid	NOUN
yaznan	NOUN
yaznanqul	NOUN
yazov	NOUN
yazova	NOUN
yaş	NOUN,VERB
yaşa	VERB
yaşar	NOUN,VERB
yaşart	VERB
yaşartir	VERB
yaşat	VERB
yaşik	NOUN,VERB
yaşikla	VERB
yaşiklat	VERB
yaşiksoz	NOUN
yaşiksozlik	NOUN
yaşil	ADJ,NOUN,VERB
yaşilla	VERB
yaşillan	VERB
yaşillantir	VERB
yaşillaş	VERB
yaşillik	NOUN
yaşin	ADV,NOUN
yaşinbek	NOUN
yaşinday	ADV
yaşinmacoq	NOUN
yaşiq	NOUN
yaşir	ADJ,ADV,NOUN,VERB
yaşirin	ADJ,ADV,NOUN,VERB
yaşirinca	ADV
yaşirinmacoq	NOUN
yaşiriq	NOUN
yaşiriqlik	NOUN
yaşirtir	VERB
yaşna	NOUN,VERB
yaşnar	NOUN
yaşnargul	NOUN
yaşnaroy	NOUN
yaşnasin	NOUN
yaşnat	VERB
yaşnatil	VERB
yaşnaxon	NOUN
yaşo	ADJ,NOUN
yaşovcan	ADJ,NOUN
yaşovcanlik	NOUN
yaşovci	NOUN
yaşvon	NOUN
yaşşamagur	NOUN
ye	ADJ,NOUN,VERB
yeb-ic	VERB
yebtoymas	ADJ
yec	NOUN,VERB
yecim	NOUN
yectir	VERB
yedir	VERB
yedirgiz	VERB
yediril	VERB
yedirtir	VERB
yefremov	NOUN
yefremova	NOUN
yefreytor	NOUN
yefta	NOUN
yegiz	VERB
yegizaver	VERB
yegizdir	VERB
yegizdiriş	VERB
yegizol	VERB
yegorov	NOUN
yegorova	NOUN
yegulik	NOUN
yehoakin	NOUN
yehoaş	NOUN
yehoram	NOUN
yehoşafat	NOUN
yehuda	NOUN
yeidrogeolog	NOUN
yeidroliz	NOUN
yeidrolizci	NOUN
yeidrotexnika	NOUN
yeildirek	NOUN
yekaterina	NOUN
yekaterinburg	NOUN
yel	NOUN,VERB
yelavic	NOUN
yelboy	NOUN
yeldir	VERB
yeldirim	NOUN
yeldirt	VERB
yeldirtir	VERB
yelena	NOUN
yelenkovskiy	NOUN
yelenovka	NOUN
yelenovskiy	NOUN
yelib-yugur	VERB
yelik	NOUN,VERB
yeliktir	VERB
yelim	NOUN,VERB
yelimbaliq	NOUN
yelimla	VERB
yelimlan	VERB
yelimlat	VERB
yelimlaş	VERB
yelimlik	NOUN
yelimşak	NOUN
yelin	NOUN,VERB
yelinla	VERB
yeliseyev	NOUN
yeliseyeva	NOUN
yelizaveta	NOUN
yelizavetgradka	NOUN
yelka	NOUN,VERB
yelkadoş	NOUN
yelkala	VERB
yelkalaş	VERB
yelkan	NOUN
yelkanduz	NOUN
yellik	NOUN
yelmoq-yugur	VERB
yelmoya	NOUN
yelp	VERB
yelpi	NOUN,VERB
yelpigic	NOUN
yelpilla	VERB
yelpillat	VERB
yelpin	VERB
yelpiniş	VERB
yelpit	VERB
yelpittir	VERB
yelpiştovoq	NOUN
yelqala	NOUN
yelqanot	NOUN
yelvagay	NOUN
yelvizak	NOUN
yem	NOUN,VERB
yemak	NOUN,VERB
yemaksira	VERB
yemakxona	NOUN
yemcenko	NOUN
yemelyanov	NOUN
yemelyanova	NOUN
yemilcine	NOUN
yemir	NOUN,VERB
yemiril	VERB
yemirol	VERB
yemirtir	VERB
yemiruvci	NOUN
yemiş	NOUN
yemişlik	NOUN
yemla	VERB
yemlan	VERB
yemlat	VERB
yemoq-ic	VERB
yemtik	NOUN
yemxaşak	NOUN
yeng	NOUN,VERB
yengadi	NOUN
yengca	NOUN
yengil	ADJ,NOUN,VERB
yengil-yelpi	ADJ
yengilci	NOUN
yengildi	NOUN
yengilla	VERB
yengillan	VERB
yengillat	VERB
yengillaş	VERB
yengillaştir	VERB
yengillik	NOUN
yengilmas	ADJ,NOUN
yengilmaslik	NOUN
yengiltak	NOUN
yengiltaklik	NOUN
yengisar	NOUN
yengiş	NOUN,VERB
yenglik	NOUN
yengsak	NOUN
yengsaq	NOUN
yenhey	NOUN
yeni	NOUN
yeniehir	NOUN
yenisey	NOUN
yensen	NOUN
yepiskop	NOUN
yeqa	NOUN
yer	NOUN,VERB
yerelnet	NOUN
yeremenko	NOUN
yeremeyev	NOUN
yeremeyeva	NOUN
yeremya	NOUN
yerevan	NOUN
yereşcenko	NOUN
yerit	NOUN
yeritil	NOUN
yeritilgan	NOUN
yeritilganlik	NOUN
yerki	NOUN
yerla	VERB
yerlaş	VERB
yerlaştir	VERB
yerlaştiril	VERB
yerli	VERB
yerlik	NOUN
yerlila	VERB
yerlilaş	VERB
yerlilaştir	VERB
yerlilaştiril	VERB
yermakov	NOUN
yermakova	NOUN
yermolayev	NOUN
yermolayeva	NOUN
yermolenko	NOUN
yerofeyev	NOUN
yerofeyeva	NOUN
yeromenko	NOUN
yerparcin	VERB
yerparcinla	VERB
yersiz	NOUN
yersizlik	NOUN
yertepa	NOUN
yertola	NOUN
yertoş	NOUN
yerualim	NOUN
yeryongoq	NOUN
yesevi	NOUN
yesir	NOUN,VERB
yesirlan	VERB
yesirlik	NOUN
yesse	NOUN
yet	ADJ,NOUN,VERB
yetak	NOUN,VERB
yetakci	NOUN
yetakcilik	NOUN
yetakla	VERB
yetaklan	VERB
yetaklat	VERB
yetaklaş	VERB
yetar	ADV,NOUN
yetar-yetmas	ADV
yetargul	NOUN
yetarli	ADJ
yetarli\ca	ADV
yetaroy	NOUN
yetarqul	NOUN
yetaver	VERB
yetil	NOUN,VERB
yetilgan	NOUN
yetilganlik	NOUN
yetiltir	VERB
yetim	ADJ,NOUN
yetimca	NOUN
yetimcoqqi	NOUN
yetimlik	NOUN
yetimparvar	NOUN
yetimparvarlik	NOUN
yetimqiz	NOUN
yetimquduq	NOUN
yetimtog	NOUN
yetimvacca	NOUN
yetimxona	NOUN
yetimşox	NOUN
yetisu	NOUN
yetiş	NOUN
yetiş&movcilik\	NOUN
yetişmaslik	NOUN
yetişmo	NOUN
yetişmovci	NOUN
yetişmovcilik	NOUN
yetişsiz	NOUN
yetişsizlik\	NOUN
yetkargan	NOUN
yetmak	NOUN
yetmiş	NOUN,NUM
yetmişboy	NOUN
yetmişda	NUM
yetmişdaman	NUM
yetmişdan	NUM
yetmişga	NUM
yetmişinci	NUM
yetmişlab	NUM
yetmişlamci	NUM
yetmişlarca	NUM
yetmişni	NUM
yetmişning	NUM
yetmişoy	NOUN
yetmişta	NUM
yetmiştaca	NUM
yetmiştadan	NUM
yetmişxon	NOUN
yetti	NOUN,NUM
yettiboy	NOUN
yettilik	NOUN
yettinazar	NOUN
yettiqaşqa	NOUN
yettiqiz	NOUN
yettisoy	NOUN
yettitom	NOUN
yettovqozi	NOUN
yettovqul	NOUN
yetuk	ADJ,NOUN
yetuklik	NOUN
yevdokimov	NOUN
yevdokimova	NOUN
yevgeniy	NOUN
yevgeniya	NOUN
yevrey	NOUN
yevro	NOUN
yevrolik	NOUN
yevroosiyo	NOUN
yevropa	NOUN
yevropalik	NOUN
yevtuşenko	NOUN
yey	NOUN
yeyarmon	ADJ
yeyim	NOUN
yeyimlik	NOUN
yeyiş	ADJ
yeyişi	ADJ
yeysk	NOUN
yezna	NOUN
yezupil	NOUN
yeş	NOUN
yeşaya	NOUN
yeşik	NOUN
yeşildirek	NOUN
yeşin	NOUN
yeşu	NOUN
yi	NOUN
yiannis	NOUN
yig	ADJ,NOUN,VERB
yigdir	VERB
yigdiril	VERB
yigi	NOUN
yigici	NOUN
yigil	VERB
yigiliş	VERB
yigim	NOUN
yigin	ADJ,NOUN
yigincoq	ADJ
yigindi	NOUN
yigiq	ADJ
yigir	NOUN,VERB
yigiril	VERB
yigiriş	VERB
yigirma	NUM
yigirmada	NUM
yigirmadaman	NUM
yigirmadan	NUM
yigirmaga	NUM
yigirmalab	NUM
yigirmalamci	NUM
yigirmalarca	NUM
yigirmanci	NUM
yigirmani	NUM
yigirmaning	NUM
yigirmata	NUM
yigirmataca	NUM
yigirmatadan	NUM
yigiruv	NOUN
yigiruvci	NOUN
yigit	ADV,NOUN,VERB
yigitali	NOUN
yigitboşi	NOUN
yigitcasiga	ADV
yigitcilik	NOUN
yigitla	VERB
yigitlan	VERB
yigitlik	NOUN
yigitoy	NOUN
yiglamsin	VERB
yiglamsira	VERB
yiglo	ADJ,NOUN
yigloqi	ADJ,NOUN
yigloqilik	NOUN
yigma	ADJ,NOUN
yigno	NOUN
yignoq	NOUN
yiguv	NOUN
yiguvci	NOUN
yil	ADV,NOUN
yildirim	NOUN
yillab	ADV
yillarca	ADV
yillik	NOUN
yilmaz	NOUN
yilnoma	NOUN
yilpiz	NOUN
yilqi	NOUN
yilqibon	NOUN
yilqiboqar	NOUN
yilqiboy	NOUN
yilqici	NOUN
yilqicilik	NOUN
yilt	NOUN,VERB
yilt-yilt	IMIT
yiltilla	VERB
yiltillat	VERB
yiltira	VERB
yiltirat	VERB
yiltiro	NOUN
yiltiroq	NOUN
yimpa	NOUN
yimpaş	NOUN
yingven	NOUN
yiotopolos	NOUN
yipran	NOUN,VERB
yiq	NOUN,VERB
yiqci	NOUN
yiqi	VERB
yiqil	VERB
yiqilaver	VERB
yiqit	VERB
yiqittir	VERB
yir	VERB
yirgamcik	NOUN
yirgan	VERB
yirik	ADJ,VERB
yirikla	VERB
yiriklan	VERB
yiriklaş	VERB
yiriklaştir	VERB
yiriklaştiril	VERB
yiril	VERB
yiring	NOUN,VERB
yiringla	VERB
yiringlat	VERB
yiriş	VERB
yiriştir	VERB
yiroq	NOUN,VERB
yiroqla	VERB
yiroqlat	VERB
yiroqlaş	VERB
yiroqlaştir	VERB
yiroqlik	NOUN
yirt	ADJ,NOUN,VERB
yirtil	VERB
yirtiq	ADJ
yirtiq-sirtiq	ADJ
yirtiq-yamoq	ADJ
yirtiş	VERB
yirtqic	ADJ,NOUN,VERB
yirtqiclan	VERB
yirtqiclik	NOUN
yirttir	VERB
yit	VERB
yittir	VERB
yo	CNJ
yo yo	CNJ
yoab	NOUN
yoannis	NOUN
yobon	NOUN
yobonoy	NOUN
yobvqilic	NOUN
yocic	NOUN
yod	NOUN
yodaki	ADV
yodgor	NOUN
yodgora	NOUN
yodgorali	NOUN
yodgorbibi	NOUN
yodgorgul	NOUN
yodgorlik	NOUN
yodgormirza	NOUN
yodgoroy	NOUN
yodgorqiz	NOUN
yodgorqul	NOUN
yodgorxoja	NOUN
yodgorxon	NOUN
yodixon	NOUN
yodnoma	NOUN
yodulla	NOUN
yoel	NOUN
yog	NOUN,VERB
yogan	NOUN
yogaver	VERB
yogci	NOUN
yogciroq	NOUN
yogcova	NOUN
yogdi	NOUN
yogdir	VERB
yogdiril	VERB
yogdirtir	VERB
yogdu	NOUN
yogi	NOUN
yogil	VERB
yogilaver	VERB
yogiltir	VERB
yogin	NOUN
yoginboy	NOUN
yogingar\cilik	NOUN
yogingarcilik	NOUN
yogir	VERB
yogiş	NOUN
yogla	NOUN,VERB
yoglama	NOUN
yoglamaci	NOUN
yoglamalik	NOUN
yoglan	VERB
yoglantir	VERB
yoglat	VERB
yoglatil	VERB
yoglattir	VERB
yogoc	NOUN,VERB
yogocla	VERB
yogoclan	VERB
yogoclik	NOUN
yogocota	NOUN
yogocsoz	NOUN
yogocsozlik	NOUN
yogol	VERB
yogon	NOUN,VERB
yogonla	VERB
yogonlaş	VERB
yogonlaştir	VERB
yogonlik	NOUN
yogr	VERB
yogril	VERB
yogsira	VERB
yogsirat	VERB
yogsiz	VERB
yogsizla	VERB
yogsizlaş	VERB
yogupa	NOUN
yohnan	NOUN
yohu	NOUN
yoinki	CNJ,NOUN
yoki	CNJ,NOUN
yokic	NOUN
yol	NOUN,VERB
yol-yol	ADJ
yol-yolakay	ADV
yola	VERB
yolak	NOUN
yolaqay	NOUN
yolat	VERB
yolattir	VERB
yolbars	NOUN
yolbek	NOUN
yolberdi	NOUN
yolboldi	NOUN
yolbos	NOUN
yolbosar	NOUN
yolboş	VERB
yolboşci	NOUN
yolboşcilik	NOUN
yolboşla	VERB
yolbuvi	NOUN
yolci	NOUN,VERB
yolcilik	NOUN
yolcin	NOUN
yolciqul	NOUN
yolcit	VERB
yoldon	NOUN
yoldorboy	NOUN
yoldoş	NOUN,VERB
yoldoşali	NOUN
yoldoşbu	NOUN
yoldoşbuvi	NOUN
yoldoşlaş	VERB
yoldoşmat	NOUN
yoldoşmirza	NOUN
yoldoşmuhammad	NOUN
yoldoşmurod	NOUN
yoldoşoy	NOUN
yoldoşqori	NOUN
yoldoşxoja	NOUN
yoldoşxon	NOUN
yolgiz	ADJ,NOUN,VERB
yolgizla	VERB
yolgizlan	VERB
yolgizlat	VERB
yolgizlaş	VERB
yolgizlik	NOUN
yolgoc	NOUN
yolgocboy	NOUN
yolgon	ADJ,NOUN,VERB
yolgonci	NOUN
yolgoncilik	NOUN
yolgondakam	NOUN
yolgondan	ADV
yolgonla	VERB
yolgonlik	NOUN
yolim	NOUN
yoliq	VERB
yoliqiş	VERB
yoliqtir	VERB
yolka	NOUN
yolkeldi	NOUN
yolla	NOUN,VERB
yollan	NOUN,VERB
yollan&uvci	NOUN
yollanma	NOUN
yollat	VERB
yollaş	VERB
yolli	NOUN
yollibeka	NOUN
yolliboy	NOUN
yollik	NOUN
yollo	NOUN
yollovci	NOUN
yolmat	NOUN
yolmirza	NOUN
yolmuhammad	NOUN
yolomon	NOUN
yolovci	NOUN
yoloyoq	NOUN
yolpaşşa	NOUN
yolpoş	VERB
yolpoşla	VERB
yolpuş	NOUN
yolqin	NOUN,VERB
yolqina	NOUN
yolqinla	VERB
yolqinlan	VERB
yolqinlantir	VERB
yolqinlat	VERB
yolqinlaş	VERB
yolqinxoja	NOUN
yolqutli	NOUN
yolsiz	NOUN
yolsizlik	NOUN
yolt	VERB
yoltemir	NOUN
yoltoy	NOUN
yolturdi	NOUN
yoltusar	NOUN
yoltusarlik	NOUN
yolvor	VERB
yolvoriş	VERB
yolvortir	VERB
yom	NOUN
yombi	NOUN
yombixon	NOUN
yomgir	NOUN
yomgirali	NOUN
yomgirberdi	NOUN
yomgirci	NOUN
yomgirgar	NOUN
yomgirgarci	NOUN
yomgirgarcilik	NOUN
yomgirgarlik	NOUN
yomgirkeldi	NOUN
yomgirli	ADJ
yomgiroy	NOUN
yomgirpoş	NOUN
yomgirpuş	NOUN
yomgirsiz	NOUN
yomgirsizlik	NOUN
yomgirturdi	NOUN
yomon	ADJ,NOUN,VERB
yomonbola	NOUN
yomonboy	NOUN
yomonla	VERB
yomonlan	VERB
yomonlat	VERB
yomonlaş	VERB
yomonlaşiş	VERB
yomonlik	NOUN
yomonlo	NOUN
yomonlovci	NOUN
yomonot	NOUN
yomonotliq	NOUN
yomonqum	NOUN
yomonsaroy	NOUN
yomonsit	VERB
yon	NOUN,VERB
yonal	VERB
yonaltir	VERB
yonar	NOUN
yonas	NOUN
yonaver	VERB
yonaş	VERB
yonaştir	VERB
yonbagir	NOUN
yonbos	VERB
yonboş	NOUN,VERB
yonboşla	VERB
yonboşlat	VERB
yonboşlattir	VERB
yonboşlaş	VERB
yonciq	NOUN
yonda	VERB
yondama	VERB
yondamala	VERB
yondamalat	VERB
yondat	VERB
yondaş	NOUN,VERB
yondaşuv	NOUN
yondir	VERB
yondirbek	NOUN
yondirgiz	VERB
yondiril	VERB
yondiriş	VERB
yondirtir	VERB
yondoş	NOUN
yondoşali	NOUN
yondoşboy	NOUN
yondoşmirza	NOUN
yongicqa	NOUN
yongicqazor	NOUN
yongin	NOUN
yongoq	NOUN
yongoqzor	NOUN
yonida	AUX
yonil	VERB
yonilgi	NOUN
yonla	VERB
yonlamasiga	ADV
yonma-yon	ADV
yonne	NOUN
yonoq	NOUN
yontoq	NOUN
yonuv	NOUN
yonuvci	NOUN
yonyorga	NOUN
yop	ADJ,NOUN,VERB
yopin	NOUN
yopinci	NOUN
yopinciq	NOUN
yopiq	ADJ
yopiş	ADJ,NOUN
yopişoq	NOUN
yopişoqlik	NOUN
yopişqoq	ADJ,NOUN
yopişqoqlik	NOUN
yopmoq	NOUN
yoppa	ADV
yoppasiga	ADV
yopqic	NOUN
yoq	ADJ,NOUN,PRT,VERB
yoqa	NOUN
yoqalik	NOUN
yoqavayron	ADJ
yoqcilik	NOUN
yoqil	NOUN
yoqilgi	NOUN
yoqimli	ADJ,NOUN
yoqimlilik	NOUN
yoqimsiz	ADJ,NOUN
yoqimsizlik	NOUN
yoqla	NOUN,VERB
yoqlama	NOUN
yoqlamaci	NOUN
yoqlamalik	NOUN
yoqlan	VERB
yoqlat	VERB
yoqlattir	VERB
yoqlaş	VERB
yoqlik	NOUN
yoqlov	NOUN
yoqlovci	NOUN
yoqol	VERB
yoqot	VERB
yoqotil	VERB
yoqotiş	VERB
yoqottir	VERB
yoqsa	NOUN
yoqsil	ADJ,NOUN,VERB
yoqsillaş	VERB
yoqsillaştir	VERB
yoqsillik	NOUN
yoqtir	VERB
yoqtirgiz	VERB
yoqtiriş	VERB
yoqtirtir	VERB
yoqub	NOUN
yoqubberdi	NOUN
yoqubkeldi	NOUN
yoqup	NOUN
yoqut	ADJ,NOUN
yoqutbibi	NOUN
yoqutoy	NOUN
yoqutxon	NOUN
yoquvci	NOUN
yor	NOUN,VERB
yora	NOUN
yorahmad	NOUN
yorali	NOUN
yoram	NOUN
yorbaxt	NOUN
yorbek	NOUN
yorboldi	NOUN
yorboy	NOUN
yorbozor	NOUN
yorboşi	NOUN
yordam	NOUN,VERB
yordamci	NOUN
yordamlaş	VERB
yordamsiz	NOUN
yordanov	NOUN
yordanova	NOUN
yordir	VERB
yordirgiz	VERB
yordirtir	VERB
yorga	ADJ,NOUN
yorgabuloq	NOUN
yorgak	NOUN,VERB
yorgakbog	NOUN
yorgakla	VERB
yorgaklan	VERB
yorgaklat	VERB
yorgatuvaloq	NOUN
yorgi	NOUN
yorgo	NOUN
yorgucoq	NOUN
yori	NOUN,VERB
yoril	VERB
yorilayoz	VERB
yoriq	NOUN
yoriqul	NOUN
yorit	NOUN,VERB
yoritil	VERB
yoritkic	NOUN
yoritqic	NOUN
yorittir	VERB
yoriy	NOUN
yoriş	VERB
yoriştir	VERB
york	NOUN
yorkeldi	NOUN
yorkşir	NOUN
yorlaq	NOUN
yorlaqa	NOUN,VERB
yorlaqab	NOUN
yorlaş	VERB
yorli	NOUN
yorlimurod	NOUN
yorliq	NOUN
yorliqab	NOUN
yorliqboy	NOUN
yorliqob	NOUN
yorliqobberdi	NOUN
yorma	NOUN,VERB
yormadoz	NOUN
yormadozlik	NOUN
yormala	VERB
yormalan	VERB
yormamat	NOUN
yormand	NOUN
yormat	NOUN
yormişyop	NOUN
yormozor	NOUN
yormuhammad	NOUN
yormurod	NOUN
yornafas	NOUN
yornazar	NOUN
yoron	NOUN
yoronboy	NOUN
yorqanot	NOUN
yorqin	ADJ,NOUN,VERB
yorqinla	VERB
yorqinlan	VERB
yorqinlaş	VERB
yorqinlaştir	VERB
yorqinlaştiril	VERB
yorqinlik	NOUN
yorqinoy	NOUN
yorqişloq	NOUN
yorqorgon	NOUN
yorqori	NOUN
yorquci	NOUN
yorquduq	NOUN
yorqul	NOUN
yorquvvat	NOUN
yorsaid	NOUN
yorsoat	NOUN
yorsulton	NOUN
yort	VERB
yortoq	NOUN,VERB
yortoqi	NOUN
yortoqilik	NOUN
yortoqla	VERB
yortoqlan	VERB
yorttir	VERB
yorug	ADJ,NOUN,VERB
yoruglan	VERB
yoruglantir	VERB
yoruglaş	VERB
yoruglik	NOUN
yorulla	NOUN
yorxol	NOUN
yoryusuf	NOUN
yorş	NOUN
yosa	NOUN
yosamin	NOUN
yosif	NOUN
yosifovskiy	NOUN
yosin	NOUN
yosinabonu	NOUN
yosinda	AUX
yosiya	NOUN
yosmin	NOUN
yostiq	NOUN
yostiqali	NOUN
yostiqca	NOUN
yostiqdoş	NOUN
yostiqpoş	NOUN
yosuman	NOUN
yot	NOUN,VERB
yotal	VERB
yotaltir	VERB
yotam	NOUN
yotaver	VERB
yotinqira	VERB
yotiq	NOUN
yotiqlik	NOUN
yotiqliq	NOUN
yotiş	VERB
yotlan	VERB
yotlaş	VERB
yotlik	NOUN
yotoq	NOUN,VERB
yotoqci	NOUN,VERB
yotoqcila	VERB
yotoqdoş	NOUN
yotoqi	VERB
yotoqila	VERB
yotoqilan	VERB
yotoqlan	VERB
yotoqxona	NOUN
yotqiz	VERB
yotqiz&iq	NOUN
yotqizdir	VERB
yotqizil	VERB
yotqiziq	NOUN
yotqiziş	VERB
yotsin	VERB
yotsira	VERB
yotsiraş	VERB
young	NOUN
youtube	NOUN
yov	NOUN,VERB
yovanovic	NOUN
yovanovskiy	NOUN
yovar	NOUN
yovarboy	NOUN
yovariq	NOUN
yovbosar	NOUN
yovbosdi	NOUN
yovci	NOUN
yovgarcilik	NOUN
yovgon	VERB
yovgonsira	VERB
yovicevic	NOUN
yovicic	NOUN
yovjon	NOUN
yovla	VERB
yovlan	VERB
yovlaş	VERB
yovlik	NOUN
yovmud	NOUN
yovmudboy	NOUN
yovmurod	NOUN
yovmut	NOUN
yovon	NOUN
yovqaytar	NOUN
yovqoc	NOUN
yovqocar	NOUN
yovqocdi	NOUN
yovqon	NOUN
yovqur	NOUN
yovqurlik	NOUN
yovuq	NOUN,VERB
yovuqla	VERB
yovuqlan	VERB
yovuqlaş	VERB
yovuqlik	NOUN
yovuz	ADJ,ADV,NOUN,VERB
yovuzlan	VERB
yovuzlarca	ADV
yovuzlaş	VERB
yovuzlaşiş	VERB
yovuzlik	NOUN
yovvoyi	ADJ,NOUN,VERB
yovvoyilaş	VERB
yovvoyilik	NOUN
yovvoş	NOUN,VERB
yovvoşlan	VERB
yovşan	NOUN
yovşanboy	NOUN
yovşankeldi	NOUN
yoxannesburg	NOUN
yoxud	CNJ
yoy	ADJ,NOUN,VERB
yoyandoz	NOUN
yoyandozlik	NOUN
yoydir	VERB
yoydirgiz	VERB
yoydirt	VERB
yoyil	VERB
yoyilinqira	VERB
yoyiltir	VERB
yoyin	VERB
yoyiş	VERB
yoyiştir	VERB
yoyla	VERB
yoyloq	NOUN
yoyma	NOUN
yoymaci	NOUN
yoymacilik	NOUN
yoysimon	ADJ
yoz	ADJ,NOUN,VERB
yozali	NOUN
yozaver	VERB
yozbeka	NOUN
yozberdi	NOUN
yozbibi	NOUN
yozbika	NOUN
yozboy	NOUN
yozcecak	NOUN
yozdavlat	NOUN
yozdir	VERB
yozdirgiz	VERB
yozdiril	VERB
yozdirtir	VERB
yozdon	NOUN
yozdonqul	NOUN
yozgat	NOUN
yozgatspor	NOUN
yozgi	ADJ
yozgic	NOUN
yozgu	NOUN
yozguci	NOUN
yozgul	NOUN
yozi	NOUN
yoziboy	NOUN
yozil	NOUN,VERB
yozilinqira	VERB
yoziliş	VERB
yoziltir	VERB
yozim	NOUN
yozin-qişin	ADV
yoziq	NOUN
yoziqlik	NOUN
yoziş	NOUN,VERB
yozişma	NOUN
yozişmaboz	NOUN
yozişmabozlik	NOUN
yozjamol	NOUN
yozjannat	NOUN
yozjon	NOUN
yozjuma	NOUN
yozkeldi	NOUN
yozla	VERB
yozlaş	VERB
yozli	NOUN
yozlik	ADJ,NOUN
yozloq	NOUN
yozmamat	NOUN
yozmat	NOUN
yozmengli	NOUN
yozmirza	NOUN
yozmuhammad	NOUN
yozmurod	NOUN
yoznur	NOUN
yozol	VERB
yozpolat	NOUN
yozqilic	NOUN
yozqul	NOUN
yozqurbon	NOUN
yozturdi	NOUN
yoztursun	NOUN
yozuv	NOUN
yozuvci	NOUN
yozuvcilik	NOUN
yozvali	NOUN
yozxon	NOUN
yozyovon	NOUN
yoş	ADJ,ADV,NOUN,VERB
yoş-yalang	ADJ
yoşar	VERB
yoşart	VERB
yoşartir	VERB
yoşartiril	VERB
yoşdoş	NOUN
yoşla	VERB
yoşlan	VERB
yoşlantir	VERB
yoşlar	ADJ,NOUN
yoşlarbop	ADJ
yoşlat	VERB
yoşlattir	VERB
yoşlay	ADV
yoşlayin	ADV
yoşlik	NOUN
yoşulli	NOUN
yoşuzoq	NOUN
yoşyaşar	NOUN
yoşyurak	NOUN
ypg	NOUN
yriq	NOUN
ysf	NOUN
ytd	NOUN
yu	NOUN
yuan	NOUN
yubiley	NOUN
yubilyar	NOUN
yubka	NOUN
yubor	NOUN,VERB
yuboril	VERB
yuboriş	VERB
yubortir	VERB
yubortiril	VERB
yuboruvci	NOUN
yugan	VERB
yuganla	VERB
yuganlat	VERB
yugoslav	NOUN
yugoslaviya	NOUN
yugur	NOUN,VERB
yugurboy	NOUN
yugurdak	NOUN
yugurdaklik	NOUN
yugurgila	VERB
yuguri	VERB
yugurik	NOUN
yuguriklik	NOUN
yuguriş	VERB
yugurma	NOUN
yugurt	VERB
yugurtir	VERB
yugurtiril	VERB
yuguruk	NOUN
yuguruv	NOUN
yuguruvci	NOUN
yuguv	NOUN
yuguvci	NOUN
yuguvcilik	NOUN
yuhanno	NOUN
yuho	NOUN
yujne	NOUN
yuk	NOUN,VERB
yuka	NOUN
yukalik	NOUN
yukci	NOUN
yukic	NOUN
yukkaş	NOUN
yukla	VERB
yuklan	VERB
yuklat	VERB
yuklatil	VERB
yuklattir	VERB
yuksak	ADJ,NOUN,VERB
yuksaklan	VERB
yuksaklik	NOUN
yuksakroq	ADJ
yuksal	NOUN,VERB
yuksaltir	VERB
yuksaltiril	VERB
yukun	NOUN,VERB
yukuntir	VERB
yul	ADJ,NOUN,VERB
yulboşci	NOUN
yuldir	VERB
yuldiril	VERB
yuldirtir	VERB
yulduz	NOUN
yulduzca	NOUN
yulduzoy	NOUN
yulduzsanar	NOUN
yulduzxoja	NOUN
yulduzxon	NOUN
yulduzşunos	NOUN
yulgic	ADJ,NOUN
yulgiclik	NOUN
yulgun	NOUN
yulgunzor	NOUN
yulib-tit	VERB
yulib-yulqi	VERB
yulin	VERB
yuliy	NOUN
yuliya	NOUN
yuliş	VERB
yuliştir	VERB
yulqi	NOUN,VERB
yulqib-yala	VERB
yulqila	VERB
yulqin	NOUN,VERB
yum	ADJ,VERB
yum-yum	IMIT
yumala	VERB
yumalan	VERB
yumalat	VERB
yumalaş	VERB
yumalo	NOUN
yumaloq	ADJ,NOUN
yumaloqla	VERB
yumaloqlan	VERB
yumaloqlik	NOUN
yumda	NOUN
yumdala	VERB
yumdalan	VERB
yumdalaş	VERB
yumdir	VERB
yumil	VERB
yumiltir	VERB
yuminqira	VERB
yumor	NOUN
yumoristik	NOUN
yumritov	NOUN
yumron	NOUN
yumronqoziq	NOUN
yumuq	ADJ,NOUN,VERB
yumuqla	VERB
yumuqlan	VERB
yumurta	NOUN
yumurtqa	NOUN
yumuş	NOUN
yumuşci	NOUN
yumuşkor	NOUN
yumşa	VERB
yumşal	VERB
yumşar	VERB
yumşat	VERB
yumşatil	VERB
yumşattir	VERB
yumşattiril	VERB
yumşo	ADJ,NOUN
yumşoq	ADJ,NOUN,VERB
yumşoqla	VERB
yumşoqlan	VERB
yumşoqlik	NOUN
yun	NOUN
yunayted	NOUN
yundi	NOUN
yunenko	NOUN
yung	NOUN
yunker	NOUN
yunon	NOUN
yunona	NOUN
yunoniston	NOUN
yunus	NOUN
yunusali	NOUN
yunusmirza	NOUN
yunusmuhammad	NOUN
yunusobod	NOUN
yunusov	NOUN
yunusova	NOUN
yunusoy	NOUN
yunuspari	NOUN
yunusxon	NOUN
yupan	VERB
yupaniş	VERB
yupantir	VERB
yupat	NOUN,VERB
yupatgulik	NOUN
yupatil	VERB
yupatiş	VERB
yupatkic	NOUN
yupqa	ADJ,NOUN,VERB
yupqala	VERB
yupqalan	VERB
yupqalat	VERB
yupqalaş	VERB
yupqalaştir	VERB
yupqalik	NOUN
yupqar	VERB
yupun	NOUN
yupunlik	NOUN
yuq	NOUN,VERB
yuqori	ADJ,NOUN,VERB
yuqorigi	ADJ
yuqorila	VERB
yuqorilan	VERB
yuqorilat	VERB
yuqorilatil	VERB
yuqorilaş	VERB
yuqorilik	NOUN
yuqtir	VERB
yuqtiril	VERB
yuqum	NOUN
yuqumcil	NOUN
yuqumsiz	VERB
yuqumsizlan	VERB
yuqumsizlantir	VERB
yur	NOUN,VERB
yurak	ADJ,NOUN
yurakdoş	NOUN
yuraklik	NOUN
yuraksiz	ADJ,NOUN
yuraksizlik	NOUN
yurakzada	ADJ
yuramol	NOUN
yuraver	VERB
yurcenko	NOUN
yurci	NOUN
yurcic	NOUN
yurdir	VERB
yurgilik	NOUN
yurgiz	VERB
yurgizil	VERB
yuri	VERB
yuridik	NOUN
yuril	VERB
yurin	VERB
yuriskonsult	NOUN
yuriskonsultlik	NOUN
yurist	NOUN
yuristlik	NOUN
yurit	NOUN,VERB
yuritil	VERB
yurittir	VERB
yuriy	NOUN
yuriş	VERB
yuriştir	VERB
yurov	NOUN
yurova	NOUN
yursin	NOUN
yursinali	NOUN
yursinxoja	NOUN
yurt	ADJ,NOUN
yurtdoş	NOUN
yurtfuruş	NOUN
yurtgarcilik	NOUN
yurtlik	NOUN
yurum	NOUN
yuryev	NOUN
yuryeva	NOUN
yuryevna	NOUN
yusro	NOUN
yustirla	VERB
yusuf	NOUN
yusufahmad	NOUN
yusufali	NOUN
yusufbasic	NOUN
yusufbek	NOUN
yusufberdi	NOUN
yusufbey	NOUN
yusufjon	NOUN
yusufkabir	NOUN
yusufkeldi	NOUN
yusufmirza	NOUN
yusufmurod	NOUN
yusufovic	NOUN
yusufqori	NOUN
yusufqul	NOUN
yusufturdi	NOUN
yusufvali	NOUN
yusufxoja	NOUN
yusufxon	NOUN
yusupov	NOUN
yusupova	NOUN
yut	NOUN,VERB
yuta	NOUN,VERB
yutat	VERB
yutil	VERB
yutin	VERB
yutiş	VERB
yutland	NOUN
yutol	VERB
yutoq	VERB
yutqaz	VERB
yutqazdir	VERB
yutqazil	VERB
yutqiz	NOUN,VERB
yutqizil	VERB
yutqiziq	NOUN
yutqiziş	VERB
yuttir	VERB
yutum	NOUN
yutuq	NOUN
yuv	NOUN,VERB
yuvdir	VERB
yuvdiril	VERB
yuvdirtir	VERB
yuventus	NOUN
yuvguci	NOUN
yuvgucilik	NOUN
yuvil	VERB
yuvin	VERB
yuviniş	VERB
yuvintir	VERB
yuviş	VERB
yuvoş	ADJ,ADV,NOUN,VERB
yuvoşboy	NOUN
yuvoşlan	VERB
yuvoşlaş	VERB
yuvoşlik	NOUN
yuvruci	NOUN
yuvundi	NOUN
yuvuq	NOUN
yuvuqlik	NOUN
yuy	NOUN
yuz	NOUN,NUM,VERB
yuza	ADJ,ADV,NOUN,VERB
yuzaki	ADJ,NOUN
yuzakicilik	NOUN
yuzakilik	NOUN
yuzala	VERB
yuzbek	NOUN
yuzbeka	NOUN
yuzbiya	NOUN
yuzboş	NOUN
yuzboşi	NOUN
yuzboşilik	NOUN
yuzda	NUM
yuzdaman	NUM
yuzdan	NUM
yuzdir	VERB
yuzdiril	VERB
yuzga	NUM
yuzinci	NUM
yuziş	VERB
yuzjon	NOUN
yuzlab	NUM
yuzlamci	NUM
yuzlan	VERB
yuzlarca	NUM
yuzlaş	VERB
yuzlaştir	VERB
yuzlaştiril	VERB
yuzli	NOUN
yuzlibeka	NOUN
yuzlik	NOUN
yuzliqo	NOUN
yuzma-yuz	ADV
yuzni	NUM
yuzning	NUM
yuzogli	NOUN
yuzovul	NOUN
yuzpana	NOUN
yuzqul	NOUN
yuzsiz	NOUN
yuzsizlik	NOUN
yuzta	NOUN,NUM
yuztaca	NUM
yuztadan	NUM
yuztalik	NOUN
yuztoy	NOUN
yuzuk	NOUN
yuzyaşar	NOUN
yuşan	NOUN
yuşcenko	NOUN
yvelines	NOUN
yves	NOUN
za	NOUN
zab	ADJ,NOUN
zabar	NOUN
zabardast	ADJ,NOUN
zabardastlik	NOUN
zabarjad	NOUN
zabarmaro	NOUN
zabaroy	NOUN
zabastovka	NOUN
zabastovkaci	NOUN
zabh	NOUN
zabiba	NOUN
zabibulloxon	NOUN
zabida	NOUN
zabih	NOUN
zabiha	NOUN
zabihulla	NOUN
zabir	NOUN
zabira	NOUN
zabirulla	NOUN
zabiy	NOUN
zabolotiv	NOUN
zabon	NOUN
zabona	NOUN
zabonbibi	NOUN
zabonboy	NOUN
zaboy	NOUN
zaboyci	NOUN
zabrajnov	NOUN
zabrajnova	NOUN
zabriddin	NOUN
zabruskov	NOUN
zabruskova	NOUN
zabt	NOUN
zabtkor	NOUN
zabun	NOUN
zabunboy	NOUN
zabur	NOUN
zackana	NOUN
zada	NOUN,VERB
zadagul	NOUN
zadala	VERB
zadalan	VERB
zadar	NOUN
zadaryo	NOUN
zadatka	NOUN
zadok	NOUN
zafar	ADJ,NOUN
zafariddin	NOUN
zafarnoma	NOUN
zafaron	ADJ,NOUN
zafaroy	NOUN
zafarxoja	NOUN
zafir	NOUN
zafira	NOUN
zafirovic	NOUN
zafirovskiy	NOUN
zagca	NOUN
zagizgon	NOUN
zagorkaş	NOUN
zagotovka	NOUN
zagoza	NOUN
zagreb	NOUN
zagrep	NOUN
zagros	NOUN
zags	NOUN
zah	ADJ
zahab	NOUN
zahar	ADJ,NOUN,VERB
zahar-zaqqum	ADJ
zahara	NOUN
zaharcenko	NOUN
zaharla	VERB
zaharlan	VERB
zaharlantir	VERB
zaharlat	VERB
zaharli	ADJ
zaharlo	NOUN
zaharlovci	NOUN
zaharov	NOUN
zaharova	NOUN
zahartepa	NOUN
zaharxanda	NOUN
zaharxandalik	NOUN
zahil	NOUN
zahina	NOUN
zahiriddin	NOUN
zahirulla	NOUN
zahirulloh	NOUN
zahmat	ADJ,NOUN
zahmatkaş	ADJ
zaho	NOUN
zahob	NOUN
zahot	ADV
zahra	NOUN
zahri	NOUN
zahro	NOUN
zaicenko	NOUN
zaif	ADJ,NOUN,VERB
zaifa	NOUN
zaiflan	VERB
zaiflaş	VERB
zaiflaştir	VERB
zaiflaştiril	VERB
zaiflik	NOUN
zaima	NOUN
zaimovic	NOUN
zaisan	NOUN
zaitov	NOUN
zaitova	NOUN
zajigalka	NOUN
zak	NOUN
zakalat	NOUN
zakan	NOUN
zakariya	NOUN
zakariyo	NOUN
zakarpatta	NOUN
zakaveaziya	NOUN
zakaveaziyalik	NOUN
zakaz	NOUN
zakazci	NOUN
zaki	NOUN
zakiboy	NOUN
zakintos	NOUN
zakira	NOUN
zakirov	NOUN
zakirova	NOUN
zakiulla	NOUN
zakiy	ADJ,NOUN
zakiya	NOUN
zakiyaxon	NOUN
zakiylik	NOUN
zakkaş	NOUN
zakki	NOUN
zako	NOUN
zakon	NOUN
zakonci	NOUN
zakot	NOUN
zakotci	NOUN
zakoulla	NOUN
zakovat	NOUN
zakoş	NOUN
zakupne	NOUN
zal	NOUN
zaldostanov	NOUN
zaldostanova	NOUN
zali	NOUN
zalifa	NOUN
zalil	NOUN,VERB
zalilik	NOUN
zalillaş	VERB
zalina	NOUN
zaliqa	NOUN
zaliznicne	NOUN
zaliztsi	NOUN
zalişciki	NOUN
zalol	NOUN
zalva	NOUN
zalvar	NOUN
zam	NOUN,VERB
zamazka	NOUN,VERB
zamazkala	VERB
zamazkalan	VERB
zamazkalat	VERB
zamazkalattir	VERB
zambar	NOUN
zambarak	NOUN
zambarakci	NOUN
zambezi	NOUN
zambil	NOUN,VERB
zambilci	NOUN
zambilgaltak	NOUN
zambilkaş	NOUN
zambilla	VERB
zambiya	NOUN
zambiyaci	NOUN
zamburug	NOUN
zamca	NOUN
zamf	NOUN
zamglay	NOUN
zamharir	NOUN
zamin	NOUN
zamina	NOUN
zamir	NOUN
zamira	NOUN
zamiriddin	NOUN
zamirxon	NOUN
zamla	VERB
zamlan	VERB
zamlat	VERB
zamma	NOUN
zamon	NOUN
zamona	ADJ,NOUN
zamonali	NOUN
zamonasoz	NOUN,VERB
zamonasozlaş	VERB
zamonasozlik	NOUN
zamonaviy	ADJ,NOUN
zamonaviylik	NOUN
zamonberdi	NOUN
zamonbibi	NOUN
zamondoş	NOUN
zamondoşlik	NOUN
zamongul	NOUN
zamonkeldi	NOUN
zamonmirza	NOUN
zamonmurod	NOUN
zamonqiz	NOUN
zamonqul	NOUN
zamontoy	NOUN
zamonxoja	NOUN
zamora	NOUN
zamoy	NOUN
zamzam	NOUN
zamzama	NOUN
zamzamali	NOUN
zamzambeka	NOUN
zamzamgul	NOUN
zamzamoy	NOUN
zamzamxon	NOUN
zan	NOUN
zanbar	NOUN
zanbur	NOUN
zang	NOUN,VERB
zangar	NOUN
zangi	NOUN
zangin	NOUN,VERB
zanginlaş	VERB
zanginlik	NOUN
zangiota	NOUN
zangla	VERB
zanglat	VERB
zanglattir	VERB
zangor	NOUN
zangori	ADJ
zangulasozi	NOUN
zanjabil	NOUN
zanji	NOUN
zanjir	NOUN,VERB
zanjira	NOUN
zanjirali	NOUN
zanjirboy	NOUN
zanjirla	VERB
zanjirlan	VERB
zanjirlat	VERB
zanjirli	NOUN
zantaloq	NOUN
zanzibar	NOUN
zap	NOUN
zapas	VERB
zapasla	VERB
zapaslan	VERB
zapitiv	NOUN
zaporijya	NOUN
zaporojye	NOUN
zapov	NOUN
zapova	NOUN
zapravka	NOUN,VERB
zapravkala	VERB
zaqqum	NOUN,VERB
zaqqumlaş	VERB
zar	NOUN,VERB
zara	NOUN
zarabog	NOUN
zarafroz	NOUN
zarafşon	NOUN
zaragoza	NOUN
zarang	NOUN,VERB
zarangduz	NOUN
zarangla	VERB
zaranglan	VERB
zaranglik	NOUN
zarangul	NOUN
zarangzor	NOUN
zaranqiz	NOUN
zarar	ADJ,NOUN,VERB
zararkunanda	NOUN
zararkunandacilik	NOUN
zararkunandalik	NOUN
zararla	VERB
zararlan	VERB
zararlantir	VERB
zararli	ADJ,NOUN
zararlilik	NOUN
zararsiz	NOUN,VERB
zararsizla	VERB
zararsizlan	VERB
zararsizlantir	VERB
zararsizlantiril	VERB
zararsizlik	NOUN
zarasp	NOUN
zaravutsoy	NOUN
zarb	NOUN
zarba	NOUN
zarbat	NOUN
zarbatbek	NOUN
zarbdor	NOUN
zarbdorlik	NOUN
zarbegim	NOUN
zarbibi	NOUN
zarbof	NOUN
zarbonu	NOUN
zarbul	NOUN
zarbulmasal	NOUN
zarbuvi	NOUN
zarbuviş	NOUN
zarbxona	NOUN
zarcecak	NOUN
zarcinoy	NOUN
zarcob	NOUN
zarcova	NOUN
zard	NOUN
zarda	NOUN,VERB
zardaboz	NOUN
zardabozlik	NOUN
zardak	NOUN
zardalan	VERB
zardalik	NOUN
zardaqoi	NOUN
zardevor	NOUN
zardil	NOUN
zardob	NOUN
zardon	NOUN
zardona	NOUN
zardoz	NOUN
zardozci	NOUN
zardozlik	NOUN
zarduşt	NOUN
zarduştiy	NOUN
zarduştiylik	NOUN
zarema	NOUN
zargal	ADJ
zargaldoq	ADJ,NOUN
zargam	NOUN
zargar	NOUN
zargarlik	NOUN
zargarxoja	NOUN
zargul	NOUN
zarguna	NOUN
zarhal	NOUN,VERB
zarhalla	VERB
zarhallan	VERB
zaric	NOUN
zaricne	NOUN
zariddin	NOUN
zarif	NOUN
zarifa	NOUN
zarifiddin	NOUN
zarifkeldi	NOUN
zarifqul	NOUN
zarifulla	NOUN
zarifxoja	NOUN
zarima	NOUN
zarina	NOUN
zarinabonu	NOUN
zaringiz	NOUN
zarinjamol	NOUN
zarintoj	NOUN
zarir	NOUN
zarira	NOUN
zarirxoja	NOUN
zarjiban	NOUN
zarkamar	NOUN
zarkat	NOUN
zarkent	NOUN
zarkokil	NOUN
zarkumuş	NOUN
zarla	VERB
zarlan	VERB
zarli	NOUN
zarmamat	NOUN
zarmas	NOUN
zarmina	NOUN
zarmitan	NOUN
zarnigor	NOUN
zarnişon	NOUN
zarofa	NOUN
zarofat	NOUN
zarohat	NOUN
zarpecak	NOUN
zarqalam	NOUN
zarqora	NOUN
zarqori	NOUN
zarqul	NOUN
zarquloq	NOUN
zarra	ADV,NOUN
zarrabin	NOUN
zarraca	ADV,NOUN
zarragul	NOUN
zarrama-zarra	ADV
zarrangiz	NOUN
zarrin	ADJ,NOUN
zarrina	NOUN
zarringisu	NOUN
zarrux	NOUN
zarsuluv	NOUN
zartepa	NOUN
zarur	ADJ,NOUN,PRT
zarurat	NOUN
zaruriy	ADJ,NOUN
zaruriyat	NOUN
zarurlik	NOUN
zarvaraq	NOUN
zarxal	ADJ
zarxarid	ADJ
zarxol	NOUN
zarxon	NOUN
zarxonim	NOUN
zaryad	NOUN,VERB
zaryadka	NOUN
zaryadla	VERB
zaryadlan	VERB
zarşed	NOUN
zarşid	NOUN
zarşunos	NOUN
zastava	NOUN
zastavna	NOUN
zatişşa	NOUN
zatoka	NOUN
zatvor	NOUN
zavalla	NOUN
zavgun	NOUN
zavj	NOUN
zavja	NOUN
zavkom	NOUN
zavod	NOUN
zavodci	NOUN
zavodske	NOUN
zavol	NOUN
zavq	ADJ,NOUN,VERB
zavqeb	NOUN
zavqi	NOUN
zavqiddin	NOUN
zavqiya	NOUN
zavqlan	VERB
zavqlanaver	VERB
zavqlantir	VERB
zavqli	NOUN
zavqlibek	NOUN
zavqyob	NOUN
zavra	NOUN
zavraxon	NOUN
zavurboy	NOUN
zavxoz	NOUN
zax	ADJ,NOUN,VERB
zaxa	NOUN,VERB
zaxala	VERB
zaxalan	VERB
zaxalantir	VERB
zaxalat	VERB
zaxar	NOUN
zaxariq	NOUN
zaxira	NOUN
zaxkaş	NOUN
zaxkaşlik	NOUN
zaxla	VERB
zaxlat	VERB
zaxlik	NOUN
zaxm	NOUN
zaxob	NOUN
zaxxona	NOUN
zayavka	NOUN
zayd	NOUN
zaydali	NOUN
zaydalim	NOUN
zaydbek	NOUN
zaydi	NOUN
zaydulla	NOUN
zayfulla	NOUN
zayif	VERB
zayiflaş	VERB
zayl	NOUN
zaylob	NOUN
zaylobiddin	NOUN
zaymiddin	NOUN
zayn	NOUN
zaynab	NOUN
zaynabbeka	NOUN
zaynabbonu	NOUN
zaynabgul	NOUN
zaynabiddin	NOUN
zaynabmirza	NOUN
zaynabxoja	NOUN
zaynal	NOUN
zayni	NOUN
zayniali	NOUN
zaynibaşar	NOUN
zayniddin	NOUN
zaynidinov	NOUN
zaynidinova	NOUN
zaynigul	NOUN
zayniqul	NOUN
zaynit	NOUN
zayniya	NOUN
zaynobiddin	NOUN
zaynulislom	NOUN
zaynulla	NOUN
zaynulobiddin	NOUN
zaynura	NOUN
zayom	NOUN
zayomfuruş	NOUN
zayomfuruşlik	NOUN
zayonckovskaya	NOUN
zayonckovskiy	NOUN
zayriddin	NOUN
zaytullayev	NOUN
zaytullayeva	NOUN
zaytun	NOUN
zaytuna	NOUN
zaytungul	NOUN
zaytunzor	NOUN
zazor	NOUN
zbanic	NOUN
zbaraj	NOUN
zboriv	NOUN
zderic	NOUN
zdravko	NOUN
zdravkovic	NOUN
zeb	NOUN
zeb-ziynatli	ADJ
zebar	NOUN
zebedi	NOUN
zebi	NOUN
zebic	NOUN
zebidaxon	NOUN
zebigardon	NOUN
zebigul	NOUN
zebiniso	NOUN
zebixol	NOUN
zebiş	NOUN
zebo	ADJ,NOUN,VERB
zebobibi	NOUN
zebocehra	NOUN
zebogozal	NOUN
zebogul	NOUN
zebojamol	NOUN
zebokomat	NOUN
zebolan	VERB
zebolaş	VERB
zebolik	NOUN
zeboniso	NOUN
zebonur	NOUN
zebotoj	NOUN
zeboxol	NOUN
zebra	NOUN
zebu	NOUN
zebuniso	NOUN
zebuzar	NOUN
zecevic	NOUN
zedong	NOUN
zefir	NOUN
zeh	VERB
zehina	NOUN
zehir	NOUN
zehla	VERB
zehn	ADJ,NOUN
zehniddin	NOUN
zehniy	NOUN
zehniya	NOUN
zehnli	ADJ
zeki	NOUN
zekic	NOUN
zelandiya	NOUN
zelandya	NOUN
zelenodolsk	NOUN
zelenogirske	NOUN
zelenovic	NOUN
zelentrovic	NOUN
zeljko	NOUN
zelykovic	NOUN
zelzko	NOUN
zemlemer	NOUN
zemlesos	NOUN
zemlyanka	NOUN
zemstvo	NOUN
zend	NOUN
zeng	NOUN
zenic	NOUN
zenit	ADJ,NOUN
zenitci	NOUN
zenitsa	NOUN
zer	NOUN
zerbajic	NOUN
zerik	ADJ,VERB
zerikarli	ADJ
zerikiş	VERB
zeriktir	VERB
zernovskiy	NOUN
zero	CNJ,NOUN
zeroki	CNJ
zerubbabel	NOUN
zeruriya	NOUN
zerxon	NOUN
zevar	NOUN
zexniyat	NOUN
zey	NOUN
zeybekci	NOUN
zeyd	NOUN
zeyin	NOUN
zeytinburnu	NOUN
zeytinburnuspor	NOUN
zgurivka	NOUN
zhuanglar	NOUN
zic	ADJ,NOUN,VERB
zicla	VERB
ziclan	VERB
ziclantir	VERB
ziclat	VERB
ziclaş	VERB
ziclaştir	VERB
ziclaştiril	VERB
ziclik	NOUN
zid	NOUN
ziddiyat	NOUN
zidlik	NOUN
zidlovci	NOUN
zifa	NOUN
zifan	NOUN
zifo	NOUN
zigic	NOUN
zigir	NOUN
zigirkor	NOUN
zigirpoya	NOUN
zih	NOUN
zihiniso	NOUN
zikir	NOUN
zikirali	NOUN
zikiriyo	NOUN
zikr	NOUN
zikrci	NOUN
zikrilla	NOUN
zikriniso	NOUN
zikriyhon	NOUN
zikriyo	NOUN
zikriyoqul	NOUN
zikrxona	NOUN
zil	NOUN
zilgalov	NOUN
zilgalova	NOUN
zilic	NOUN
zillat	NOUN
zilol	NOUN
zilola	NOUN
zilolboy	NOUN
ziloliddin	NOUN
zilovic	NOUN
zilulla	NOUN
zilzil	NOUN
zilzila	NOUN
zilzilaşunos	NOUN
zilzilaşunoslik	NOUN
zim-ziyo	ADJ
zimbabve	NOUN
zimdan	ADV
zimiston	ADJ,NOUN
zimma	NOUN
zimonjic	NOUN
zimzis	NOUN
zin	NOUN
zina	NOUN
zinapoca	NOUN
zinapoya	NOUN
zinda	NOUN
zindaali	NOUN
zindadil	NOUN
zindon	NOUN
zindona	NOUN
zindonci	NOUN
zinedinov	NOUN
zinedinova	NOUN
zinetdinov	NOUN
zinetdinova	NOUN
zing	VERB
zingilla	VERB
zingillat	VERB
zinhor	PRT
zinhor-bazinhor	ADV
zinidinov	NOUN
zinidinova	NOUN
zinkiv	NOUN
zinnat	NOUN
zinnatbeka	NOUN
zinnatbu	NOUN
zinnatjon	NOUN
zinnatniso	NOUN
zinnatnur	NOUN
zinnatulla	NOUN
zinnatxoja	NOUN
zinnatxon	NOUN
zinnatşo	NOUN
zinnix	NOUN
zinnur	NOUN
zinnura	NOUN
zino	NOUN
zinogar	NOUN
zinogarlik	NOUN
zinokor	NOUN
zinokorlik	NOUN
zinxona	NOUN
zion	NOUN
zip	VERB
zipilla	VERB
zipillat	VERB
ziq	ADV,NOUN,VERB
ziqla	VERB
ziqlan	VERB
ziqlik	NOUN
ziqna	ADJ,NOUN,VERB
ziqnala	VERB
ziqnalan	VERB
ziqnalik	NOUN
zir	ADV,NOUN,VERB
zira	NOUN,VERB
ziragul	NOUN
zirak	ADJ,NOUN
zirala	VERB
ziraoy	NOUN
zirapca	NOUN
zirava	NOUN
ziravor	NOUN,VERB
ziravorla	VERB
ziraxol	NOUN
zirazor	NOUN
zirbak	NOUN
zirh	NOUN,VERB
zirhla	VERB
zirhlo	NOUN
zirhlovci	NOUN
ziric	NOUN
zirilla	VERB
zirillat	VERB
ziriq	VERB
ziriqtir	VERB
zirk	NOUN
zirkovic	NOUN
zirnix	NOUN
ziroat	NOUN
ziroatci	NOUN
ziroatcilik	NOUN
zirofa	NOUN
zirojevic	NOUN
zirq	VERB
zirq-zirq	IMIT
zirqilla	VERB
zirqillat	VERB
zirqira	VERB
zirqirat	VERB
zirvak	NOUN,VERB
zirvakla	VERB
zirvaq	NOUN
ziryanskoye	NOUN
zitir	VERB
zitirla	VERB
zivadinovic	NOUN
zivanovic	NOUN
zivkovic	NOUN
zivulovic	NOUN
ziya	NOUN
ziyadinov	NOUN
ziyadinova	NOUN
ziyatdinov	NOUN
ziyatdinova	NOUN
ziykol	NOUN
ziynat	NOUN,VERB
ziynatilloh	NOUN
ziynatla	VERB
ziynatlan	VERB
ziynatlantir	VERB
ziynatlantiril	VERB
ziynatli	ADJ
ziyo	ADJ,NOUN
ziyoahmad	NOUN
ziyoali	NOUN
ziyobek	NOUN
ziyobuvi	NOUN
ziyod	ADV,NOUN
ziyoda	NOUN,VERB
ziyodagul	NOUN
ziyodala	VERB
ziyodalan	VERB
ziyodalaş	VERB
ziyodalik	NOUN
ziyodat	NOUN
ziyodatulla	NOUN
ziyodaxon	NOUN
ziyodbek	NOUN
ziyodjon	NOUN
ziyodoy	NOUN
ziyodqozi	NOUN
ziyodulla	NOUN
ziyodxol	NOUN
ziyod�b�nu	NOUN
ziyofat	NOUN
ziyohiddin	NOUN
ziyokor	NOUN
ziyoli	ADJ,NOUN
ziyolilik	NOUN
ziyom	NOUN
ziyomat	NOUN
ziyomboy	NOUN
ziyomiddin	NOUN
ziyomxoja	NOUN
ziyon	ADJ,NOUN
ziyonci	NOUN
ziyoncilik	NOUN
ziyonkor	ADJ
ziyonkunanda	NOUN
ziyonsiz	NOUN
ziyonsizlik	NOUN
ziyonur	NOUN
ziyoqozi	NOUN
ziyoqul	NOUN
ziyor	NOUN
ziyorat	NOUN
ziyoratci	NOUN
ziyoratdin	NOUN
ziyoratgoh	NOUN
ziyoratmomo	NOUN
ziyoratxon	NOUN
ziyoratxona	NOUN
ziyoriddin	NOUN
ziyouddin	NOUN
ziyoviddin	NOUN
ziyovuddin	NOUN
ziyoxoja	NOUN
ziyoxon	NOUN
ziyrak	ADJ,NOUN
ziyraklik	NOUN
ziyrakxon	NOUN
zizic	NOUN
zlatan	NOUN
zlatko	NOUN
zlokovic	NOUN
zmeyevik	NOUN
znacok	NOUN
znamyanka	NOUN
zobir	NOUN
zobirulla	NOUN
zobit	NOUN
zobita	NOUN
zobitjon	NOUN
zobitlik	NOUN
zobiya	NOUN
zobkov	NOUN
zobkova	NOUN
zodiak	NOUN
zodiakal	NOUN
zog	NOUN
zogata	NOUN
zogca	NOUN
zogim	NOUN
zogora	NOUN
zogota	NOUN
zohid	NOUN
zohida	NOUN
zohiddin	NOUN
zohidlik	NOUN
zohidnur	NOUN
zohidulla	NOUN
zohir	NOUN
zohira	NOUN
zohirbek	NOUN
zohiriddin	NOUN
zohiriy	NOUN
zohirjon	NOUN
zohirmirza	NOUN
zohirnur	NOUN
zohirulla	NOUN
zohirxoja	NOUN
zohirşox	NOUN
zoiba	NOUN
zoid	NOUN
zoida	NOUN
zoim	NOUN
zoima	NOUN
zoir	NOUN
zoira	NOUN
zoirjon	NOUN
zok	VERB
zokir	NOUN
zokira	NOUN
zokiriddin	NOUN
zokiriya	NOUN
zokiriyo	NOUN
zokirmat	NOUN
zokirmuhammad	NOUN
zokirulla	NOUN
zokirxoja	NOUN
zokla	VERB
zoklat	VERB
zol	NOUN
zolim	ADJ,ADV,NOUN,VERB
zolimlaş	VERB
zolimlik	NOUN
zolimona	ADV
zoliya	NOUN
zolociv	NOUN
zolotonoşa	NOUN
zomin	NOUN
zomir	NOUN
zona	NOUN,VERB
zonal	VERB
zonalaş	VERB
zonalaştir	VERB
zonalla	VERB
zonallaş	VERB
zonallaştir	VERB
zonallaştiril	VERB
zond	NOUN
zonguldak	NOUN
zonguldakspor	NOUN
zont	NOUN
zontik	NOUN
zoolog	NOUN
zoologik	NOUN
zoologiya	NOUN
zoonim	NOUN
zoopark	NOUN
zoosad	NOUN
zootexnik	NOUN
zootexnika	NOUN
zor	ADJ,ADV,NOUN,VERB
zoraki	ADJ,ADV
zorali	NOUN
zoran	NOUN
zoravon	ADJ,NOUN
zoravonlik	NOUN
zoray	VERB
zorayt	VERB
zoraytir	VERB
zorbibi	NOUN
zorboy	NOUN
zorbuvi	NOUN
zordun	NOUN
zorga	ADV
zori	ADJ,VERB
zorilla	VERB
zorillat	VERB
zoriq	VERB
zoriqaver	VERB
zoriqiş	VERB
zoriqtir	VERB
zorit	VERB
zorkumuş	NOUN
zorla	VERB
zorlan	VERB
zorlaniş	VERB
zorlantir	VERB
zorlaş	VERB
zorlik	NOUN
zorliq	NOUN
zormamat	NOUN
zorman	NOUN
zormas	NOUN
zormat	NOUN
zormuhammad	NOUN
zorqul	NOUN
zorxoja	NOUN
zorxol	NOUN
zot	NOUN
zotan	PRT
zotirriya	NOUN
zotov	NOUN
zotova	NOUN
zov	NOUN
zova	NOUN
zovar	NOUN
zovur	NOUN
zovura	NOUN
zovurboy	NOUN
zovurci	NOUN
zoxide	NOUN
zoye	NOUN
zoyelik	NOUN
zoyil	NOUN,VERB
zoyillan	VERB
zoyir	NOUN
zoyira	NOUN
zoyo	NOUN
zrenkovskiy	NOUN
zric	NOUN
zrncic	NOUN
zrnoyevic	NOUN
zrvenkovic	NOUN
zrvenkovskiy	NOUN
zsolt	NOUN
zubarjat	NOUN
zubay	NOUN
zubayberdi	NOUN
zubayd	NOUN
zubayda	NOUN
zubaydulla	NOUN
zubayqul	NOUN
zubayr	NOUN
zubayra	NOUN
zubcevic	NOUN
zubda	NOUN
zubkov	NOUN
zubkova	NOUN
zubov	NOUN
zubova	NOUN
zubr	NOUN
zubturum	NOUN
zud	NOUN
zudlik	ADV
zue	NOUN
zufar	NOUN
zufarbek	NOUN
zufardeb	NOUN
zufarxoja	NOUN
zufarxon	NOUN
zuganov	NOUN
zuganova	NOUN
zugum	NOUN
zuhal	NOUN
zuhd	NOUN
zuhobek	NOUN
zuhra	NOUN
zuhriddin	NOUN
zuhro	NOUN
zuhrobibi	NOUN
zuhrobu	NOUN
zuhrobuvi	NOUN
zuhrojamol	NOUN
zuhrotoj	NOUN
zuhroxol	NOUN
zuhrulla	NOUN
zuhur	NOUN
zuhuriddin	NOUN
zuhurulla	NOUN
zukic	NOUN
zukko	ADJ,NOUN
zukkohon	NOUN
zukkolik	NOUN
zukorlic	NOUN
zulayho	NOUN
zulayna	NOUN
zulbahor	NOUN
zulbibi	NOUN
zulf	NOUN
zulfak	NOUN
zulfali	NOUN
zulfan	NOUN
zulfi	NOUN
zulfibek	NOUN
zulfida	NOUN
zulfiddin	NOUN
zulfihaydar	NOUN
zulfikamol	NOUN
zulfin	NOUN
zulfina	NOUN
zulfiniso	NOUN
zulfinor	NOUN
zulfinoy	NOUN
zulfinoz	NOUN
zulfinur	NOUN
zulfinxon	NOUN
zulfiqor	NOUN
zulfiqora	NOUN
zulfira	NOUN
zulfitilla	NOUN
zulfixabira	NOUN
zulfixon	NOUN
zulfiya	NOUN
zulfizar	NOUN
zulfulla	NOUN
zulfuqor	NOUN
zulhayo	NOUN
zulhayot	NOUN
zulhijja	NOUN
zulhumor	NOUN
zuljalol	NOUN
zuljamol	NOUN
zulkabir	NOUN
zulkabira	NOUN
zulkamol	NOUN
zulkaram	NOUN
zulkarnayn	NOUN
zullisonayn	NOUN
zullisonaynlik	NOUN
zulm	ADJ,NOUN
zulmat	NOUN
zulmkor	ADJ,NOUN
zulpan	NOUN
zulqada	NOUN
zulqadar	NOUN
zulqamar	NOUN
zulqarnayn	NOUN
zulqaynar	NOUN
zuluk	NOUN
zulxabira	NOUN
zulxayr	NOUN
zulxidja	NOUN
zulxiya	NOUN
zulxumor	NOUN
zum	VERB
zumida	NOUN
zumla	VERB
zumlat	NOUN,VERB
zumrad	ADJ,NOUN
zunnor	NOUN
zunnun	NOUN
zunnuna	NOUN
zunnunbek	NOUN
zunnunxoja	NOUN
zunnur	NOUN
zunun	NOUN
zurabov	NOUN
zurabova	NOUN
zurafo	NOUN
zurriyodbek	NOUN
zurriyot	NOUN
zuv	VERB
zuval	NOUN
zuvanic	NOUN
zuvla	VERB
zuvulla	VERB
zuvullat	VERB
zuvzuv	VERB
zuvzuvla	VERB
zuxra	NOUN
zuyev	NOUN
zuyeva	NOUN
zvenigorodka	NOUN
zvenkovskiy	NOUN
zveno	NOUN
zvenovoy	NOUN
zvetkovic	NOUN
zviyanovic	NOUN
zvonok	NOUN
zvyetanovic	NOUN
zynatulla	NOUN
şab	NOUN
şabada	NOUN,VERB
şabada/la	VERB
şabada/lan\tir	VERB
şabada/lat	VERB
şabada/laş	VERB
şabadala	VERB
şabboda	NOUN
şabbona	NOUN
şabbu	NOUN
şabbuy	NOUN
şabciroq	NOUN
şabcor	NOUN
şabdor	NOUN
şabgard	NOUN
şabgir	NOUN
şabiston	NOUN
şabkor	NOUN
şabkorlik	NOUN
şabkur	NOUN
şabkurlik	NOUN
şabliyenko	NOUN
şablon	NOUN,VERB
şablon/laş	VERB
şablon/laştir	VERB
şablonci	NOUN
şabloncilik	NOUN
şablonlaş	VERB
şablonlik	NOUN
şabnam	NOUN,VERB
şabnamlan	VERB
şabnamli	NOUN
şabnamsiz	NOUN
şabohat	NOUN
şabon	NOUN
şabonali	NOUN
şabonoy	NOUN
şaboxang	NOUN
şaboxun	NOUN
şabparak	NOUN
şabrang	NOUN
şabron	NOUN
şabutov	NOUN
şabutova	NOUN
şaddod	ADJ,NOUN,VERB
şaddoda	NOUN
şaddodlan	VERB
şaddodlik	NOUN
şafak	NOUN
şafaq	NOUN,VERB
şafaqlan	VERB
şafaqrang	NOUN
şafe	NOUN
şafelik	NOUN
şafey	NOUN
şaffof	ADJ,NOUN,VERB
şaffoflan	VERB
şaffoflik	NOUN
şafi	NOUN
şafin	NOUN
şafiq	NOUN
şafiqa	NOUN
şafkat	NOUN
şafkatsiz	NOUN
şafkatsizlik	NOUN
şafoat	NOUN
şafqat	ADJ,NOUN
şafqatli	ADJ,NOUN
şafqatlilik	NOUN
şafqatsiz	ADJ,NOUN
şafqatsizlik	NOUN
şafqatulla	NOUN
şaftoli	NOUN
şaftoliqoqi	NOUN
şaftolixur	NOUN
şaftolizor	NOUN
şagal	NOUN,VERB
şagalla	VERB
şagir	VERB
şagir/la	VERB
şagir/lat	VERB
şagirla	VERB
şagol	NOUN
şagren	NOUN
şagzona	NOUN
şah	NOUN
şahaddin	NOUN
şahanşah	NOUN
şahanşoh	NOUN
şahar	ADJ,NOUN,VERB
şaharca	NOUN
şaharcilik	NOUN
şahargul	NOUN
şaharlaş	VERB
şaharlik	NOUN
şaharmurod	NOUN
şaharnamo	NOUN
şaharnasib	NOUN
şaharqul	NOUN
şahboz	NOUN
şahd	NOUN
şahdam	NOUN
şahdiyor	NOUN
şahid	NOUN
şahidmozor	NOUN
şahin	NOUN
şahina	NOUN
şahinabegim	NOUN
şahir	NOUN
şahita	NOUN
şahlo	NOUN
şahnoz	NOUN
şahnoza	NOUN
şahnur	NOUN
şahnura	NOUN
şahob	NOUN
şahobberdi	NOUN
şahobiddin	NOUN
şahobmirza	NOUN
şahodat	NOUN
şahodatnoma	NOUN
şahona	NOUN
şahov	NOUN
şahova	NOUN
şahr	NOUN
şahram	NOUN
şahrbonu	NOUN
şahri	NOUN
şahribonu	NOUN
şahribu	NOUN
şahribuvi	NOUN
şahriddin	NOUN
şahrina	NOUN
şahrinasib	NOUN
şahrinav	NOUN
şahriniso	NOUN
şahrinoz	NOUN
şahrinur	NOUN
şahrisabz	NOUN
şahriston	NOUN
şahritoş	NOUN
şahrixon	NOUN
şahriya	NOUN
şahriyor	NOUN
şahriyorbek	NOUN
şahrizod	NOUN
şahrizoda	NOUN
şahrud	NOUN
şahruz	NOUN
şahruza	NOUN
şahrzod	NOUN
şahsovor	NOUN
şahsuvor	NOUN
şahvat	NOUN
şahvatparast	NOUN
şahvatparastlik	NOUN
şahvoiiy	NOUN
şahvor	NOUN
şahzod	NOUN
şahzoda	NOUN
şaiba	NOUN
şaitonteri	NOUN
şajara	NOUN
şak	NOUN
şakal	NOUN
şakar	ADJ,NOUN,VERB
şakar/la	VERB
şakar/lan	VERB
şakarak	NOUN
şakarali	NOUN
şakaran	NOUN
şakarangur	NOUN
şakarbek	NOUN
şakarca	NOUN
şakarguftor	NOUN
şakarguftorlik	NOUN
şakargul	NOUN
şakarjon	NOUN
şakarjoy	NOUN
şakarla	VERB
şakarli	ADJ,NOUN
şakarnabot	NOUN
şakarnoz	NOUN
şakarob	NOUN
şakaroy	NOUN
şakarpalak	NOUN
şakarpaz	NOUN
şakarpazlik	NOUN
şakarpoya	NOUN
şakarqamiş	NOUN
şakarqul	NOUN
şakarteri	NOUN
şakarxoja	NOUN
şakirbegovic	NOUN
şakirov	NOUN
şakirova	NOUN
şakkok	NOUN,VERB
şakkoklan	VERB
şakkoklik	NOUN
şakl	NOUN,VERB
şakl/la	VERB
şakl/lan	VERB
şakl/lan\tir	VERB
şakl/lan\tir\il	VERB
şakl/laş	VERB
şaklan	ADV
şakldor	NOUN
şaklik	NOUN
şaklla	VERB
şaklsiz	NOUN
şaklsizlik	NOUN
şaksiz	NOUN,PRT
şal	NOUN
şalabbo	ADJ,NOUN
şalay	NOUN
şalayim	NOUN,VERB
şalayimlan	VERB
şalayimlik	NOUN
şaldir	NOUN,VERB
şaldir/a	VERB
şaldir/at	VERB
şaldira	VERB
şaldiroq	NOUN
şalhak	NOUN
şaligine	NOUN
şallaqi	ADJ,NOUN,VERB
şallaqilan	VERB
şallaqilik	NOUN
şalola	NOUN
şalop	IMIT,NOUN,VERB
şalop/la	VERB
şalop/lat	VERB
şalopla	VERB
şaloq	NOUN,VERB
şaloq/la	VERB
şaloq/lan	VERB
şaloq/laş	VERB
şaloqla	VERB
şaloqlik	NOUN
şalp	NOUN,VERB
şalpay	VERB
şalpay/tir	VERB
şalpay/tiril	VERB
şalpayiş	VERB
şalpaytir	VERB
şalpilla	VERB
şalqan	NOUN
şaltoq	NOUN,VERB
şaltoqlan	VERB
şaltoqlik	NOUN
şaltoqxona	NOUN
şalvar	NOUN
şalvay	VERB
şalvayiş	VERB
şalvir	VERB
şalvir/a	VERB
şalvir/at	VERB
şalvira	VERB
şalxak	NOUN
şam	NOUN
şama	NOUN
şamaloq	NOUN
şaman	NOUN
şamanov	NOUN
şamanova	NOUN
şamaton	NOUN
şamciroq	NOUN
şamdon	NOUN
şamgar	NOUN
şamgarlik	NOUN
şamgin	NOUN
şami	NOUN
şamida	NOUN
şamidaxon	NOUN
şamil	NOUN
şamim	NOUN
şamima	NOUN
şamiyen	NOUN
şamjahon	NOUN
şamkov	NOUN
şamkova	NOUN
şamol	ADJ,NOUN,VERB
şamol/la	VERB
şamol/lan	VERB
şamol/lat	VERB
şamol/lat\il	VERB
şamol/lat\tir	VERB
şamolboy	NOUN
şamoliddin	NOUN
şamolla	VERB
şamolli	ADJ
şamolparrak	NOUN
şamoma	NOUN
şampan	NOUN
şampanskiy	NOUN
şampun	NOUN
şamruq	NOUN
şams	NOUN
şamsa	NOUN
şamsi	NOUN
şamsibonu	NOUN
şamsibu	NOUN
şamsibuvi	NOUN
şamsiddin	NOUN
şamsigul	NOUN
şamsijahon	NOUN
şamsijamol	NOUN
şamsikamol	NOUN
şamsimiza	NOUN
şamsimuhammad	NOUN
şamsinahor	NOUN
şamsinazar	NOUN
şamsiniso	NOUN
şamsinur	NOUN
şamsioy	NOUN
şamsiqamar	NOUN
şamsiqora	NOUN
şamsiqul	NOUN
şamsir	NOUN
şamsiroy	NOUN
şamsixoja	NOUN
şamsixon	NOUN
şamsiy	NOUN
şamsiya	NOUN
şamsiyabonu	NOUN
şamsuddin	NOUN
şamsuddina	NOUN
şamsulhaq	NOUN
şamsulla	NOUN
şamsulmulk	NOUN
şamsutdinov	NOUN
şamsutdinova	NOUN
şamxol	NOUN
şamşadoy	NOUN
şamşar	NOUN
şamşarjon	NOUN
şamşir	NOUN
şamşira	NOUN
şamşirboy	NOUN
şamşiroy	NOUN
şamşod	NOUN
şamşoda	NOUN
şamşodoy	NOUN
şan	NOUN
şanba	NOUN
şanbagul	NOUN
şanbalik	NOUN
şanbaqul	NOUN
şanbl	NOUN
şane	NOUN
şang	NOUN,VERB
şangi	NOUN,VERB
şangilla	VERB
şangray	VERB
şankr	NOUN
şanliurfa	NOUN
şannoz	NOUN
şanq	VERB
şanq/illa	VERB
şanq/illat	VERB
şanqi	VERB
şanqilla	VERB
şantaj	NOUN
şantajci	NOUN
şanxay	NOUN
şap	NOUN,VERB
şap/illa	VERB
şap/illat	VERB
şapaloq	NOUN,VERB
şapaloq/la	VERB
şapaloq/lat	VERB
şapaloq/laş	VERB
şapaloqgul	NOUN
şapaloqla	VERB
şaparak	NOUN
şapati	VERB
şapatila	VERB
şapilla	VERB
şapir-şupur	ADV,IMIT
şapka	NOUN
şapok	NOUN
şapoq	NOUN,VERB
şapoqlan	VERB
şapoqlaş	VERB
şapovalov	NOUN
şapovalova	NOUN
şapoşnikov	NOUN
şapoşnikova	NOUN
şappa	NOUN,VERB
şappa/la	VERB
şappa/lat	VERB
şappala	VERB
şappati	NOUN
şapra	NOUN
şapşak	NOUN,VERB
şapşaklaş	VERB
şapşaklik	NOUN
şaq	IMIT,NOUN,VERB
şaq-şuq	IMIT
şaq/illa	VERB
şaq/illat	VERB
şaq/illaş	VERB
şaqal	NOUN
şaqarnay	NOUN
şaqarsoz	NOUN
şaqildoq	NOUN
şaqilla	VERB
şaqir	VERB
şaqir-şuqur	IMIT
şaqir/la	VERB
şaqir/lat	VERB
şaqir/laş	VERB
şaqirla	VERB
şaqşaq	NOUN
şar	ADJ,NOUN,VERB
şar/illa	VERB
şar/illat	VERB
şaraf	NOUN,VERB
şaraf/la	VERB
şaraf/lan	VERB
şarafa	NOUN
şarafiddin	NOUN
şarafjon	NOUN
şarafla	VERB
şarafli	NOUN
şarafulla	NOUN
şaran	NOUN
şaraq	IMIT,NOUN,VERB
şaraq-şaraq	IMIT
şaraq-şuruq	IMIT
şaraq/la	VERB
şaraq/lat	VERB
şaraqla	VERB
şaraqsoy	NOUN
şarbat	NOUN,VERB
şarbatdor	NOUN
şarbatdorlik	NOUN
şarbatla	VERB
şarbon	NOUN
şarca	NOUN
şarf	NOUN
şargorod	NOUN
şargun	NOUN
şarh	NOUN,VERB
şarh/la	VERB
şarh/lan	VERB
şarh/laş	VERB
şarhla	VERB
şarhlo	NOUN
şarhlovci	NOUN
şarhsiz	NOUN
şariat	NOUN
şariatci	NOUN
şariatpanoh	NOUN
şariatulla	NOUN
şarif	NOUN
şarifa	NOUN
şarifboy	NOUN
şarifjon	NOUN
şarifmirza	NOUN
şarifnafas	NOUN
şarifnazar	NOUN
şarifniyoz	NOUN
şarifqori	NOUN
şarifqul	NOUN
şariftursun	NOUN
şarifxoja	NOUN
şarik	NOUN
şarilla	VERB
şariy	NOUN
şarlatan	NOUN
şarlatanlik	NOUN
şarm	NOUN
şarmanda	NOUN
şarmandacilik	NOUN
şarmandagarcilik	NOUN
şarmandalarca	NOUN
şarmandali	NOUN
şarmandalik	NOUN
şarmanka	NOUN
şarmankaci	NOUN
şarmisor	NOUN
şarmisorlik	NOUN
şarmsiz	NOUN
şarmsizlik	NOUN
şarnir	NOUN
şaro	NOUN
şarob	NOUN
şarobci	NOUN
şarobxona	NOUN
şarobxor	NOUN
şarobxorlik	NOUN
şarobxur	NOUN
şarof	NOUN
şarofat	NOUN
şarofiddin	NOUN
şarofoy	NOUN
şarofxoja	NOUN
şarofxon	NOUN
şaroit	NOUN
şarora	NOUN
şarorat	NOUN
şarov	NOUN
şarova	NOUN
şarpa	NOUN
şarq	NOUN,VERB
şarq/illa	VERB
şarq/illaş	VERB
şarq/ira	VERB
şarq/irat	VERB
şarqca	NOUN
şarqilla	VERB
şarqira	VERB
şarqiya	NOUN
şarqlik	NOUN
şarqona	NOUN
şarqşunos	NOUN
şarqşunoslik	NOUN
şarr	ADJ,NOUN
şarros	ADJ
şarsimon	ADJ,NOUN
şart	ADJ,IMIT,NOUN,PRT,VERB
şart-şurt	IMIT
şart/illa	VERB
şart/illat	VERB
şart/la	VERB
şart/lan	VERB
şart/laş	VERB
şart/laş\il	VERB
şart/laş\iş	VERB
şartaki	ADJ,NOUN
şartakilik	NOUN
şartilla	VERB
şartla	VERB
şartlik	NOUN
şartnoma	NOUN
şarvanoy	NOUN
şarşar	NOUN
şarşara	NOUN
şarşarak	NOUN
şassi	NOUN
şat	NOUN
şatak	NOUN,VERB
şatak/la	VERB
şatak/lan	VERB
şatak/laş	VERB
şatakci	NOUN
şatakla	VERB
şataksira	VERB
şataloq	NOUN,VERB
şataloqla	VERB
şatir	VERB
şatir/la	VERB
şatir/lat	VERB
şatirla	VERB
şatov	NOUN
şatova	NOUN
şatranj	NOUN
şatt	VERB
şatta	NOUN,VERB
şatta/la	VERB
şatta/laş	VERB
şattaki	NOUN
şattakilik	NOUN
şattala	VERB
şattilla	VERB
şaul	NOUN
şavaqi	NOUN
şavkaron	NOUN
şavkat	NOUN
şavkatali	NOUN
şavkatmirza	NOUN
şavkatnazar	NOUN
şavla	NOUN
şavq	NOUN,VERB
şavq/lan	VERB
şavq/lantir	VERB
şavq/lantir\il	VERB
şavqat	ADJ
şavqatsiz	ADJ
şavqi	NOUN
şavqiddin	NOUN
şavqiya	NOUN
şavqlan	VERB
şavvol	NOUN
şavvoz	NOUN
şavxar	NOUN
şaxar	NOUN
şaxarcilik	NOUN
şaxarsoz	NOUN
şaxid	NOUN
şaxidlik	NOUN
şaxmat	NOUN
şaxmatci	NOUN
şaxob	NOUN
şaxr	NOUN
şaxriston	NOUN
şaxs	ADJ,NOUN
şaxsan	ADV
şaxsiy	ADJ,NOUN
şaxsiya	NOUN
şaxsiyat	NOUN
şaxsiyatci	NOUN
şaxsiyatparast	NOUN
şaxsiyatparastlik	NOUN
şaxt	ADV,NOUN
şaxta	NOUN
şaxtaci	NOUN
şaxtam	NOUN
şaxtyor	NOUN
şaxtyorlik	NOUN
şay	NOUN,VERB
şay/la	VERB
şay/lan	VERB
şay/lan\tir	VERB
şayahmetov	NOUN
şayahmetova	NOUN
şayba	NOUN
şaydo	NOUN
şaydo/yi	VERB
şaydo/yilaş	VERB
şaydolik	NOUN
şaydona	NOUN
şaydoyi	NOUN
şaydoyilik	NOUN
şayin	NOUN
şayka	NOUN
şayla	VERB
şaymiyev	NOUN
şaymiyeva	NOUN
şaymon	NOUN
şaymonboy	NOUN
şaymonqul	NOUN
şaymuhammad	NOUN
şaymutdinov	NOUN
şaymutdinova	NOUN
şayni	NOUN
şaytanat	NOUN
şayton	NOUN,VERB
şayton/la	VERB
şayton/lan	VERB
şaytoniy	NOUN
şaytonkosa	NOUN
şaytonkovuş	NOUN
şaytonla	VERB
şaytonlik	NOUN
şaytonoy	NOUN
şaytonteri	NOUN
şayx	NOUN
şayxi	NOUN
şayxiddin	NOUN
şayxin	NOUN
şayxislom	NOUN
şayxlar	NOUN
şayxlik	NOUN
şayxmuhammad	NOUN
şayxnazar	NOUN
şayxrozi	NOUN
şayxulislom	NOUN
şayxulla	NOUN
şayxulmardon	NOUN
şayxzamon	NOUN
şayxzoda	NOUN
şayzoda	NOUN
şaşa	NOUN
şaşka	NOUN
şaşkaci	NOUN
şaşlik	NOUN
şaşmaqom	NOUN
şaşpar	NOUN
şaşqa	NOUN
şaşqaci	NOUN
şaşqator	NOUN
şaşqol	NOUN
şaşt	NOUN
şaşvar	NOUN
şci	NOUN
şcirets	NOUN
şcit	NOUN
şcors	NOUN
şeamus	NOUN
şeckenko	NOUN
şef	NOUN
şef-povar	NOUN
şefaat	NOUN
şeffer	NOUN
şeffild	NOUN
şeflik	NOUN
şehnazar	NOUN
şehroz	NOUN
şekel	NOUN
şekil	NOUN
şekilli	NOUN,PRT
şekmalik	NOUN
şelen	NOUN
şelkovenkov	NOUN
şelkovenkova	NOUN
şelkunov	NOUN
şelkunova	NOUN
şelokov	NOUN
şelokova	NOUN
şeluxa	NOUN
şemaya	NOUN
şemizoda	NOUN
şen	NOUN
şendung	NOUN
şeng	NOUN
şengen	NOUN
şepajon	NOUN
şepetivka	NOUN
şepetkov	NOUN
şepetkova	NOUN
şepilov	NOUN
şepilova	NOUN
şer	NOUN,VERB
şerabek	NOUN
şerafgon	NOUN
şerahmad	NOUN
şerali	NOUN
şeran	NOUN
şerandom	NOUN
şerarslon	NOUN
şerazim	NOUN
şerbacca	NOUN
şerbadal	NOUN
şerbek	NOUN
şerberdi	NOUN
şerbola	NOUN
şerbota	NOUN
şerboy	NOUN
şerdil	NOUN
şerdon	NOUN
şerdonboy	NOUN
şerdono	NOUN
şerdonqul	NOUN
şerdor	NOUN
şerenga	NOUN
şerfedinov	NOUN
şerfedinova	NOUN
şerfetdinov	NOUN
şerfetdinova	NOUN
şergozi	NOUN
şergul	NOUN
şerhad	NOUN
şeria	NOUN
şerif	NOUN
şerifovic	NOUN
şerik	NOUN,VERB
şerikbol	NOUN
şerikboy	NOUN
şerikci	NOUN
şerikcilik	NOUN
şeriklaş	VERB
şeriklik	NOUN
şerim	NOUN
şeriy	NOUN
şeriya	NOUN
şeriyat	NOUN
şerjahon	NOUN
şerjon	NOUN
şerkeldi	NOUN
şerkent	NOUN
şerlan	NOUN,VERB
şermamat	NOUN
şerman	NOUN
şermard	NOUN
şermatali	NOUN
şermengli	NOUN
şermirza	NOUN
şermomin	NOUN
şermon	NOUN
şermuhammad	NOUN
şermurod	NOUN
şernafas	NOUN
şernazar	NOUN
şerniyoz	NOUN
şernoz	NOUN
şernur	NOUN
şerobod	NOUN
şerodil	NOUN
şerolgin	NOUN
şeromon	NOUN
şeron	NOUN
şeroz	NOUN
şerozi	NOUN
şeroziy	NOUN
şerozod	NOUN
şerpolat	NOUN
şerqobil	NOUN
şerqozi	NOUN
şerqul	NOUN
şerqurbon	NOUN
şerquzi	NOUN
şerst	NOUN
şertemir	NOUN
şertog	NOUN
şertoy	NOUN
şertoyloq	NOUN
şerud	NOUN
şervali	NOUN
şerxoja	NOUN
şerxol	NOUN
şerxon	NOUN
şerxonlik	NOUN
şeryazdon	NOUN
şeryigit	NOUN
şeryurak	ADJ
şerzamin	NOUN
şerzamon	NOUN
şerzod	NOUN
şerşod	NOUN
şerşunos	NOUN
şerşunoslik	NOUN
şesternya	NOUN
şesternyali	NOUN
şetmat	NOUN
şeva	NOUN
şevcenko	NOUN
şeviot	NOUN
şevkiyev	NOUN
şevkiyeva	NOUN
şevro	NOUN
şevron	NOUN
şeyping	NOUN
şezlong	NOUN
şi	NOUN
şia	NOUN
şialik	NOUN
şiavgang	NOUN
şibba	NOUN,VERB
şibba/la	VERB
şibba/lan	VERB
şibba/lat	VERB
şibba/laş	VERB
şibbala	VERB
şibbalo	NOUN
şibbalovci	NOUN
şidda/t	VERB
şidda/tlan	VERB
şiddat	NOUN
şiddatkor	NOUN
şiddatli	ADJ,NOUN
şiddatlilik	NOUN
şidnitsa	NOUN
şifer	NOUN
şifo	NOUN,VERB
şifo/la	VERB
şifo/lan	VERB
şifobaxş	ADJ,NOUN
şifobaxşlik	NOUN
şifoci	NOUN
şifokor	NOUN
şifola	VERB
şifoli	NOUN
şifolik	NOUN
şifon	NOUN
şifoner	NOUN
şifoxona	NOUN
şifr	NOUN,VERB
şifr/la	VERB
şifr/lan	VERB
şifr/lat	VERB
şifrla	VERB
şift	NOUN
şig	IMIT,NOUN,VERB
şig/illa	VERB
şig/illat	VERB
şiga	NOUN,VERB
şigala	VERB
şigat	VERB
şigay	NOUN
şigil	NOUN
şigilla	VERB
şigir	VERB
şigirla	VERB
şigoni	NOUN
şigovul	NOUN
şigr	VERB
şigr/ay	VERB
şigr/aytir	VERB
şigray	VERB
şigrin	NOUN
şihob	NOUN
şihobiddin	NOUN
şiiy	NOUN
şiiylar	NOUN
şiizm	NOUN
şijoat	ADJ,NOUN
şijoatali	NOUN
şijoatdin	NOUN
şijoatkor	NOUN
şijoatkorona	NOUN
şijoatli	ADJ
şijoatxon	NOUN
şik	NOUN
şikast	NOUN,VERB
şikast/la	VERB
şikast/lan	VERB
şikast/lan\tir	VERB
şikasta	NOUN
şikastaband	NOUN
şikastahol	ADJ
şikastanafs	NOUN
şikastanafslik	NOUN
şikastaxo	NOUN
şikastla	VERB
şikildoq	NOUN
şikir	NOUN
şikor	NOUN
şikoyat	NOUN,VERB
şikoyatboz	NOUN
şikoyatbozlik	NOUN
şikoyatci	NOUN
şikoyatlan	VERB
şikoyatnamo	NOUN
şikoyatnoma	NOUN
şikoyatomuz	NOUN
şikva	NOUN,VERB
şikvalan	VERB
şil	NOUN,VERB
şil/in	VERB
şil/intir	VERB
şildir	NOUN,VERB
şildir-şildir	IMIT
şildir/a	VERB
şildir/at	VERB
şildir/aş	VERB
şildira	VERB
şildirboş	NOUN
şildiroq	NOUN
şilimşiq	ADJ,NOUN
şilin	VERB
şilingpoca	NOUN
şiliq	NOUN,VERB
şiliq/la	VERB
şiliq/lat	VERB
şiliqla	VERB
şilk	NOUN
şilling	NOUN
şilliq	NOUN
şilp	NOUN
şilpildoq	NOUN
şilpilla	VERB
şilpillat	VERB
şilpiq	NOUN,VERB
şilpiqlan	VERB
şilq	VERB
şilq/illa	VERB
şilq/illat	VERB
şilqilla	VERB
şilqim	NOUN,VERB
şilqimlan	VERB
şilqimlarca	NOUN
şilqimlik	NOUN
şilt	NOUN,VERB
şilta	ADJ,NOUN,PRT,VERB
şilta/la	VERB
şilta/lan	VERB
şiltala	VERB
şiltilla	VERB
şilvir	VERB
şilvir/a	VERB
şilvir/at	VERB
şilvira	VERB
şim	NOUN,VERB
şim/ar	VERB
şim/aril	VERB
şim/arin	VERB
şim/artir	VERB
şim/dir	VERB
şim/diril	VERB
şim/dirtir	VERB
şim/ir	VERB
şim/irtir	VERB
şimanov	NOUN
şimanova	NOUN
şimar	NOUN,VERB
şimarig	NOUN
şimariglik	NOUN
şimarigliq	NOUN
şimariq	NOUN
şimey	NOUN
şimi	VERB
şimil	VERB
şimir	VERB
şimit	VERB
şimiş	VERB
şimol	NOUN
şimoli-garb	NOUN
şimoli-şarq	NOUN
şimoliy	NOUN
şimollik	NOUN
şimov	NOUN
şimova	NOUN
şimpanze	NOUN
şimşir	NOUN
şina	NOUN
şinak	NOUN
şinam	NOUN
şinamlik	NOUN
şinavanda	ADJ,NOUN
şinavandalik	NOUN
şinel	NOUN
şing	VERB
şing/illa	VERB
şing/illat	VERB
şing/illaş	VERB
şing/ir	VERB
şing/irla	VERB
şing/irla\t	VERB
şing/irla\ş	VERB
şingagf	NOUN
şingarf	NOUN
şingil	NOUN
şingiling	NOUN
şingilla	VERB
şingiroq	NOUN
şingray	NOUN
şinjon	NOUN
şinkev	NOUN
şinkiev	NOUN
şinni	NOUN
şinzo	NOUN
şior	NOUN
şiorulla	NOUN
şip	NOUN,VERB
şip-şip	IMIT
şip/illa	VERB
şip/illat	VERB
şipak	NOUN
şipakov	NOUN
şipakova	NOUN
şipang	VERB
şipang/la	VERB
şipang/lat	VERB
şipangla	VERB
şipildoq	NOUN
şipilla	VERB
şipillo	NOUN
şipillovci	NOUN
şipir	NOUN,VERB
şipir/la	VERB
şipir/lat	VERB
şipir/laş	VERB
şipirgi	NOUN
şipirla	VERB
şippak	NOUN
şippon	NOUN
şiptir	NOUN
şipşi	NOUN,VERB
şipşip	VERB
şipşipla	VERB
şipşit	NOUN,VERB
şiq	NOUN,VERB
şiq-şiq	IMIT
şiq/illa	VERB
şiq/illat	VERB
şiqildoq	NOUN
şiqilla	VERB
şiqir	VERB
şiqir/la	VERB
şiqir/lat	VERB
şiqirla	VERB
şir	NOUN,VERB
şir/illa	VERB
şir/illat	VERB
şira	NOUN
şirac	VERB
şirac/la	VERB
şirac/lat	VERB
şiraci	NOUN
şiracla	VERB
şirador	NOUN
şiradorlik	NOUN
şiragul	NOUN
şirakayf	ADJ,NOUN
şirakayflik	NOUN
şirali	NOUN
şiralik	NOUN
şiralilik	NOUN
şirapaz	NOUN
şirapazlik	NOUN
şirava	NOUN
şiravor	NOUN
şiravorci	NOUN
şiravorpaz	NOUN
şiravorpazlik	NOUN
şiraxon	NOUN
şirayeve	NOUN
şirbudun	NOUN
şircoy	NOUN
şirguruc	NOUN
şirgurunc	NOUN
şirilla	VERB
şirin	ADJ,NOUN,VERB
şirin-şakar	ADJ
şirin-şirin	ADJ
şirin/la	VERB
şirin/laş	VERB
şirina	NOUN
şirinabonu	NOUN
şirinbegim	NOUN
şirinbek	NOUN
şirinca	NOUN
şirincilik	NOUN
şirindimog	NOUN
şiringina	ADJ
şiringul	NOUN
şirinjamol	NOUN
şirinkoma	NOUN
şirinla	VERB
şirinlik	NOUN
şirinmiya	NOUN
şirinoy	NOUN
şirinoza	NOUN
şirinqul	NOUN
şirinsoz	ADJ,NOUN
şirinsozlik	NOUN
şirinsuxan	ADJ,NOUN
şirinsuxanlik	NOUN
şirintak	NOUN
şirintomoq	ADJ,NOUN
şirintoy	NOUN
şirinturuş	NOUN
şirinxur	NOUN
şiriq	NOUN,VERB
şiriq/la	VERB
şiriq/lat	VERB
şiriqla	VERB
şirkat	NOUN
şirkent	NOUN
şirlaton	NOUN
şirma	NOUN
şirmon	NOUN
şirmonbuloq	NOUN
şirmonoy	NOUN
şirmoy	NOUN
şirmoyi	NOUN
şirolga	NOUN
şiroq	NOUN
şirq	NOUN,VERB
şirq/illa	VERB
şirq/illat	VERB
şirq/ira	VERB
şirq/irat	VERB
şirqilla	VERB
şirqira	VERB
şirqovoq	NOUN
şirt	NOUN,VERB
şirt/illa	VERB
şirt/illat	VERB
şirtilla	VERB
şirxorda	NOUN
şirxura	NOUN
şirzada	NOUN
şisey	NOUN
şit	NOUN
şitir	VERB
şitir-şitir	IMIT
şitir/la	VERB
şitir/lat	VERB
şitirla	VERB
şitob	NOUN,VERB
şitoblan	VERB
şitoblik	NOUN
şiv	VERB
şiv/illa	VERB
şiv/illaş	VERB
şiva	VERB
şivaga	NOUN
şivala	VERB
şivilgoni	NOUN
şivilla	VERB
şivir	NOUN
şivir/la	VERB
şivir/laş	VERB
şivirgoni	NOUN
şivit	NOUN
şixang	NOUN,VERB
şixangla	VERB
şixta	NOUN
şiydam	NOUN
şiypang	VERB
şiypangla	VERB
şiypon	NOUN
şizofreniya	NOUN
şiş	NOUN,VERB
şiş/ir	VERB
şiş/iril	VERB
şişa	ADJ,NOUN
şişadam	NOUN
şişadoş	NOUN
şişak	NOUN
şişasoz	NOUN
şişin	NOUN,VERB
şişinqira	VERB
şişintir	VERB
şişir	VERB
şkaf	NOUN
şkala	NOUN
şkiv	NOUN
şkodra	NOUN
şlagbaum	NOUN
şlak	NOUN
şlakobeton	NOUN
şlakoblok	NOUN
şlang	NOUN
şlanga	NOUN
şlem	NOUN
şlemofon	NOUN
şlifovka	NOUN
şlifovkaci	NOUN
şlindel	NOUN
şlindelli	NOUN
şlyapa	NOUN
şlyupka	NOUN
şlyuz	NOUN
şmutstitul	NOUN
şnitsel	NOUN
şnur	NOUN,VERB
şnur/la	VERB
şnur/lan	VERB
şnurla	VERB
şo	NOUN
şoabbos	NOUN
şoabdi	NOUN
şoabdukarim	NOUN
şoabdulla	NOUN
şoabduqodir	NOUN
şoabdurahim	NOUN
şoabdurahmon	NOUN
şoadham	NOUN
şoafzal	NOUN
şoahmad	NOUN
şoahror	NOUN
şoakbar	NOUN
şoakram	NOUN
şoalim	NOUN
şoamir	NOUN
şoanvar	NOUN
şoasil	NOUN
şoasqar	NOUN
şoazam	NOUN
şoazim	NOUN
şoaziz	NOUN
şobahrom	NOUN
şobarot	NOUN
şobegim	NOUN
şobek	NOUN
şobeka	NOUN
şoberdi	NOUN
şobibi	NOUN
şobir	NOUN
şobon	NOUN
şobori	NOUN
şobota	NOUN
şoburhon	NOUN
şobuvi	NOUN
şocucuk	NOUN
şocun	NOUN
şod	NOUN,VERB
şod/lan	VERB
şod/lantir	VERB
şod/lantir\il	VERB
şoda	NOUN,VERB
şoda/la	VERB
şoda/lan	VERB
şoda/lat	VERB
şodala	VERB
şodali	NOUN
şodanur	NOUN
şoddil	NOUN
şoddilbek	NOUN
şodguna	NOUN
şodi	NOUN
şodiahmad	NOUN
şodibek	NOUN
şodigul	NOUN
şodil	NOUN
şodilbek	NOUN
şodimat	NOUN
şodimirza	NOUN
şodimuhammad	NOUN
şodimurod	NOUN
şodiniso	NOUN
şodiqul	NOUN
şoditora	NOUN
şodixoja	NOUN
şodixol	NOUN
şodiya	NOUN
şodiyena	NOUN
şodiyenalik	NOUN
şodiyona	ADJ,NOUN
şodiyor	NOUN
şodiyora	NOUN
şodkom	NOUN
şodlan	VERB
şodliddin	NOUN
şodlik	NOUN
şodmad	NOUN
şodmehr	NOUN
şodmon	NOUN
şodmona	NOUN
şodmonali	NOUN
şodmonlik	NOUN
şodmonqul	NOUN
şodmonxoja	NOUN
şodon	NOUN
şodona	NOUN
şodonlik	NOUN
şofaizi	NOUN
şofattoh	NOUN
şofer	NOUN
şofirkon	NOUN
şofiy	NOUN
şofiya	NOUN
şofyor	NOUN
şofyorlik	NOUN
şogaffor	NOUN
şogafur	NOUN
şogani	NOUN
şogayrat	NOUN
şogdor	NOUN
şogird	NOUN
şogirdlik	NOUN
şogiyos	NOUN
şogoyib	NOUN
şogozal	NOUN
şogul	NOUN
şogulom	NOUN
şogş	NOUN
şogşfuruş	NOUN
şogşfuruşlik	NOUN
şoh	NOUN
şohabbos	NOUN
şohabib	NOUN
şohafiz	NOUN
şohakim	NOUN
şohalim	NOUN
şohamdam	NOUN
şohan	NOUN
şohanbu	NOUN
şohanda	NOUN
şohanşoh	NOUN
şohasan	NOUN
şohaydar	NOUN
şohbait	NOUN
şohbayt	NOUN
şohbek	NOUN
şohberdi	NOUN
şohbergan	NOUN
şohbonu	NOUN
şohboy	NOUN
şohboz	NOUN
şohdiyor	NOUN
şohdod	NOUN
şohgado	NOUN
şohi	NOUN
şohibek	NOUN
şohibu	NOUN
şohici	NOUN
şohid	NOUN
şohida	NOUN
şohiddin	NOUN
şohidil	NOUN
şohidlik	NOUN
şohidoy	NOUN
şohidqul	NOUN
şohim	NOUN
şohimardon	NOUN
şohimmat	NOUN
şohin	NOUN
şohina	NOUN
şohinur	NOUN
şohiolam	NOUN
şohir	NOUN
şohisalom	NOUN
şohismoil	NOUN
şohista	NOUN
şohistagul	NOUN
şohisulton	NOUN
şohizinda	NOUN
şohjahon	NOUN
şohkeldi	NOUN
şohlig	NOUN
şohlik	NOUN
şohmalik	NOUN
şohmansur	NOUN
şohmardon	NOUN
şohmir	NOUN
şohmiron	NOUN
şohmirza	NOUN
şohmuhammad	NOUN
şohmurod	NOUN
şohnavoz	NOUN
şohnazar	NOUN
şohniyoz	NOUN
şohnişin	NOUN
şohnoz	NOUN
şohnoza	NOUN
şohnur	NOUN
şoholam	NOUN
şohona	NOUN
şohotam	NOUN
şohparo	NOUN
şohquli	NOUN
şohrasul	NOUN
şohrbonu	NOUN
şohrux	NOUN
şohruz	NOUN
şohruza	NOUN
şohruzaxon	NOUN
şohruzbek	NOUN
şohsanam	NOUN
şohsaodat	NOUN
şohsifat	NOUN
şohsulton	NOUN
şohsupa	NOUN
şohsuvor	NOUN
şohtillo	NOUN
şohtoy	NOUN
şohtut	NOUN
şohusayn	NOUN
şohusmon	NOUN
şohuzoq	NOUN
şohvalad	NOUN
şohvali	NOUN
şohxoja	NOUN
şohyora	NOUN
şohzamon	NOUN
şohzod	NOUN
şohzoda	NOUN
şohzodabegim	NOUN
şoif	NOUN
şoikrom	NOUN
şoilyos	NOUN
şoimom	NOUN
şoinogom	NOUN
şoinom	NOUN
şoinoyat	NOUN
şoiq	NOUN
şoiqa	NOUN
şoir	ADV,NOUN
şoira	NOUN
şoirgul	NOUN
şoirjon	NOUN
şoirlik	NOUN
şoirona	ADV,NOUN
şoishoq	NOUN
şoislom	NOUN
şoismat	NOUN
şoismoil	NOUN
şoisroil	NOUN
şoista	NOUN
şojahon	NOUN
şojalil	NOUN
şojamol	NOUN
şojon	NOUN
şok	NOUN
şokamol	NOUN
şokarim	NOUN
şokeldi	NOUN
şokila	NOUN
şokilador	NOUN
şokilali	NOUN
şokilda	NOUN
şokir	NOUN
şokira	NOUN
şokirali	NOUN
şokolad	NOUN
şokoladli	NOUN
şokolon	NOUN
şokomil	NOUN
şokosa	NOUN
şokuh	NOUN
şol	ADV,NOUN
şolca	NOUN
şolday	ADV
şolgom	NOUN
şoli	NOUN
şolici	NOUN
şolicilik	NOUN
şolikor	NOUN
şolikorlik	NOUN
şolipoya	NOUN
şolp	NOUN,VERB
şolp/illa	VERB
şolp/illat	VERB
şolpar	NOUN
şolpilla	VERB
şolq	VERB
şolqilla	VERB
şolxon	NOUN
şom	NOUN
şomahmud	NOUN
şomamat	NOUN
şomansur	NOUN
şomaqsud	NOUN
şomat	NOUN
şomatmirza	NOUN
şomeli	NOUN
şomi	NOUN
şomiddin	NOUN
şomil	NOUN
şomila	NOUN
şominiso	NOUN
şomirpolat	NOUN
şomirrahmat	NOUN
şomirza	NOUN
şommi	NOUN
şomon	NOUN
şomonlik	NOUN
şompol	NOUN
şompolli	NOUN
şomruq	NOUN
şomuhammad	NOUN
şomuhiddin	NOUN
şomukarram	NOUN
şomullajon	NOUN
şomurod	NOUN
şomurt	NOUN
şomustaqim	NOUN
şomutal	NOUN
şomuxtor	NOUN
şomuzaffar	NOUN
şon	NOUN
şona	NOUN
şonabarg	NOUN
şonafas	NOUN
şonagul	NOUN
şonasim	NOUN
şonaxon	NOUN
şonazar	NOUN
şonemat	NOUN
şongi	VERB
şongit	VERB
şongul	NOUN
şoniso	NOUN
şoniyoz	NOUN
şonur	NOUN
şoobod	NOUN
şoortiq	NOUN
şop	NOUN
şopari	NOUN
şopir	VERB
şopolat	NOUN
şopoşşa	NOUN
şopp	VERB
şoppay	VERB
şopur	NOUN
şoqilic	NOUN
şoqocqor	NOUN
şoqodir	NOUN
şoqosim	NOUN
şoqul	NOUN
şoqurbon	NOUN
şor	ADJ,NOUN,VERB
şor/a	VERB
şor/ala	VERB
şora	NOUN
şorahbar	NOUN
şorahim	NOUN
şorahmat	NOUN
şorajab	NOUN
şorajriq	NOUN
şorak	NOUN
şorariq	NOUN
şorasul	NOUN
şorazor	NOUN
şorci	NOUN
şordanak	NOUN
şorizqi	NOUN
şorkent	NOUN
şorkol	NOUN
şorla	VERB
şorlan	VERB
şorlaş	VERB
şorlik	NOUN
şoro	NOUN
şorob	NOUN
şorozak	NOUN
şorpeşona	ADJ
şorquduq	NOUN
şorsiz	VERB
şorsizla	VERB
şorsizlan	VERB
şorsizlantir	VERB
şorsuv	NOUN
şortan	NOUN
şortumşuq	ADJ
şorustam	NOUN
şorva	NOUN
şorxok	NOUN,VERB
şorxokla	VERB
şorxoklan	VERB
şosafar	NOUN
şosaid	NOUN
şosalim	NOUN
şosalmon	NOUN
şosanam	NOUN
şosobir	NOUN
şosolih	NOUN
şosse	NOUN
şostka	NOUN
şosulton	NOUN
şosupa	NOUN
şosuvor	NOUN
şotara	NOUN
şotemir	NOUN
şotera	NOUN
şoterak	NOUN
şoti	NOUN
şotikapa	NOUN
şotiqapa	NOUN
şotir	NOUN
şotirboy	NOUN
şotland	NOUN
şotlandiya	NOUN
şotlandiyalik	NOUN
şotlandka	NOUN
şotlandlar	NOUN
şotolagan	NOUN
şotora	NOUN
şotur	NOUN
şoturdi	NOUN
şotursun	NOUN
şotut	NOUN
şou	NOUN
şou-biznes	NOUN
şoumar	NOUN
şoumrzoq	NOUN
şousmon	NOUN
şov	NOUN
şov-şuv	IMIT
şova	NOUN
şovahhob	NOUN
şovalad	NOUN
şovali	NOUN
şovgaz	NOUN
şovinist	NOUN
şovinistik	NOUN
şovinistlik	NOUN
şovinizm	NOUN
şovkan	NOUN
şovot	NOUN
şovotarna	NOUN
şovqin	ADJ,NOUN
şovqin-suron	NOUN
şovqinbek	NOUN
şovqinci	NOUN
şovqinli	ADJ
şovqor	NOUN
şovul	ADJ,NOUN,VERB
şovulla	VERB
şovullat	VERB
şovun	NOUN
şovur	VERB
şovurla	VERB
şovurlat	VERB
şovurlaş	VERB
şovuş	NOUN
şovva	NOUN
şovvoz	NOUN
şovvozlik	NOUN
şox	ADJ,NOUN,VERB
şox-şabba	NOUN
şox-şodon	ADJ
şoxalak	NOUN
şoxalil	NOUN
şoxariq	NOUN
şoxberdi	NOUN
şoxboy	NOUN
şoxdor	NOUN
şoxferuz	NOUN
şoxi	NOUN
şoxici	NOUN
şoxid	NOUN
şoxidlik	NOUN
şoxilak	NOUN
şoximardanov	NOUN
şoximardanova	NOUN
şoximardinov	NOUN
şoximardinova	NOUN
şoxislom	NOUN
şoxiya	NOUN
şoxla	VERB
şoxlan	VERB
şoxlat	VERB
şoxlatil	VERB
şoxli	NOUN
şoxliboy	NOUN
şoxliddin	NOUN
şoxlik	NOUN
şoxnişin	NOUN
şoxobca	NOUN
şoxoja	NOUN
şoxol	NOUN
şoxqiz	NOUN
şoxroh	NOUN
şoxron	NOUN
şoxroza	NOUN
şoxrullo	NOUN
şoxrumon	NOUN
şoyad	NOUN
şoyadbek	NOUN
şoyadxon	NOUN
şoyahmad	NOUN
şoyaqub	NOUN
şoybek	NOUN
şoyen	NOUN
şoyi	NOUN
şoyibek	NOUN
şoyibof	NOUN
şoyifuruş	NOUN
şoyigul	NOUN
şoyim	NOUN
şoyimqul	NOUN
şoyimxoja	NOUN
şoyista	NOUN
şoyjon	NOUN
şoymahmud	NOUN
şoymardon	NOUN
şoymat	NOUN
şoymir	NOUN
şoymirza	NOUN
şoymuhammad	NOUN
şoyoldoş	NOUN
şoyonbek	NOUN
şoyoqub	NOUN
şoyqon	NOUN
şoyqul	NOUN
şoyunus	NOUN
şoyusuf	NOUN
şoyuzoq	NOUN
şoyvali	NOUN
şoyxol	NOUN
şoyzoda	NOUN
şozafar	NOUN
şozamon	NOUN
şoziyod	NOUN
şozod	NOUN
şozot	NOUN
şoş	ADJ,ADV,NOUN,VERB
şoşa-pişa	ADV
şoşgir	NOUN
şoşil	ADJ,ADV,VERB
şoşilinc	ADJ,ADV
şoşilinqira	VERB
şoşiliş	VERB
şoşiltir	VERB
şoşiq	NOUN
şoşir	VERB
şoşiriş	VERB
şoşiya	NOUN
şoşqaloq	NOUN,VERB
şoşqaloqla	VERB
şoşqaloqlik	NOUN
şoşqic	NOUN
şoşqin	NOUN
şoşqinlik	NOUN
şoşqinliq	NOUN
şoşqoq	NOUN
şoşqoqlik	NOUN
şoştir	VERB
şoştiril	VERB
şpaklevka	NOUN
şpaklyovka	NOUN
şpal	NOUN
şpanka	NOUN
şpargalka	NOUN
şpat	NOUN
şpatel	NOUN
şpikiv	NOUN
şpilka	NOUN,VERB
şpilkala	VERB
şpilqa	NOUN
şpindel	NOUN
şpion	NOUN
şpionlik	NOUN
şpola	NOUN
şponka	NOUN
şponkali	NOUN
şpor	NOUN
şporli	NOUN
şprits	NOUN
şralnel	NOUN
şramkivka	NOUN
şrift	NOUN
ştab	NOUN
ştamp	NOUN,VERB
ştampla	VERB
ştamplan	VERB
ştampovka	NOUN
ştampovkaci	NOUN
ştanga	NOUN
ştangaci	NOUN
ştangensirkul	NOUN
ştapel	NOUN
ştat	NOUN
ştativ	NOUN
ştatsiz	NOUN
ştempel	NOUN
ştepsel	NOUN
ştik	NOUN
ştikboz	NOUN
ştikbozlik	NOUN
ştiriya	NOUN
ştopor	VERB
ştoporla	VERB
ştorm	NOUN
ştraf	NOUN
ştreykbrexer	NOUN
ştreykbrexerlik	NOUN
ştrix	NOUN,VERB
ştrixla	VERB
ştrixlan	VERB
şturax	NOUN
şturaxan	NOUN
şturaxci	NOUN
şturaxcilik	NOUN
şturm	NOUN
şturman	NOUN
şturmanlik	NOUN
şturmboz	NOUN
şturmbozlik	NOUN
şturmci	NOUN
şturmcilik	NOUN
şturval	NOUN
şturvalci	NOUN
ştutgart	NOUN
şu	ADV,NOUN,PRON
şuaro	NOUN
şuayb	NOUN
şuba	NOUN
şubha	ADJ,NOUN,VERB
şubhaci	NOUN
şubhalan	VERB
şubhalanil	VERB
şubhalaniş	VERB
şubhalantir	VERB
şubhalantiril	VERB
şubhali	ADJ
şubhasiz	NOUN,PRT
şubhasizlik	NOUN
şubxa	NOUN
şud	NOUN
şudgor	NOUN,VERB
şudgorla	VERB
şudgorlan	VERB
şudgorlat	VERB
şudgorlik	NOUN
şudring	NOUN
şudsiz	NOUN
şugullan	VERB
şugullantir	VERB
şuhrat	NOUN,VERB
şuhratla	VERB
şuhratlan	VERB
şuhratoy	NOUN
şuhratparast	NOUN
şuhratparastlik	NOUN
şuhratqul	NOUN
şuhratxon	NOUN
şujo	NOUN
şujoat	NOUN
şuki	NOUN
şukr	NOUN
şukri	NOUN
şukriniso	NOUN
şukriya	NOUN
şukrona	NOUN
şukronalik	NOUN
şukrullo	NOUN
şukufa	NOUN
şukuh	NOUN,VERB
şukuhla	VERB
şukuhlan	VERB
şukur	INTJ,NOUN
şukura	NOUN
şukurali	NOUN
şukurberdi	NOUN
şukurci	NOUN
şukurcilik	NOUN
şukurciyev	NOUN
şukurciyeva	NOUN
şukuriddin	NOUN
şukuriya	NOUN
şukurlik	NOUN
şukurulla	NOUN
şukurxoja	NOUN
şukurxon	NOUN
şul	NOUN
şula	NOUN,VERB
şulala	VERB
şulalan	VERB
şulamit	NOUN
şulon	NOUN
şulq	NOUN
şulxa	NOUN
şum	NOUN
şumacer	NOUN
şumbol	NOUN
şumen	NOUN
şumgiya	NOUN
şumlik	NOUN
şumqadam	ADJ
şumsk	NOUN
şumtol	NOUN
şumşay	NOUN,VERB
şumşayiş	VERB
şumşuk	NOUN,VERB
şumşuklan	VERB
şumşuklik	NOUN
şumşuq	NOUN
şunca	ADV
şuncaki	ADV
şunda	ADV
şunday	ADV,NOUN
şundaylik	NOUN
şuningdek	PRT
şunqor	NOUN
şunqorboy	NOUN
şunt	VERB
şuntla	VERB
şura	NOUN
şurazor	NOUN
şurf	NOUN
şuriş	NOUN
şuro	NOUN
şurov	NOUN
şurova	NOUN
şuru	NOUN
şurup	NOUN
şuur	NOUN
şuursiz	NOUN
şuursizlik	NOUN
şuv	IMIT,NOUN
şuva	NOUN,VERB
şuval	NOUN,VERB
şuvalov	NOUN
şuvalova	NOUN
şuvaran	NOUN
şuvat	NOUN,VERB
şuvattir	VERB
şuvaynikov	NOUN
şuvaynikova	NOUN
şuvoq	NOUN
şuvoqci	NOUN
şuvoqzor	NOUN
şuvul	VERB
şuvulla	VERB
şuvullat	VERB
şuvut	NOUN
şuvutlik	NOUN
şux	NOUN
şuxlik	NOUN
şuyoq	NOUN
şuytib	NOUN
şvartz	NOUN
şvarz	NOUN
şved	NOUN
şvedlar	NOUN
şveitsariya	NOUN
şveitsariyalik	NOUN
şveller	NOUN
şvetsariya	NOUN
şvetsiya	NOUN
şvetsov	NOUN
şvetsova	NOUN
şveysar	NOUN
şveysariya	NOUN
şvid	NOUN
şybbalat	NOUN
ş�hs�n��	NOUN
